accession,accepted,owner,code,shares,price,value,plan
0001679788-26-000109,2026-09-23T20:18:58.000Z,0001668711,S,410.0,0.0,0.0,1.0
0001679788-26-000109,2026-09-23T20:18:58.000Z,0001668711,S,35840.0,0.0,0.0,1.0
0001679788-26-000109,2026-09-23T20:18:58.000Z,0001668711,S,1409.0,0.0,0.0,1.0
0001679788-26-000109,2026-09-23T20:18:58.000Z,0001668711,S,1371.0,0.0,0.0,1.0
0001679788-26-000108,2026-09-23T20:18:39.000Z,0001160077,S,6838.0,205.05,1402131.9000000001,1.0
0001679788-26-000107,2026-09-10T20:17:56.000Z,0001160077,S,13676.0,0.0,0.0,1.0
0001679788-26-000106,2026-09-03T21:31:15.000Z,0001227688,S,900.0,0.0,0.0,1.0
0001679788-26-000106,2026-09-03T21:31:15.000Z,0001227688,S,3397.0,0.0,0.0,1.0
0001679788-26-000106,2026-09-03T21:31:15.000Z,0001227688,S,1403.0,0.0,0.0,1.0
0001679788-26-000106,2026-09-03T21:31:15.000Z,0001227688,S,1183.0,0.0,0.0,1.0
0001679788-26-000106,2026-09-03T21:31:15.000Z,0001227688,S,1317.0,0.0,0.0,1.0
0001679788-26-000106,2026-09-03T21:31:15.000Z,0001227688,S,808.0,0.0,0.0,1.0
0001679788-26-000106,2026-09-03T21:31:15.000Z,0001227688,S,992.0,0.0,0.0,1.0
0001679788-26-000105,2026-09-02T20:18:01.000Z,,-,,,,
0001679788-26-000099,2026-08-26T20:17:19.000Z,0001851432,S,2062.0,188.75,389202.5,1.0
0001679788-26-000097,2026-08-24T20:35:15.000Z,,-,,,,
0001679788-26-000096,2026-08-24T20:34:57.000Z,,-,,,,
0001679788-26-000095,2026-08-24T20:34:25.000Z,,-,,,,
0001679788-26-000094,2026-08-24T20:33:38.000Z,,-,,,,
0001679788-26-000093,2026-08-24T20:29:39.000Z,,-,,,,
0001679788-26-000092,2026-08-18T20:45:22.000Z,,-,,,,
0001679788-26-000091,2026-08-17T21:38:10.000Z,,-,,,,
0001679788-26-000090,2026-08-05T20:17:19.000Z,0001227688,S,646.0,0.0,0.0,1.0
0001679788-26-000090,2026-08-05T20:17:19.000Z,0001227688,S,354.0,0.0,0.0,1.0
0001679788-26-000090,2026-08-05T20:17:19.000Z,0001227688,S,100.0,143.91,14391.0,1.0
0001679788-26-000090,2026-08-05T20:17:19.000Z,0001227688,S,600.0,0.0,0.0,1.0
0001679788-26-000090,2026-08-05T20:17:19.000Z,0001227688,S,1000.0,0.0,0.0,1.0
0001679788-26-000090,2026-08-05T20:17:19.000Z,0001227688,S,800.0,0.0,0.0,1.0
0001679788-26-000090,2026-08-05T20:17:19.000Z,0001227688,S,2200.0,0.0,0.0,1.0
0001679788-26-000090,2026-08-05T20:17:19.000Z,0001227688,S,1800.0,0.0,0.0,1.0
0001679788-26-000090,2026-08-05T20:17:19.000Z,0001227688,S,1202.0,0.0,0.0,1.0
0001679788-26-000090,2026-08-05T20:17:19.000Z,0001227688,S,1298.0,0.0,0.0,1.0
0001679788-26-000090,2026-08-05T20:17:19.000Z,0001227688,S,624.0,0.0,0.0,1.0
0001679788-26-000090,2026-08-05T20:17:19.000Z,0001227688,S,10494.0,0.0,0.0,1.0
0001679788-26-000090,2026-08-05T20:17:19.000Z,0001227688,S,10589.0,0.0,0.0,1.0
0001679788-26-000090,2026-08-05T20:17:19.000Z,0001227688,S,2761.0,0.0,0.0,1.0
0001679788-26-000090,2026-08-05T20:17:19.000Z,0001227688,S,600.0,0.0,0.0,1.0
0001679788-26-000089,2026-07-31T23:35:43.000Z,,-,,,,
0001227688-26-000008,2026-07-06T20:49:08.000Z,0001227688,S,100.0,146.53,14653.0,1.0
0001227688-26-000008,2026-07-06T20:49:08.000Z,0001227688,S,100.0,147.55,14755.000000000002,1.0
0001227688-26-000008,2026-07-06T20:49:08.000Z,0001227688,S,300.0,0.0,0.0,1.0
0001227688-26-000008,2026-07-06T20:49:08.000Z,0001227688,S,300.0,0.0,0.0,1.0
0001227688-26-000008,2026-07-06T20:49:08.000Z,0001227688,S,400.0,0.0,0.0,1.0
0001227688-26-000008,2026-07-06T20:49:08.000Z,0001227688,S,200.0,0.0,0.0,1.0
0001227688-26-000008,2026-07-06T20:49:08.000Z,0001227688,S,300.0,0.0,0.0,1.0
0001227688-26-000008,2026-07-06T20:49:08.000Z,0001227688,S,1100.0,0.0,0.0,1.0
0001227688-26-000008,2026-07-06T20:49:08.000Z,0001227688,S,400.0,0.0,0.0,1.0
0001227688-26-000008,2026-07-06T20:49:08.000Z,0001227688,S,100.0,157.93,15793.0,1.0
0001227688-26-000008,2026-07-06T20:49:08.000Z,0001227688,S,800.0,0.0,0.0,1.0
0001227688-26-000008,2026-07-06T20:49:08.000Z,0001227688,S,2800.0,0.0,0.0,1.0
0001227688-26-000008,2026-07-06T20:49:08.000Z,0001227688,S,1300.0,0.0,0.0,1.0
0001227688-26-000008,2026-07-06T20:49:08.000Z,0001227688,S,1800.0,0.0,0.0,1.0
0001679788-26-000077,2026-06-18T21:13:43.000Z,,-,,,,
0001679788-26-000076,2026-06-18T21:13:11.000Z,,-,,,,
0001679788-26-000073,2026-06-18T21:06:00.000Z,,-,,,,
0001679788-26-000072,2026-06-18T21:02:14.000Z,,-,,,,
0001679788-26-000071,2026-06-18T21:01:28.000Z,,-,,,,
0001679788-26-000070,2026-06-18T20:59:14.000Z,,-,,,,
0001679788-26-000068,2026-06-18T20:51:42.000Z,,-,,,,
0001679788-26-000067,2026-06-18T20:51:12.000Z,,-,,,,
0001679788-26-000066,2026-06-18T20:49:43.000Z,,-,,,,
0001679788-26-000064,2026-06-09T20:29:35.000Z,0001851432,S,2051.0,158.15,324365.65,1.0
0001679788-26-000063,2026-06-03T20:59:02.000Z,0001227688,S,600.0,0.0,0.0,1.0
0001679788-26-000063,2026-06-03T20:59:02.000Z,0001227688,S,1000.0,0.0,0.0,1.0
0001679788-26-000063,2026-06-03T20:59:02.000Z,0001227688,S,1200.0,0.0,0.0,1.0
0001679788-26-000063,2026-06-03T20:59:02.000Z,0001227688,S,600.0,0.0,0.0,1.0
0001679788-26-000063,2026-06-03T20:59:02.000Z,0001227688,S,1491.0,0.0,0.0,1.0
0001679788-26-000063,2026-06-03T20:59:02.000Z,0001227688,S,2309.0,0.0,0.0,1.0
0001679788-26-000063,2026-06-03T20:59:02.000Z,0001227688,S,500.0,0.0,0.0,1.0
0001679788-26-000063,2026-06-03T20:59:02.000Z,0001227688,S,1200.0,0.0,0.0,1.0
0001679788-26-000063,2026-06-03T20:59:02.000Z,0001227688,S,900.0,0.0,0.0,1.0
0001679788-26-000063,2026-06-03T20:59:02.000Z,0001227688,S,200.0,186.17,37234.0,1.0
0001679788-26-000062,2026-05-29T22:12:47.000Z,0001851414,S,321.0,0.0,0.0,1.0
0001679788-26-000062,2026-05-29T22:12:47.000Z,0001851414,S,589.0,0.0,0.0,1.0
0001679788-26-000062,2026-05-29T22:12:47.000Z,0001851414,S,183.0,0.0,0.0,1.0
0001679788-26-000062,2026-05-29T22:12:47.000Z,0001851414,S,454.0,0.0,0.0,1.0
0001679788-26-000062,2026-05-29T22:12:47.000Z,0001851414,S,388.0,0.0,0.0,1.0
0001679788-26-000062,2026-05-29T22:12:47.000Z,0001851414,S,25.0,0.0,0.0,1.0
0001679788-26-000061,2026-05-27T20:15:59.000Z,0001963975,S,1033.0,0.0,0.0,1.0
0001679788-26-000061,2026-05-27T20:15:59.000Z,0001963975,S,500.0,0.0,0.0,1.0
0001679788-26-000061,2026-05-27T20:15:59.000Z,0001963975,S,600.0,0.0,0.0,1.0
0001679788-26-000061,2026-05-27T20:15:59.000Z,0001963975,S,2200.0,0.0,0.0,1.0
0001679788-26-000061,2026-05-27T20:15:59.000Z,0001963975,S,783.0,0.0,0.0,1.0
0001679788-26-000061,2026-05-27T20:15:59.000Z,0001963975,S,300.0,0.0,0.0,1.0
0001679788-26-000061,2026-05-27T20:15:59.000Z,0001963975,S,500.0,0.0,0.0,1.0
0001679788-26-000061,2026-05-27T20:15:59.000Z,0001963975,S,400.0,0.0,0.0,1.0
0001679788-26-000061,2026-05-27T20:15:59.000Z,0001963975,S,300.0,0.0,0.0,1.0
0001679788-26-000060,2026-05-22T20:16:30.000Z,,-,,,,
0001679788-26-000059,2026-05-22T20:15:55.000Z,,-,,,,
0001679788-26-000058,2026-05-22T20:14:59.000Z,,-,,,,
0001679788-26-000057,2026-05-22T20:14:25.000Z,,-,,,,
0001679788-26-000056,2026-05-22T20:14:02.000Z,,-,,,,
0001679788-26-000055,2026-05-19T20:12:19.000Z,0001668711,S,9750.0,205.64,2004989.9999999998,1.0
0001679788-26-000036,2026-04-20T20:29:52.000Z,0001668711,S,10020.0,200.0,2004000.0,1.0
0001679788-26-000032,2026-03-18T20:58:55.000Z,0001668711,S,9900.0,201.59,1995741.0,1.0
0001679788-26-000032,2026-03-18T20:58:55.000Z,0001668711,S,50.0,203.85,10192.5,1.0
0001668711-26-000003,2026-03-06T21:45:06.000Z,0001668711,S,10020.0,200.0,2004000.0,1.0
0001679788-26-000031,2026-03-03T21:21:10.000Z,0001851414,S,80.0,0.0,0.0,1.0
0001679788-26-000031,2026-03-03T21:21:10.000Z,0001851414,S,300.0,0.0,0.0,1.0
0001679788-26-000031,2026-03-03T21:21:10.000Z,0001851414,S,274.0,0.0,0.0,1.0
0001679788-26-000031,2026-03-03T21:21:10.000Z,0001851414,S,380.0,0.0,0.0,1.0
0001679788-26-000031,2026-03-03T21:21:10.000Z,0001851414,S,125.0,0.0,0.0,1.0
0001679788-26-000031,2026-03-03T21:21:10.000Z,0001851414,S,105.0,0.0,0.0,1.0
0001679788-26-000031,2026-03-03T21:21:10.000Z,0001851414,S,50.0,0.0,0.0,1.0
0001679788-26-000030,2026-02-26T21:14:47.000Z,0001851432,S,440.0,0.0,0.0,1.0
0001679788-26-000030,2026-02-26T21:14:47.000Z,0001851432,S,320.0,0.0,0.0,1.0
0001679788-26-000030,2026-02-26T21:14:47.000Z,0001851432,S,302.0,0.0,0.0,1.0
0001679788-26-000030,2026-02-26T21:14:47.000Z,0001851432,S,40.0,156.05,6242.0,1.0
0001679788-26-000029,2026-02-26T21:14:21.000Z,0001963975,S,1680.0,0.0,0.0,1.0
0001679788-26-000029,2026-02-26T21:14:21.000Z,0001963975,S,1840.0,0.0,0.0,1.0
0001679788-26-000029,2026-02-26T21:14:21.000Z,0001963975,S,621.0,0.0,0.0,1.0
0001679788-26-000029,2026-02-26T21:14:21.000Z,0001963975,S,680.0,0.0,0.0,1.0
0001679788-26-000028,2026-02-24T21:56:13.000Z,,-,,,,
0001679788-26-000027,2026-02-24T21:55:52.000Z,,-,,,,
0001679788-26-000026,2026-02-24T21:55:34.000Z,,-,,,,
0001679788-26-000025,2026-02-24T21:55:10.000Z,,-,,,,
0001679788-26-000024,2026-02-24T21:54:08.000Z,,-,,,,
0001679788-26-000023,2026-02-18T21:24:53.000Z,,-,,,,
0001679788-26-000022,2026-02-18T21:24:25.000Z,,-,,,,
0001679788-26-000021,2026-02-18T21:23:18.000Z,,-,,,,
0001679788-26-000020,2026-02-18T21:21:13.000Z,,-,,,,
0001679788-26-000019,2026-02-18T21:20:46.000Z,,-,,,,
0001679788-26-000006,2026-02-10T22:36:30.000Z,0001668711,S,14062.0,0.0,0.0,1.0
0001679788-26-000006,2026-02-10T22:36:30.000Z,0001668711,S,3757.0,0.0,0.0,1.0
0001679788-26-000006,2026-02-10T22:36:30.000Z,0001668711,S,128182.0,0.0,0.0,1.0
0001679788-26-000006,2026-02-10T22:36:30.000Z,0001668711,S,90676.0,0.0,0.0,1.0
0001679788-26-000006,2026-02-10T22:36:30.000Z,0001668711,S,116709.0,0.0,0.0,1.0
0001679788-26-000006,2026-02-10T22:36:30.000Z,0001668711,S,11214.0,0.0,0.0,1.0
0001679788-26-000004,2026-01-16T22:03:37.000Z,0001668711,S,4000.0,0.0,0.0,1.0
0001679788-26-000004,2026-01-16T22:03:37.000Z,0001668711,S,4050.0,250.44,1014282.0,1.0
0001679788-26-000003,2026-01-16T22:03:13.000Z,0001851442,S,2750.0,0.0,0.0,1.0
0001679788-26-000003,2026-01-16T22:03:13.000Z,0001851442,S,1375.0,0.0,0.0,1.0
0001851658-26-000002,2026-01-16T22:00:29.000Z,,-,,,,
0001851658-26-000001,2026-01-13T22:15:05.000Z,,-,,,,
0001851492-26-000001,2026-01-07T21:48:29.000Z,0001851492,S,20790.0,0.0,0.0,1.0
0001851492-26-000001,2026-01-07T21:48:29.000Z,0001851492,S,18923.0,0.0,0.0,1.0
0001851492-26-000001,2026-01-07T21:48:29.000Z,0001851492,S,287.0,0.0,0.0,1.0
0001679788-26-000001,2026-01-07T21:46:57.000Z,0001851442,S,1375.0,0.0,0.0,1.0
0001227688-26-000002,2026-01-06T21:09:26.000Z,0001227688,S,280.0,0.0,0.0,1.0
0001227688-26-000002,2026-01-06T21:09:26.000Z,0001227688,S,440.0,0.0,0.0,1.0
0001227688-26-000002,2026-01-06T21:09:26.000Z,0001227688,S,520.0,0.0,0.0,1.0
0001227688-26-000002,2026-01-06T21:09:26.000Z,0001227688,S,929.0,0.0,0.0,1.0
0001227688-26-000002,2026-01-06T21:09:26.000Z,0001227688,S,495.0,0.0,0.0,1.0
0001227688-26-000002,2026-01-06T21:09:26.000Z,0001227688,S,400.0,0.0,0.0,1.0
0001227688-26-000002,2026-01-06T21:09:26.000Z,0001227688,S,470.0,0.0,0.0,1.0
0001227688-26-000002,2026-01-06T21:09:26.000Z,0001227688,S,241.0,0.0,0.0,1.0
0001227688-26-000002,2026-01-06T21:09:26.000Z,0001227688,S,1000.0,0.0,0.0,1.0
0001227688-26-000002,2026-01-06T21:09:26.000Z,0001227688,S,2505.0,0.0,0.0,1.0
0001227688-26-000002,2026-01-06T21:09:26.000Z,0001227688,S,2560.0,0.0,0.0,1.0
0001227688-26-000002,2026-01-06T21:09:26.000Z,0001227688,S,160.0,0.0,0.0,1.0
0001679788-25-000249,2025-12-23T21:14:42.000Z,0001851492,S,9138.0,0.0,0.0,1.0
0001679788-25-000249,2025-12-23T21:14:42.000Z,0001851492,S,8937.0,0.0,0.0,1.0
0001679788-25-000249,2025-12-23T21:14:42.000Z,0001851492,S,11707.0,0.0,0.0,1.0
0001679788-25-000249,2025-12-23T21:14:42.000Z,0001851492,S,8635.0,0.0,0.0,1.0
0001679788-25-000249,2025-12-23T21:14:42.000Z,0001851492,S,1583.0,0.0,0.0,1.0
0001851442-25-000003,2025-12-22T21:17:16.000Z,0001851442,S,1375.0,0.0,0.0,1.0
0001668711-25-000011,2025-12-17T21:43:52.000Z,0001668711,S,767.0,0.0,0.0,1.0
0001668711-25-000011,2025-12-17T21:43:52.000Z,0001668711,S,1916.0,0.0,0.0,1.0
0001668711-25-000011,2025-12-17T21:43:52.000Z,0001668711,S,2950.0,268.0,790600.0,1.0
0001668711-25-000011,2025-12-17T21:43:52.000Z,0001668711,S,1742.0,268.0,466856.0,1.0
0001679788-25-000244,2025-12-10T21:30:31.000Z,0001851442,S,2750.0,0.0,0.0,1.0
0001679788-25-000243,2025-12-10T21:29:42.000Z,0001851492,S,4660.0,0.0,0.0,1.0
0001679788-25-000243,2025-12-10T21:29:42.000Z,0001851492,S,9978.0,0.0,0.0,1.0
0001679788-25-000243,2025-12-10T21:29:42.000Z,0001851492,S,5213.0,0.0,0.0,1.0
0001679788-25-000243,2025-12-10T21:29:42.000Z,0001851492,S,5902.0,0.0,0.0,1.0
0001679788-25-000243,2025-12-10T21:29:42.000Z,0001851492,S,12474.0,0.0,0.0,1.0
0001679788-25-000243,2025-12-10T21:29:42.000Z,0001851492,S,1773.0,0.0,0.0,1.0
0001679788-25-000242,2025-12-10T21:28:59.000Z,0001851492,S,8049.0,0.0,0.0,1.0
0001679788-25-000242,2025-12-10T21:28:59.000Z,0001851492,S,5575.0,0.0,0.0,1.0
0001679788-25-000242,2025-12-10T21:28:59.000Z,0001851492,S,11047.0,0.0,0.0,1.0
0001679788-25-000242,2025-12-10T21:28:59.000Z,0001851492,S,10235.0,0.0,0.0,1.0
0001679788-25-000242,2025-12-10T21:28:59.000Z,0001851492,S,5094.0,0.0,0.0,1.0
0001679788-25-000241,2025-12-08T21:39:58.000Z,0001851442,S,3410.0,0.0,0.0,1.0
0001679788-25-000241,2025-12-08T21:39:58.000Z,0001851442,S,715.0,0.0,0.0,1.0
0001679788-25-000239,2025-12-03T21:11:20.000Z,0001227688,S,200.0,0.0,0.0,1.0
0001679788-25-000239,2025-12-03T21:11:20.000Z,0001227688,S,230.0,0.0,0.0,1.0
0001679788-25-000239,2025-12-03T21:11:20.000Z,0001227688,S,506.0,0.0,0.0,1.0
0001679788-25-000239,2025-12-03T21:11:20.000Z,0001227688,S,800.0,0.0,0.0,1.0
0001679788-25-000239,2025-12-03T21:11:20.000Z,0001227688,S,1160.0,0.0,0.0,1.0
0001679788-25-000239,2025-12-03T21:11:20.000Z,0001227688,S,1858.0,0.0,0.0,1.0
0001679788-25-000239,2025-12-03T21:11:20.000Z,0001227688,S,2546.0,0.0,0.0,1.0
0001679788-25-000239,2025-12-03T21:11:20.000Z,0001227688,S,735.0,0.0,0.0,1.0
0001679788-25-000239,2025-12-03T21:11:20.000Z,0001227688,S,240.0,0.0,0.0,1.0
0001679788-25-000239,2025-12-03T21:11:20.000Z,0001227688,S,441.0,0.0,0.0,1.0
0001679788-25-000239,2025-12-03T21:11:20.000Z,0001227688,S,564.0,0.0,0.0,1.0
0001679788-25-000239,2025-12-03T21:11:20.000Z,0001227688,S,600.0,0.0,0.0,1.0
0001679788-25-000239,2025-12-03T21:11:20.000Z,0001227688,S,120.0,0.0,0.0,1.0
0001679788-25-000238,2025-12-02T21:22:30.000Z,0001851442,S,566.0,0.0,0.0,1.0
0001679788-25-000238,2025-12-02T21:22:30.000Z,0001851442,S,809.0,0.0,0.0,1.0
0001679788-25-000237,2025-12-01T21:25:02.000Z,0001851414,S,976.0,0.0,0.0,1.0
0001679788-25-000236,2025-11-26T22:20:41.000Z,0001963975,S,1579.0,0.0,0.0,1.0
0001679788-25-000236,2025-11-26T22:20:41.000Z,0001963975,S,80.0,0.0,0.0,1.0
0001679788-25-000236,2025-11-26T22:20:41.000Z,0001963975,S,240.0,0.0,0.0,1.0
0001679788-25-000236,2025-11-26T22:20:41.000Z,0001963975,S,240.0,0.0,0.0,1.0
0001679788-25-000236,2025-11-26T22:20:41.000Z,0001963975,S,41.0,0.0,0.0,1.0
0001679788-25-000236,2025-11-26T22:20:41.000Z,0001963975,S,280.0,0.0,0.0,1.0
0001679788-25-000236,2025-11-26T22:20:41.000Z,0001963975,S,520.0,0.0,0.0,1.0
0001679788-25-000236,2025-11-26T22:20:41.000Z,0001963975,S,760.0,0.0,0.0,1.0
0001679788-25-000236,2025-11-26T22:20:41.000Z,0001963975,S,200.0,0.0,0.0,1.0
0001679788-25-000236,2025-11-26T22:20:41.000Z,0001963975,S,462.0,0.0,0.0,1.0
0001679788-25-000236,2025-11-26T22:20:41.000Z,0001963975,S,639.0,0.0,0.0,1.0
0001679788-25-000236,2025-11-26T22:20:41.000Z,0001963975,S,621.0,0.0,0.0,1.0
0001679788-25-000236,2025-11-26T22:20:41.000Z,0001963975,S,240.0,0.0,0.0,1.0
0001679788-25-000235,2025-11-26T22:19:36.000Z,0001851432,S,1787.0,244.49,436903.63,1.0
0001679788-25-000234,2025-11-26T22:18:18.000Z,0001851414,S,520.0,0.0,0.0,1.0
0001679788-25-000234,2025-11-26T22:18:18.000Z,0001851414,S,715.0,0.0,0.0,1.0
0001679788-25-000234,2025-11-26T22:18:18.000Z,0001851414,S,1352.0,0.0,0.0,1.0
0001679788-25-000234,2025-11-26T22:18:18.000Z,0001851414,S,1747.0,0.0,0.0,1.0
0001679788-25-000234,2025-11-26T22:18:18.000Z,0001851414,S,903.0,0.0,0.0,1.0
0001679788-25-000234,2025-11-26T22:18:18.000Z,0001851414,S,1452.0,0.0,0.0,1.0
0001679788-25-000234,2025-11-26T22:18:18.000Z,0001851414,S,2001.0,0.0,0.0,1.0
0001679788-25-000234,2025-11-26T22:18:18.000Z,0001851414,S,2246.0,0.0,0.0,1.0
0001679788-25-000234,2025-11-26T22:18:18.000Z,0001851414,S,557.0,0.0,0.0,1.0
0001679788-25-000234,2025-11-26T22:18:18.000Z,0001851414,S,462.0,0.0,0.0,1.0
0001679788-25-000233,2025-11-24T21:29:05.000Z,0001851432,S,869.0,259.93,225879.17,1.0
0001679788-25-000232,2025-11-24T21:27:58.000Z,,-,,,,
0001679788-25-000231,2025-11-24T21:27:21.000Z,,-,,,,
0001679788-25-000230,2025-11-24T21:26:47.000Z,,-,,,,
0001679788-25-000229,2025-11-24T21:26:20.000Z,,-,,,,
0001679788-25-000228,2025-11-24T21:25:56.000Z,0001851442,S,2467.0,0.0,0.0,1.0
0001679788-25-000228,2025-11-24T21:25:56.000Z,0001851442,S,283.0,0.0,0.0,1.0
0001679788-25-000223,2025-11-19T21:30:29.000Z,0001668711,S,3250.0,0.0,0.0,1.0
0001679788-25-000223,2025-11-19T21:30:29.000Z,0001668711,S,2250.0,274.78,618254.9999999999,1.0
0001679788-25-000223,2025-11-19T21:30:29.000Z,0001668711,S,1742.0,274.78,478666.75999999995,1.0
0001679788-25-000222,2025-11-19T21:28:30.000Z,0001851492,S,15711.0,0.0,0.0,1.0
0001679788-25-000222,2025-11-19T21:28:30.000Z,0001851492,S,17957.0,0.0,0.0,1.0
0001679788-25-000222,2025-11-19T21:28:30.000Z,0001851492,S,1848.0,0.0,0.0,1.0
0001679788-25-000222,2025-11-19T21:28:30.000Z,0001851492,S,3845.0,0.0,0.0,1.0
0001679788-25-000222,2025-11-19T21:28:30.000Z,0001851492,S,603.0,0.0,0.0,1.0
0001679788-25-000222,2025-11-19T21:28:30.000Z,0001851492,S,36.0,275.91,9932.76,1.0
0001679788-25-000221,2025-11-14T21:35:54.000Z,0001851492,S,11264.0,0.0,0.0,1.0
0001679788-25-000221,2025-11-14T21:35:54.000Z,0001851492,S,9196.0,0.0,0.0,1.0
0001679788-25-000221,2025-11-14T21:35:54.000Z,0001851492,S,1839.0,0.0,0.0,1.0
0001679788-25-000221,2025-11-14T21:35:54.000Z,0001851492,S,553.0,0.0,0.0,1.0
0001679788-25-000221,2025-11-14T21:35:54.000Z,0001851492,S,1532.0,0.0,0.0,1.0
0001679788-25-000221,2025-11-14T21:35:54.000Z,0001851492,S,616.0,0.0,0.0,1.0
0001679788-25-000220,2025-11-13T21:17:33.000Z,0001851442,S,16912.0,0.0,0.0,1.0
0001679788-25-000220,2025-11-13T21:17:33.000Z,0001851442,S,15605.0,0.0,0.0,1.0
0001679788-25-000220,2025-11-13T21:17:33.000Z,0001851442,S,10202.0,0.0,0.0,1.0
0001679788-25-000220,2025-11-13T21:17:33.000Z,0001851442,S,9898.0,0.0,0.0,1.0
0001679788-25-000220,2025-11-13T21:17:33.000Z,0001851442,S,3071.0,0.0,0.0,1.0
0001679788-25-000219,2025-11-13T21:16:54.000Z,0001851658,S,11004.0,0.0,0.0,0.0
0001679788-25-000219,2025-11-13T21:16:54.000Z,0001851658,S,2504.0,0.0,0.0,0.0
0001679788-25-000219,2025-11-13T21:16:54.000Z,0001851658,S,1520.0,0.0,0.0,0.0
0001679788-25-000219,2025-11-13T21:16:54.000Z,0001851658,S,1886.0,0.0,0.0,0.0
0001679788-25-000219,2025-11-13T21:16:54.000Z,0001851658,S,916.0,0.0,0.0,0.0
0001679788-25-000219,2025-11-13T21:16:54.000Z,0001851658,S,4241.0,0.0,0.0,0.0
0001679788-25-000219,2025-11-13T21:16:54.000Z,0001851658,S,5421.0,0.0,0.0,0.0
0001679788-25-000219,2025-11-13T21:16:54.000Z,0001851658,S,28375.0,0.0,0.0,0.0
0001679788-25-000219,2025-11-13T21:16:54.000Z,0001851658,S,29424.0,0.0,0.0,0.0
0001679788-25-000219,2025-11-13T21:16:54.000Z,0001851658,S,8920.0,0.0,0.0,0.0
0001679788-25-000219,2025-11-13T21:16:54.000Z,0001851658,S,4594.0,0.0,0.0,0.0
0001679788-25-000219,2025-11-13T21:16:54.000Z,0001851658,S,955.0,0.0,0.0,0.0
0001679788-25-000219,2025-11-13T21:16:54.000Z,0001851658,S,240.0,0.0,0.0,0.0
0001679788-25-000216,2025-11-10T22:34:58.000Z,0001227688,S,644.0,0.0,0.0,0.0
0001679788-25-000216,2025-11-10T22:34:58.000Z,0001227688,S,1121.0,0.0,0.0,0.0
0001679788-25-000216,2025-11-10T22:34:58.000Z,0001227688,S,960.0,0.0,0.0,0.0
0001679788-25-000216,2025-11-10T22:34:58.000Z,0001227688,S,986.0,0.0,0.0,0.0
0001679788-25-000216,2025-11-10T22:34:58.000Z,0001227688,S,886.0,0.0,0.0,0.0
0001679788-25-000216,2025-11-10T22:34:58.000Z,0001227688,S,1059.0,0.0,0.0,0.0
0001679788-25-000216,2025-11-10T22:34:58.000Z,0001227688,S,1285.0,0.0,0.0,0.0
0001679788-25-000216,2025-11-10T22:34:58.000Z,0001227688,S,520.0,0.0,0.0,0.0
0001679788-25-000216,2025-11-10T22:34:58.000Z,0001227688,S,240.0,0.0,0.0,0.0
0001679788-25-000216,2025-11-10T22:34:58.000Z,0001227688,S,284.0,0.0,0.0,0.0
0001679788-25-000216,2025-11-10T22:34:58.000Z,0001227688,S,455.0,0.0,0.0,0.0
0001679788-25-000216,2025-11-10T22:34:58.000Z,0001227688,S,240.0,0.0,0.0,0.0
0001679788-25-000216,2025-11-10T22:34:58.000Z,0001227688,S,320.0,0.0,0.0,0.0
0001679788-25-000216,2025-11-10T22:34:58.000Z,0001227688,S,360.0,0.0,0.0,0.0
0001679788-25-000216,2025-11-10T22:34:58.000Z,0001227688,S,360.0,0.0,0.0,0.0
0001679788-25-000216,2025-11-10T22:34:58.000Z,0001227688,S,280.0,0.0,0.0,0.0
0001679788-25-000210,2025-11-10T21:12:41.000Z,0001851442,S,37342.0,0.0,0.0,1.0
0001679788-25-000210,2025-11-10T21:12:41.000Z,0001851442,S,26889.0,0.0,0.0,1.0
0001679788-25-000210,2025-11-10T21:12:41.000Z,0001851442,S,67663.0,0.0,0.0,1.0
0001679788-25-000210,2025-11-10T21:12:41.000Z,0001851442,S,43221.0,0.0,0.0,1.0
0001679788-25-000210,2025-11-10T21:12:41.000Z,0001851442,S,40072.0,0.0,0.0,1.0
0001679788-25-000210,2025-11-10T21:12:41.000Z,0001851442,S,35288.0,0.0,0.0,1.0
0001679788-25-000210,2025-11-10T21:12:41.000Z,0001851442,S,11644.0,0.0,0.0,1.0
0001679788-25-000210,2025-11-10T21:12:41.000Z,0001851442,S,7481.0,0.0,0.0,1.0
0001679788-25-000210,2025-11-10T21:12:41.000Z,0001851442,S,4978.0,0.0,0.0,1.0
0001679788-25-000210,2025-11-10T21:12:41.000Z,0001851442,S,2496.0,0.0,0.0,1.0
0001679788-25-000210,2025-11-10T21:12:41.000Z,0001851442,S,1303.0,0.0,0.0,1.0
0001679788-25-000210,2025-11-10T21:12:41.000Z,0001851442,S,3178.0,0.0,0.0,1.0
0001679788-25-000210,2025-11-10T21:12:41.000Z,0001851442,S,5756.0,0.0,0.0,1.0
0001679788-25-000210,2025-11-10T21:12:41.000Z,0001851442,S,4887.0,0.0,0.0,1.0
0001679788-25-000210,2025-11-10T21:12:41.000Z,0001851442,S,2576.0,0.0,0.0,1.0
0001679788-25-000210,2025-11-10T21:12:41.000Z,0001851442,S,2187.0,0.0,0.0,1.0
0001679788-25-000210,2025-11-10T21:12:41.000Z,0001851442,S,40.0,291.76,11670.4,1.0
0001679788-25-000209,2025-11-05T22:05:14.000Z,0001851492,S,4524.0,0.0,0.0,1.0
0001679788-25-000209,2025-11-05T22:05:14.000Z,0001851492,S,4301.0,0.0,0.0,1.0
0001679788-25-000209,2025-11-05T22:05:14.000Z,0001851492,S,5424.0,0.0,0.0,1.0
0001679788-25-000209,2025-11-05T22:05:14.000Z,0001851492,S,5080.0,0.0,0.0,1.0
0001679788-25-000209,2025-11-05T22:05:14.000Z,0001851492,S,2600.0,0.0,0.0,1.0
0001679788-25-000209,2025-11-05T22:05:14.000Z,0001851492,S,3071.0,0.0,0.0,1.0
0001679788-25-000201,2025-10-17T20:20:50.000Z,0001668711,S,2150.0,0.0,0.0,1.0
0001679788-25-000201,2025-10-17T20:20:50.000Z,0001668711,S,2250.0,345.42,777195.0,1.0
0001679788-25-000201,2025-10-17T20:20:50.000Z,0001668711,S,1742.0,345.42,601721.64,1.0
0001679788-25-000200,2025-10-15T20:13:12.000Z,0001851492,S,2755.0,0.0,0.0,1.0
0001679788-25-000200,2025-10-15T20:13:12.000Z,0001851492,S,6433.0,0.0,0.0,1.0
0001679788-25-000200,2025-10-15T20:13:12.000Z,0001851492,S,8724.0,0.0,0.0,1.0
0001679788-25-000200,2025-10-15T20:13:12.000Z,0001851492,S,5754.0,0.0,0.0,1.0
0001679788-25-000200,2025-10-15T20:13:12.000Z,0001851492,S,1173.0,0.0,0.0,1.0
0001679788-25-000200,2025-10-15T20:13:12.000Z,0001851492,S,161.0,0.0,0.0,1.0
0001679788-25-000199,2025-10-06T20:56:10.000Z,0001851492,S,3849.0,0.0,0.0,1.0
0001679788-25-000199,2025-10-06T20:56:10.000Z,0001851492,S,5274.0,0.0,0.0,1.0
0001679788-25-000199,2025-10-06T20:56:10.000Z,0001851492,S,13729.0,0.0,0.0,1.0
0001679788-25-000199,2025-10-06T20:56:10.000Z,0001851492,S,2148.0,0.0,0.0,1.0
0001679788-25-000198,2025-10-03T20:21:01.000Z,0001851414,S,132.0,0.0,0.0,1.0
0001679788-25-000198,2025-10-03T20:21:01.000Z,0001851414,S,668.0,0.0,0.0,1.0
0001679788-25-000198,2025-10-03T20:21:01.000Z,0001851414,S,1165.0,0.0,0.0,1.0
0001679788-25-000198,2025-10-03T20:21:01.000Z,0001851414,S,981.0,0.0,0.0,1.0
0001679788-25-000198,2025-10-03T20:21:01.000Z,0001851414,S,1735.0,0.0,0.0,1.0
0001679788-25-000198,2025-10-03T20:21:01.000Z,0001851414,S,2313.0,0.0,0.0,1.0
0001679788-25-000198,2025-10-03T20:21:01.000Z,0001851414,S,1342.0,0.0,0.0,1.0
0001679788-25-000198,2025-10-03T20:21:01.000Z,0001851414,S,1263.0,0.0,0.0,1.0
0001679788-25-000198,2025-10-03T20:21:01.000Z,0001851414,S,401.0,0.0,0.0,1.0
0001679788-25-000197,2025-09-17T21:00:42.000Z,0001668711,S,4600.0,322.22,1482212.0000000002,1.0
0001679788-25-000197,2025-09-17T21:00:42.000Z,0001668711,S,75.0,0.0,0.0,1.0
0001679788-25-000197,2025-09-17T21:00:42.000Z,0001668711,S,1742.0,322.22,561307.24,1.0
0001679788-25-000195,2025-09-17T20:58:54.000Z,0001851492,S,6523.0,0.0,0.0,1.0
0001679788-25-000195,2025-09-17T20:58:54.000Z,0001851492,S,11022.0,0.0,0.0,1.0
0001679788-25-000195,2025-09-17T20:58:54.000Z,0001851492,S,7455.0,0.0,0.0,1.0
0001679788-25-000193,2025-09-08T20:21:10.000Z,0001851492,S,12643.0,0.0,0.0,1.0
0001679788-25-000193,2025-09-08T20:21:10.000Z,0001851492,S,6474.0,0.0,0.0,1.0
0001679788-25-000193,2025-09-08T20:21:10.000Z,0001851492,S,5883.0,0.0,0.0,1.0
0001679788-25-000192,2025-09-04T21:17:53.000Z,0001851414,S,236.0,0.0,0.0,1.0
0001679788-25-000192,2025-09-04T21:17:53.000Z,0001851414,S,107.0,0.0,0.0,1.0
0001679788-25-000192,2025-09-04T21:17:53.000Z,0001851414,S,200.0,0.0,0.0,1.0
0001679788-25-000192,2025-09-04T21:17:53.000Z,0001851414,S,370.0,0.0,0.0,1.0
0001679788-25-000192,2025-09-04T21:17:53.000Z,0001851414,S,703.0,0.0,0.0,1.0
0001679788-25-000192,2025-09-04T21:17:53.000Z,0001851414,S,2326.0,0.0,0.0,1.0
0001679788-25-000192,2025-09-04T21:17:53.000Z,0001851414,S,2187.0,0.0,0.0,1.0
0001679788-25-000192,2025-09-04T21:17:53.000Z,0001851414,S,820.0,0.0,0.0,1.0
0001679788-25-000192,2025-09-04T21:17:53.000Z,0001851414,S,1127.0,0.0,0.0,1.0
0001679788-25-000192,2025-09-04T21:17:53.000Z,0001851414,S,812.0,0.0,0.0,1.0
0001679788-25-000192,2025-09-04T21:17:53.000Z,0001851414,S,999.0,0.0,0.0,1.0
0001679788-25-000192,2025-09-04T21:17:53.000Z,0001851414,S,113.0,309.8,35007.4,1.0
0001415889-25-023122,2025-08-27T20:18:32.000Z,0001851414,S,571.0,0.0,0.0,1.0
0001415889-25-023122,2025-08-27T20:18:32.000Z,0001851414,S,2069.0,0.0,0.0,1.0
0001415889-25-023122,2025-08-27T20:18:32.000Z,0001851414,S,3139.0,0.0,0.0,1.0
0001415889-25-023122,2025-08-27T20:18:32.000Z,0001851414,S,2368.0,0.0,0.0,1.0
0001415889-25-023122,2025-08-27T20:18:32.000Z,0001851414,S,1732.0,0.0,0.0,1.0
0001415889-25-023122,2025-08-27T20:18:32.000Z,0001851414,S,2157.0,0.0,0.0,1.0
0001415889-25-023122,2025-08-27T20:18:32.000Z,0001851414,S,1015.0,0.0,0.0,1.0
0001415889-25-023122,2025-08-27T20:18:32.000Z,0001851414,S,2012.0,0.0,0.0,1.0
0001415889-25-023122,2025-08-27T20:18:32.000Z,0001851414,S,376.0,0.0,0.0,1.0
0001415889-25-023040,2025-08-26T21:08:30.000Z,0001963975,S,500.0,0.0,0.0,1.0
0001415889-25-023040,2025-08-26T21:08:30.000Z,0001963975,S,1839.0,0.0,0.0,1.0
0001415889-25-023040,2025-08-26T21:08:30.000Z,0001963975,S,100.0,301.78,30177.999999999996,1.0
0001415889-25-023040,2025-08-26T21:08:30.000Z,0001963975,S,100.0,309.19,30919.0,1.0
0001415889-25-023040,2025-08-26T21:08:30.000Z,0001963975,S,100.0,311.61,31161.0,1.0
0001415889-25-023040,2025-08-26T21:08:30.000Z,0001963975,S,200.0,0.0,0.0,1.0
0001415889-25-023040,2025-08-26T21:08:30.000Z,0001963975,S,100.0,316.28,31627.999999999996,1.0
0001415889-25-023040,2025-08-26T21:08:30.000Z,0001963975,S,700.0,0.0,0.0,1.0
0001415889-25-023040,2025-08-26T21:08:30.000Z,0001963975,S,1071.0,0.0,0.0,1.0
0001415889-25-023040,2025-08-26T21:08:30.000Z,0001963975,S,1193.0,0.0,0.0,1.0
0001415889-25-023037,2025-08-26T21:03:16.000Z,0001851432,S,1756.0,300.52,527713.12,1.0
0001679788-25-000191,2025-08-22T20:14:59.000Z,,-,,,,
0001679788-25-000190,2025-08-22T20:14:02.000Z,,-,,,,
0001679788-25-000189,2025-08-22T20:13:23.000Z,,-,,,,
0001679788-25-000188,2025-08-22T20:12:02.000Z,,-,,,,
0001679788-25-000187,2025-08-22T20:10:34.000Z,,-,,,,
0001679788-25-000186,2025-08-22T20:09:03.000Z,,-,,,,
0001679788-25-000185,2025-08-22T20:06:50.000Z,,-,,,,
0001679788-25-000184,2025-08-22T20:06:00.000Z,0001851432,S,869.0,304.74,264819.06,1.0
0001679788-25-000183,2025-08-19T20:13:02.000Z,0001668711,S,660.0,0.0,0.0,1.0
0001679788-25-000183,2025-08-19T20:13:02.000Z,0001668711,S,4000.0,322.88,1291520.0,1.0
0001679788-25-000183,2025-08-19T20:13:02.000Z,0001668711,S,1741.0,322.88,562134.08,1.0
0001679788-25-000174,2025-08-14T20:20:53.000Z,0001851492,S,5706.0,0.0,0.0,1.0
0001679788-25-000174,2025-08-14T20:20:53.000Z,0001851492,S,3401.0,0.0,0.0,1.0
0001679788-25-000174,2025-08-14T20:20:53.000Z,0001851492,S,7906.0,0.0,0.0,1.0
0001679788-25-000174,2025-08-14T20:20:53.000Z,0001851492,S,5897.0,0.0,0.0,1.0
0001679788-25-000174,2025-08-14T20:20:53.000Z,0001851492,S,1487.0,0.0,0.0,1.0
0001679788-25-000174,2025-08-14T20:20:53.000Z,0001851492,S,603.0,0.0,0.0,1.0
0001679788-25-000168,2025-08-06T20:16:03.000Z,0001851492,S,3794.0,0.0,0.0,1.0
0001679788-25-000168,2025-08-06T20:16:03.000Z,0001851492,S,5413.0,0.0,0.0,1.0
0001679788-25-000168,2025-08-06T20:16:03.000Z,0001851492,S,9991.0,0.0,0.0,1.0
0001679788-25-000168,2025-08-06T20:16:03.000Z,0001851492,S,2185.0,0.0,0.0,1.0
0001679788-25-000168,2025-08-06T20:16:03.000Z,0001851492,S,3498.0,0.0,0.0,1.0
0001679788-25-000168,2025-08-06T20:16:03.000Z,0001851492,S,119.0,0.0,0.0,1.0
0001679788-25-000145,2025-07-17T20:18:24.000Z,0001851492,S,57476.0,0.0,0.0,1.0
0001679788-25-000145,2025-07-17T20:18:24.000Z,0001851492,S,44199.0,0.0,0.0,1.0
0001679788-25-000145,2025-07-17T20:18:24.000Z,0001851492,S,25517.0,0.0,0.0,1.0
0001679788-25-000145,2025-07-17T20:18:24.000Z,0001851492,S,20027.0,0.0,0.0,1.0
0001679788-25-000145,2025-07-17T20:18:24.000Z,0001851492,S,27862.0,0.0,0.0,1.0
0001679788-25-000145,2025-07-17T20:18:24.000Z,0001851492,S,8425.0,0.0,0.0,1.0
0001679788-25-000145,2025-07-17T20:18:24.000Z,0001851492,S,28707.0,0.0,0.0,1.0
0001679788-25-000145,2025-07-17T20:18:24.000Z,0001851492,S,36305.0,0.0,0.0,1.0
0001679788-25-000145,2025-07-17T20:18:24.000Z,0001851492,S,44818.0,0.0,0.0,1.0
0001679788-25-000145,2025-07-17T20:18:24.000Z,0001851492,S,34177.0,0.0,0.0,1.0
0001679788-25-000145,2025-07-17T20:18:24.000Z,0001851492,S,34849.0,0.0,0.0,1.0
0001679788-25-000145,2025-07-17T20:18:24.000Z,0001851492,S,14799.0,0.0,0.0,1.0
0001679788-25-000145,2025-07-17T20:18:24.000Z,0001851492,S,4645.0,0.0,0.0,1.0
0001679788-25-000144,2025-07-17T20:16:50.000Z,0001668711,S,130.0,390.0,50700.0,1.0
0001679788-25-000144,2025-07-17T20:16:50.000Z,0001668711,S,3700.0,391.09,1447033.0,1.0
0001679788-25-000144,2025-07-17T20:16:50.000Z,0001668711,S,5.0,0.0,0.0,1.0
0001679788-25-000144,2025-07-17T20:16:50.000Z,0001668711,S,2.0,393.74,787.48,1.0
0001679788-25-000144,2025-07-17T20:16:50.000Z,0001668711,S,1741.0,391.09,680887.69,1.0
0001679788-25-000143,2025-07-15T20:22:05.000Z,0001851492,S,8434.0,0.0,0.0,1.0
0001679788-25-000143,2025-07-15T20:22:05.000Z,0001851492,S,14499.0,0.0,0.0,1.0
0001679788-25-000143,2025-07-15T20:22:05.000Z,0001851492,S,2067.0,0.0,0.0,1.0
0001679788-25-000143,2025-07-15T20:22:05.000Z,0001851492,S,2751.0,0.0,0.0,1.0
0001679788-25-000143,2025-07-15T20:22:05.000Z,0001851492,S,113591.0,0.0,0.0,1.0
0001679788-25-000143,2025-07-15T20:22:05.000Z,0001851492,S,33199.0,0.0,0.0,1.0
0001679788-25-000143,2025-07-15T20:22:05.000Z,0001851492,S,18064.0,0.0,0.0,1.0
0001679788-25-000143,2025-07-15T20:22:05.000Z,0001851492,S,589.0,0.0,0.0,1.0
0001679788-25-000142,2025-07-03T17:33:36.000Z,0001851492,S,17729.0,0.0,0.0,1.0
0001679788-25-000142,2025-07-03T17:33:36.000Z,0001851492,S,6313.0,0.0,0.0,1.0
0001679788-25-000142,2025-07-03T17:33:36.000Z,0001851492,S,958.0,0.0,0.0,1.0
0001679788-25-000141,2025-07-03T17:32:58.000Z,0001851414,S,500.0,0.0,0.0,1.0
0001679788-25-000141,2025-07-03T17:32:58.000Z,0001851414,S,700.0,0.0,0.0,1.0
0001679788-25-000141,2025-07-03T17:32:58.000Z,0001851414,S,1500.0,0.0,0.0,1.0
0001679788-25-000141,2025-07-03T17:32:58.000Z,0001851414,S,700.0,0.0,0.0,1.0
0001679788-25-000141,2025-07-03T17:32:58.000Z,0001851414,S,100.0,343.88,34388.0,1.0
0001679788-25-000141,2025-07-03T17:32:58.000Z,0001851414,S,400.0,0.0,0.0,1.0
0001679788-25-000141,2025-07-03T17:32:58.000Z,0001851414,S,600.0,0.0,0.0,1.0
0001679788-25-000141,2025-07-03T17:32:58.000Z,0001851414,S,700.0,0.0,0.0,1.0
0001679788-25-000141,2025-07-03T17:32:58.000Z,0001851414,S,480.0,0.0,0.0,1.0
0001679788-25-000141,2025-07-03T17:32:58.000Z,0001851414,S,220.0,0.0,0.0,1.0
0001679788-25-000141,2025-07-03T17:32:58.000Z,0001851414,S,800.0,0.0,0.0,1.0
0001679788-25-000141,2025-07-03T17:32:58.000Z,0001851414,S,400.0,0.0,0.0,1.0
0001679788-25-000141,2025-07-03T17:32:58.000Z,0001851414,S,1500.0,0.0,0.0,1.0
0001679788-25-000141,2025-07-03T17:32:58.000Z,0001851414,S,1100.0,0.0,0.0,1.0
0001679788-25-000141,2025-07-03T17:32:58.000Z,0001851414,S,300.0,0.0,0.0,1.0
0001679788-25-000140,2025-06-27T20:12:42.000Z,0001668711,S,3000.0,360.2,1080600.0,1.0
0001679788-25-000139,2025-06-27T20:12:00.000Z,0001851492,S,72111.0,0.0,0.0,1.0
0001679788-25-000139,2025-06-27T20:12:00.000Z,0001851492,S,31501.0,0.0,0.0,1.0
0001679788-25-000139,2025-06-27T20:12:00.000Z,0001851492,S,19007.0,0.0,0.0,1.0
0001679788-25-000139,2025-06-27T20:12:00.000Z,0001851492,S,34505.0,0.0,0.0,1.0
0001679788-25-000139,2025-06-27T20:12:00.000Z,0001851492,S,31230.0,0.0,0.0,1.0
0001679788-25-000139,2025-06-27T20:12:00.000Z,0001851492,S,19534.0,0.0,0.0,1.0
0001679788-25-000139,2025-06-27T20:12:00.000Z,0001851492,S,23451.0,0.0,0.0,1.0
0001679788-25-000139,2025-06-27T20:12:00.000Z,0001851492,S,36496.0,0.0,0.0,1.0
0001679788-25-000139,2025-06-27T20:12:00.000Z,0001851492,S,23614.0,0.0,0.0,1.0
0001679788-25-000139,2025-06-27T20:12:00.000Z,0001851492,S,25931.0,0.0,0.0,1.0
0001679788-25-000139,2025-06-27T20:12:00.000Z,0001851492,S,18040.0,0.0,0.0,1.0
0001679788-25-000139,2025-06-27T20:12:00.000Z,0001851492,S,845.0,0.0,0.0,1.0
0001679788-25-000139,2025-06-27T20:12:00.000Z,0001851492,S,2585.0,0.0,0.0,1.0
0001679788-25-000139,2025-06-27T20:12:00.000Z,0001851492,S,5965.0,0.0,0.0,1.0
0001679788-25-000139,2025-06-27T20:12:00.000Z,0001851492,S,5456.0,0.0,0.0,1.0
0001679788-25-000139,2025-06-27T20:12:00.000Z,0001851492,S,10088.0,0.0,0.0,1.0
0001679788-25-000139,2025-06-27T20:12:00.000Z,0001851492,S,20177.0,0.0,0.0,1.0
0001679788-25-000139,2025-06-27T20:12:00.000Z,0001851492,S,28185.0,0.0,0.0,1.0
0001679788-25-000139,2025-06-27T20:12:00.000Z,0001851492,S,28453.0,0.0,0.0,1.0
0001679788-25-000139,2025-06-27T20:12:00.000Z,0001851492,S,10417.0,0.0,0.0,1.0
0001679788-25-000139,2025-06-27T20:12:00.000Z,0001851492,S,2409.0,0.0,0.0,1.0
0001679788-25-000135,2025-06-23T20:21:49.000Z,,-,,,,
0001679788-25-000134,2025-06-23T20:21:09.000Z,,-,,,,
0001679788-25-000133,2025-06-23T20:19:57.000Z,,-,,,,
0001679788-25-000132,2025-06-23T20:19:03.000Z,,-,,,,
0001679788-25-000131,2025-06-23T20:18:12.000Z,,-,,,,
0001679788-25-000130,2025-06-23T20:17:00.000Z,,-,,,,
0001679788-25-000129,2025-06-23T20:15:58.000Z,,-,,,,
0001679788-25-000128,2025-06-23T20:14:50.000Z,,-,,,,
0001679788-25-000127,2025-06-23T20:13:24.000Z,0001851414,S,1952.0,0.0,0.0,1.0
0001679788-25-000126,2025-06-18T21:03:27.000Z,0001668711,S,6080.0,0.0,0.0,1.0
0001679788-25-000126,2025-06-18T21:03:27.000Z,0001668711,S,1741.0,247.5,430897.5,1.0
0001679788-25-000125,2025-06-17T20:55:01.000Z,,-,,,,
0001679788-25-000124,2025-06-17T20:54:10.000Z,,-,,,,
0001679788-25-000123,2025-06-17T20:53:11.000Z,,-,,,,
0001679788-25-000122,2025-06-17T20:52:29.000Z,,-,,,,
0001679788-25-000121,2025-06-17T20:51:49.000Z,,-,,,,
0001679788-25-000112,2025-06-13T20:24:15.000Z,0001851492,S,11717.0,0.0,0.0,1.0
0001679788-25-000112,2025-06-13T20:24:15.000Z,0001851492,S,11904.0,0.0,0.0,1.0
0001679788-25-000112,2025-06-13T20:24:15.000Z,0001851492,S,1379.0,0.0,0.0,1.0
0001679788-25-000111,2025-06-03T20:08:12.000Z,0001851414,S,286.0,0.0,0.0,1.0
0001679788-25-000111,2025-06-03T20:08:12.000Z,0001851414,S,5071.0,0.0,0.0,1.0
0001679788-25-000111,2025-06-03T20:08:12.000Z,0001851414,S,2343.0,0.0,0.0,1.0
0001679788-25-000111,2025-06-03T20:08:12.000Z,0001851414,S,1600.0,0.0,0.0,1.0
0001679788-25-000111,2025-06-03T20:08:12.000Z,0001851414,S,600.0,0.0,0.0,1.0
0001679788-25-000111,2025-06-03T20:08:12.000Z,0001851414,S,100.0,249.41,24941.0,1.0
0001679788-25-000110,2025-06-03T20:07:26.000Z,0001851492,S,22089.0,0.0,0.0,1.0
0001679788-25-000110,2025-06-03T20:07:26.000Z,0001851492,S,2911.0,0.0,0.0,1.0
0001679788-25-000109,2025-05-29T20:11:23.000Z,0001851414,S,827.0,0.0,0.0,1.0
0001679788-25-000109,2025-05-29T20:11:23.000Z,0001851414,S,3907.0,0.0,0.0,1.0
0001679788-25-000109,2025-05-29T20:11:23.000Z,0001851414,S,6248.0,0.0,0.0,1.0
0001679788-25-000109,2025-05-29T20:11:23.000Z,0001851414,S,1772.0,0.0,0.0,1.0
0001679788-25-000109,2025-05-29T20:11:23.000Z,0001851414,S,177.0,0.0,0.0,1.0
0001679788-25-000108,2025-05-27T20:28:00.000Z,0001963975,S,700.0,0.0,0.0,1.0
0001679788-25-000108,2025-05-27T20:28:00.000Z,0001963975,S,1100.0,0.0,0.0,1.0
0001679788-25-000108,2025-05-27T20:28:00.000Z,0001963975,S,900.0,0.0,0.0,1.0
0001679788-25-000108,2025-05-27T20:28:00.000Z,0001963975,S,822.0,0.0,0.0,1.0
0001679788-25-000108,2025-05-27T20:28:00.000Z,0001963975,S,900.0,0.0,0.0,1.0
0001679788-25-000108,2025-05-27T20:28:00.000Z,0001963975,S,712.0,0.0,0.0,1.0
0001679788-25-000108,2025-05-27T20:28:00.000Z,0001963975,S,300.0,0.0,0.0,1.0
0001679788-25-000108,2025-05-27T20:28:00.000Z,0001963975,S,300.0,0.0,0.0,1.0
0001679788-25-000108,2025-05-27T20:28:00.000Z,0001963975,S,168.0,0.0,0.0,1.0
0001679788-25-000107,2025-05-27T20:27:09.000Z,0001851432,S,300.0,0.0,0.0,1.0
0001679788-25-000107,2025-05-27T20:27:09.000Z,0001851432,S,764.0,0.0,0.0,1.0
0001679788-25-000107,2025-05-27T20:27:09.000Z,0001851432,S,300.0,0.0,0.0,1.0
0001679788-25-000107,2025-05-27T20:27:09.000Z,0001851432,S,100.0,268.99,26899.0,1.0
0001679788-25-000107,2025-05-27T20:27:09.000Z,0001851432,S,151.0,0.0,0.0,1.0
0001679788-25-000107,2025-05-27T20:27:09.000Z,0001851432,S,100.0,274.26,27426.0,1.0
0001679788-25-000106,2025-05-27T20:26:01.000Z,0001851442,S,8367.0,0.0,0.0,1.0
0001679788-25-000105,2025-05-22T20:12:50.000Z,0001851442,S,4723.0,0.0,0.0,1.0
0001679788-25-000104,2025-05-22T20:12:02.000Z,,-,,,,
0001679788-25-000103,2025-05-22T20:11:06.000Z,,-,,,,
0001679788-25-000102,2025-05-22T20:10:17.000Z,,-,,,,
0001679788-25-000101,2025-05-22T20:09:24.000Z,,-,,,,
0001679788-25-000100,2025-05-22T20:08:24.000Z,0001851432,S,869.0,264.54,229885.26,1.0
0001679788-25-000099,2025-05-20T20:33:14.000Z,0001851442,S,9752.0,0.0,0.0,1.0
0001679788-25-000098,2025-05-19T20:27:56.000Z,0001668711,S,20.0,252.2,5044.0,1.0
0001679788-25-000098,2025-05-19T20:27:56.000Z,0001668711,S,5850.0,0.0,0.0,1.0
0001679788-25-000098,2025-05-19T20:27:56.000Z,0001668711,S,1741.0,255.97,445643.77,1.0
0001679788-25-000097,2025-05-16T20:19:29.000Z,0001851492,S,17099.0,0.0,0.0,1.0
0001679788-25-000097,2025-05-16T20:19:29.000Z,0001851492,S,3864.0,0.0,0.0,1.0
0001679788-25-000097,2025-05-16T20:19:29.000Z,0001851492,S,4037.0,0.0,0.0,1.0
0001679788-25-000096,2025-05-15T20:29:02.000Z,0001851442,S,22842.0,0.0,0.0,1.0
0001679788-25-000096,2025-05-15T20:29:02.000Z,0001851442,S,7325.0,0.0,0.0,1.0
0001679788-25-000096,2025-05-15T20:29:02.000Z,0001851442,S,7028.0,0.0,0.0,1.0
0001679788-25-000096,2025-05-15T20:29:02.000Z,0001851442,S,8489.0,0.0,0.0,1.0
0001679788-25-000095,2025-05-15T20:27:24.000Z,0001851414,S,976.0,0.0,0.0,1.0
0001679788-25-000095,2025-05-15T20:27:24.000Z,0001851414,S,976.0,0.0,0.0,1.0
0001415889-25-012236,2025-05-07T20:21:24.000Z,0001851492,S,15851.0,0.0,0.0,1.0
0001415889-25-012236,2025-05-07T20:21:24.000Z,0001851492,S,9149.0,0.0,0.0,1.0
0001679788-25-000068,2025-04-25T20:05:53.000Z,0001851414,S,7405.0,0.0,0.0,1.0
0001679788-25-000068,2025-04-25T20:05:53.000Z,0001851414,S,2595.0,0.0,0.0,1.0
0001679788-25-000067,2025-04-25T20:05:07.000Z,0001668711,S,7575.0,200.0,1515000.0,1.0
0001679788-25-000067,2025-04-25T20:05:07.000Z,0001668711,S,1741.0,200.0,348200.0,1.0
0001679788-25-000066,2025-04-25T20:04:13.000Z,0001851492,S,19176.0,0.0,0.0,1.0
0001679788-25-000066,2025-04-25T20:04:13.000Z,0001851492,S,824.0,0.0,0.0,1.0
0001679788-25-000053,2025-04-16T20:32:23.000Z,0001851492,S,8906.0,0.0,0.0,1.0
0001679788-25-000053,2025-04-16T20:32:23.000Z,0001851492,S,3037.0,0.0,0.0,1.0
0001679788-25-000053,2025-04-16T20:32:23.000Z,0001851492,S,3057.0,0.0,0.0,1.0
0001679788-25-000052,2025-04-07T20:18:42.000Z,0001851492,S,9135.0,0.0,0.0,1.0
0001679788-25-000052,2025-04-07T20:18:42.000Z,0001851492,S,5831.0,0.0,0.0,1.0
0001679788-25-000052,2025-04-07T20:18:42.000Z,0001851492,S,34.0,169.645,5767.93,1.0
0001679788-25-000051,2025-03-26T20:11:50.000Z,0001668711,S,7575.0,200.0,1515000.0,1.0
0001679788-25-000051,2025-03-26T20:11:50.000Z,0001668711,S,1741.0,200.0,348200.0,1.0
0001679788-25-000050,2025-03-26T20:09:58.000Z,0001851492,S,10000.0,0.0,0.0,1.0
0001679788-25-000049,2025-03-17T20:15:55.000Z,0001851492,S,3113.0,0.0,0.0,1.0
0001679788-25-000049,2025-03-17T20:15:55.000Z,0001851492,S,6294.0,0.0,0.0,1.0
0001679788-25-000049,2025-03-17T20:15:55.000Z,0001851492,S,5593.0,0.0,0.0,1.0
0001679788-25-000048,2025-03-06T21:14:11.000Z,0001851432,S,2598.0,200.86,521834.28,1.0
0001679788-25-000047,2025-03-05T21:18:17.000Z,0001851492,S,8491.0,0.0,0.0,1.0
0001679788-25-000047,2025-03-05T21:18:17.000Z,0001851492,S,2091.0,0.0,0.0,1.0
0001679788-25-000047,2025-03-05T21:18:17.000Z,0001851492,S,2581.0,0.0,0.0,1.0
0001679788-25-000047,2025-03-05T21:18:17.000Z,0001851492,S,11837.0,0.0,0.0,1.0
0001679788-25-000046,2025-03-05T21:17:12.000Z,0001963975,S,400.0,0.0,0.0,1.0
0001679788-25-000046,2025-03-05T21:17:12.000Z,0001963975,S,583.0,0.0,0.0,1.0
0001679788-25-000046,2025-03-05T21:17:12.000Z,0001963975,S,100.0,208.67,20867.0,1.0
0001679788-25-000046,2025-03-05T21:17:12.000Z,0001963975,S,300.0,0.0,0.0,1.0
0001679788-25-000046,2025-03-05T21:17:12.000Z,0001963975,S,100.0,213.66,21366.0,1.0
0001679788-25-000046,2025-03-05T21:17:12.000Z,0001963975,S,100.0,214.88,21488.0,1.0
0001679788-25-000046,2025-03-05T21:17:12.000Z,0001963975,S,300.0,0.0,0.0,1.0
0001679788-25-000046,2025-03-05T21:17:12.000Z,0001963975,S,500.0,0.0,0.0,1.0
0001679788-25-000046,2025-03-05T21:17:12.000Z,0001963975,S,100.0,221.36,22136.0,1.0
0001679788-25-000046,2025-03-05T21:17:12.000Z,0001963975,S,200.0,0.0,0.0,1.0
0001679788-25-000046,2025-03-05T21:17:12.000Z,0001963975,S,100.0,226.37,22637.0,1.0
0001679788-25-000046,2025-03-05T21:17:12.000Z,0001963975,S,100.0,228.39,22839.0,1.0
0001679788-25-000046,2025-03-05T21:17:12.000Z,0001963975,S,1986.0,0.0,0.0,1.0
0001679788-25-000045,2025-03-05T21:15:45.000Z,0001851414,S,266.0,0.0,0.0,1.0
0001679788-25-000045,2025-03-05T21:15:45.000Z,0001851414,S,165.0,0.0,0.0,1.0
0001679788-25-000045,2025-03-05T21:15:45.000Z,0001851414,S,145.0,0.0,0.0,1.0
0001679788-25-000045,2025-03-05T21:15:45.000Z,0001851414,S,230.0,0.0,0.0,1.0
0001679788-25-000045,2025-03-05T21:15:45.000Z,0001851414,S,100.0,0.0,0.0,1.0
0001679788-25-000045,2025-03-05T21:15:45.000Z,0001851414,S,96.0,209.19,20082.239999999998,1.0
0001679788-25-000045,2025-03-05T21:15:45.000Z,0001851414,S,692.0,0.0,0.0,1.0
0001679788-25-000045,2025-03-05T21:15:45.000Z,0001851414,S,606.0,0.0,0.0,1.0
0001679788-25-000045,2025-03-05T21:15:45.000Z,0001851414,S,296.0,0.0,0.0,1.0
0001679788-25-000045,2025-03-05T21:15:45.000Z,0001851414,S,96.0,214.98,20638.079999999998,1.0
0001679788-25-000045,2025-03-05T21:15:45.000Z,0001851414,S,325.0,0.0,0.0,1.0
0001679788-25-000045,2025-03-05T21:15:45.000Z,0001851414,S,392.0,0.0,0.0,1.0
0001679788-25-000045,2025-03-05T21:15:45.000Z,0001851414,S,1755.0,0.0,0.0,1.0
0001679788-25-000045,2025-03-05T21:15:45.000Z,0001851414,S,1378.0,0.0,0.0,1.0
0001679788-25-000045,2025-03-05T21:15:45.000Z,0001851414,S,1253.0,0.0,0.0,1.0
0001679788-25-000045,2025-03-05T21:15:45.000Z,0001851414,S,600.0,0.0,0.0,1.0
0001679788-25-000045,2025-03-05T21:15:45.000Z,0001851414,S,499.0,0.0,0.0,1.0
0001679788-25-000045,2025-03-05T21:15:45.000Z,0001851414,S,389.0,0.0,0.0,1.0
0001679788-25-000045,2025-03-05T21:15:45.000Z,0001851414,S,221.0,0.0,0.0,1.0
0001679788-25-000045,2025-03-05T21:15:45.000Z,0001851414,S,100.0,227.98,22798.0,1.0
0001679788-25-000045,2025-03-05T21:15:45.000Z,0001851414,S,196.0,0.0,0.0,1.0
0001679788-25-000045,2025-03-05T21:15:45.000Z,0001851414,S,100.0,231.25,23125.0,1.0
0001679788-25-000045,2025-03-05T21:15:45.000Z,0001851414,S,100.0,232.25,23225.0,1.0
0001679788-25-000044,2025-02-27T21:33:36.000Z,0001851414,S,432.0,0.0,0.0,1.0
0001679788-25-000044,2025-02-27T21:33:36.000Z,0001851414,S,632.0,0.0,0.0,1.0
0001679788-25-000044,2025-02-27T21:33:36.000Z,0001851414,S,1402.0,0.0,0.0,1.0
0001679788-25-000044,2025-02-27T21:33:36.000Z,0001851414,S,2232.0,0.0,0.0,1.0
0001679788-25-000044,2025-02-27T21:33:36.000Z,0001851414,S,916.0,0.0,0.0,1.0
0001679788-25-000044,2025-02-27T21:33:36.000Z,0001851414,S,832.0,0.0,0.0,1.0
0001679788-25-000044,2025-02-27T21:33:36.000Z,0001851414,S,1700.0,0.0,0.0,1.0
0001679788-25-000044,2025-02-27T21:33:36.000Z,0001851414,S,916.0,0.0,0.0,1.0
0001679788-25-000044,2025-02-27T21:33:36.000Z,0001851414,S,720.0,0.0,0.0,1.0
0001679788-25-000044,2025-02-27T21:33:36.000Z,0001851414,S,320.0,0.0,0.0,1.0
0001679788-25-000044,2025-02-27T21:33:36.000Z,0001851414,S,108.0,0.0,0.0,1.0
0001679788-25-000044,2025-02-27T21:33:36.000Z,0001851414,S,212.0,0.0,0.0,1.0
0001679788-25-000044,2025-02-27T21:33:36.000Z,0001851414,S,236.0,0.0,0.0,1.0
0001679788-25-000044,2025-02-27T21:33:36.000Z,0001851414,S,316.0,0.0,0.0,1.0
0001679788-25-000044,2025-02-27T21:33:36.000Z,0001851414,S,4.0,222.48,889.92,1.0
0001679788-25-000043,2025-02-26T21:03:58.000Z,0001851432,S,1974.0,239.34,472457.16000000003,1.0
0001679788-25-000042,2025-02-24T21:25:51.000Z,0001851432,S,869.0,260.66,226513.54,1.0
0001679788-25-000041,2025-02-24T21:24:45.000Z,,-,,,,
0001679788-25-000040,2025-02-24T21:23:32.000Z,,-,,,,
0001679788-25-000039,2025-02-24T21:22:21.000Z,,-,,,,
0001679788-25-000038,2025-02-24T21:21:28.000Z,,-,,,,
0001679788-25-000037,2025-02-24T21:20:29.000Z,,-,,,,
0001679788-25-000036,2025-02-24T21:19:46.000Z,,-,,,,
0001679788-25-000032,2025-02-20T21:20:34.000Z,0001851442,S,7911.0,0.0,0.0,1.0
0001679788-25-000032,2025-02-20T21:20:34.000Z,0001851442,S,3510.0,0.0,0.0,1.0
0001679788-25-000031,2025-02-19T21:20:20.000Z,,-,,,,
0001679788-25-000030,2025-02-19T21:19:07.000Z,,-,,,,
0001679788-25-000029,2025-02-19T21:17:56.000Z,,-,,,,
0001679788-25-000028,2025-02-19T21:16:49.000Z,,-,,,,
0001679788-25-000027,2025-02-19T21:14:40.000Z,0001668711,S,5500.0,278.8,1533400.0,1.0
0001679788-25-000027,2025-02-19T21:14:40.000Z,0001668711,S,1741.0,278.8,485390.80000000005,1.0
0001679788-25-000026,2025-02-18T21:17:30.000Z,0001851442,S,3807.0,0.0,0.0,1.0
0001679788-25-000026,2025-02-18T21:17:30.000Z,0001851442,S,3807.0,0.0,0.0,1.0
0001679788-25-000013,2025-02-12T21:33:32.000Z,0001851492,S,9131.0,0.0,0.0,1.0
0001679788-25-000013,2025-02-12T21:33:32.000Z,0001851492,S,14008.0,0.0,0.0,1.0
0001679788-25-000013,2025-02-12T21:33:32.000Z,0001851492,S,1861.0,0.0,0.0,1.0
0001679788-25-000011,2025-02-06T21:20:58.000Z,0001851442,S,8270.0,0.0,0.0,1.0
0001679788-25-000011,2025-02-06T21:20:58.000Z,0001851442,S,3793.0,0.0,0.0,1.0
0001679788-25-000011,2025-02-06T21:20:58.000Z,0001851442,S,2961.0,0.0,0.0,1.0
0001679788-25-000011,2025-02-06T21:20:58.000Z,0001851442,S,204.0,282.42,57613.68,1.0
0001415889-25-003129,2025-02-05T21:16:29.000Z,0001851492,S,4555.0,0.0,0.0,1.0
0001415889-25-003129,2025-02-05T21:16:29.000Z,0001851492,S,13854.0,0.0,0.0,1.0
0001415889-25-003129,2025-02-05T21:16:29.000Z,0001851492,S,4870.0,0.0,0.0,1.0
0001415889-25-003129,2025-02-05T21:16:29.000Z,0001851492,S,1721.0,0.0,0.0,1.0
0001679788-25-000010,2025-01-28T21:17:04.000Z,0001851442,S,10216.0,0.0,0.0,1.0
0001679788-25-000009,2025-01-22T21:32:24.000Z,0001851442,S,5262.0,0.0,0.0,1.0
0001679788-25-000009,2025-01-22T21:32:24.000Z,0001851442,S,18445.0,0.0,0.0,1.0
0001679788-25-000009,2025-01-22T21:32:24.000Z,0001851442,S,1442.0,0.0,0.0,1.0
0001679788-25-000009,2025-01-22T21:32:24.000Z,0001851442,S,5307.0,0.0,0.0,1.0
0001679788-25-000008,2025-01-17T21:19:56.000Z,0001668711,S,5700.0,266.87,1521159.0,1.0
0001679788-25-000008,2025-01-17T21:19:56.000Z,0001668711,S,1741.0,266.87,464620.67,1.0
0001679788-25-000008,2025-01-17T21:19:56.000Z,0001668711,S,20000.0,300.0,6000000.0,1.0
0001679788-25-000007,2025-01-17T21:18:54.000Z,,-,,,,
0001679788-25-000006,2025-01-15T21:20:46.000Z,0001851492,S,2030.0,0.0,0.0,1.0
0001679788-25-000006,2025-01-15T21:20:46.000Z,0001851492,S,4994.0,0.0,0.0,1.0
0001679788-25-000006,2025-01-15T21:20:46.000Z,0001851492,S,4673.0,0.0,0.0,1.0
0001679788-25-000006,2025-01-15T21:20:46.000Z,0001851492,S,2006.0,0.0,0.0,1.0
0001679788-25-000006,2025-01-15T21:20:46.000Z,0001851492,S,10436.0,0.0,0.0,1.0
0001679788-25-000006,2025-01-15T21:20:46.000Z,0001851492,S,861.0,0.0,0.0,1.0
0001679788-25-000005,2025-01-14T21:10:30.000Z,,-,,,,
0001679788-25-000003,2025-01-08T21:30:10.000Z,0001851442,S,3076.0,0.0,0.0,1.0
0001679788-25-000003,2025-01-08T21:30:10.000Z,0001851442,S,3102.0,0.0,0.0,1.0
0001679788-25-000003,2025-01-08T21:30:10.000Z,0001851442,S,3350.0,0.0,0.0,1.0
0001679788-25-000003,2025-01-08T21:30:10.000Z,0001851442,S,1611.0,0.0,0.0,1.0
0001679788-25-000003,2025-01-08T21:30:10.000Z,0001851442,S,1982.0,0.0,0.0,1.0
0001679788-25-000003,2025-01-08T21:30:10.000Z,0001851442,S,2107.0,0.0,0.0,1.0
0001679788-25-000003,2025-01-08T21:30:10.000Z,0001851442,S,4245.0,0.0,0.0,1.0
0001679788-25-000003,2025-01-08T21:30:10.000Z,0001851442,S,3369.0,0.0,0.0,1.0
0001679788-25-000002,2025-01-07T21:19:41.000Z,0001851492,S,3704.0,0.0,0.0,1.0
0001679788-25-000002,2025-01-07T21:19:41.000Z,0001851492,S,4220.0,0.0,0.0,1.0
0001679788-25-000002,2025-01-07T21:19:41.000Z,0001851492,S,8461.0,0.0,0.0,1.0
0001679788-25-000002,2025-01-07T21:19:41.000Z,0001851492,S,6406.0,0.0,0.0,1.0
0001679788-25-000002,2025-01-07T21:19:41.000Z,0001851492,S,2209.0,0.0,0.0,1.0
0001679788-25-000001,2025-01-06T21:16:54.000Z,0001851414,S,203.0,0.0,0.0,1.0
0001679788-25-000001,2025-01-06T21:16:54.000Z,0001851414,S,1117.0,0.0,0.0,1.0
0001679788-25-000001,2025-01-06T21:16:54.000Z,0001851414,S,1398.0,0.0,0.0,1.0
0001679788-25-000001,2025-01-06T21:16:54.000Z,0001851414,S,1658.0,0.0,0.0,1.0
0001679788-25-000001,2025-01-06T21:16:54.000Z,0001851414,S,1312.0,0.0,0.0,1.0
0001679788-25-000001,2025-01-06T21:16:54.000Z,0001851414,S,778.0,0.0,0.0,1.0
0001679788-25-000001,2025-01-06T21:16:54.000Z,0001851414,S,1210.0,0.0,0.0,1.0
0001679788-25-000001,2025-01-06T21:16:54.000Z,0001851414,S,1088.0,0.0,0.0,1.0
0001679788-25-000001,2025-01-06T21:16:54.000Z,0001851414,S,812.0,0.0,0.0,1.0
0001679788-25-000001,2025-01-06T21:16:54.000Z,0001851414,S,379.0,0.0,0.0,1.0
0001679788-25-000001,2025-01-06T21:16:54.000Z,0001851414,S,45.0,0.0,0.0,1.0
0001415889-24-030157,2024-12-26T21:24:31.000Z,0001851442,S,2949.0,0.0,0.0,1.0
0001415889-24-030157,2024-12-26T21:24:31.000Z,0001851442,S,2647.0,0.0,0.0,1.0
0001415889-24-030157,2024-12-26T21:24:31.000Z,0001851442,S,3620.0,0.0,0.0,1.0
0001415889-24-030157,2024-12-26T21:24:31.000Z,0001851442,S,2205.0,0.0,0.0,1.0
0001415889-24-030157,2024-12-26T21:24:31.000Z,0001851442,S,3807.0,0.0,0.0,1.0
0001679788-24-000224,2024-12-23T21:18:06.000Z,,-,,,,
0001679788-24-000222,2024-12-17T21:16:56.000Z,0001851492,S,7044.0,0.0,0.0,1.0
0001679788-24-000222,2024-12-17T21:16:56.000Z,0001851492,S,7397.0,0.0,0.0,1.0
0001679788-24-000222,2024-12-17T21:16:56.000Z,0001851492,S,10402.0,0.0,0.0,1.0
0001679788-24-000222,2024-12-17T21:16:56.000Z,0001851492,S,157.0,0.0,0.0,1.0
0001679788-24-000221,2024-12-11T21:26:28.000Z,0001851442,S,23018.0,0.0,0.0,1.0
0001679788-24-000221,2024-12-11T21:26:28.000Z,0001851442,S,8025.0,0.0,0.0,1.0
0001679788-24-000221,2024-12-11T21:26:28.000Z,0001851442,S,2659.0,0.0,0.0,1.0
0001679788-24-000221,2024-12-11T21:26:28.000Z,0001851442,S,561.0,0.0,0.0,1.0
0001679788-24-000220,2024-12-09T21:39:48.000Z,0001851492,S,5764.0,0.0,0.0,1.0
0001679788-24-000220,2024-12-09T21:39:48.000Z,0001851492,S,8225.0,0.0,0.0,1.0
0001679788-24-000220,2024-12-09T21:39:48.000Z,0001851492,S,6588.0,0.0,0.0,1.0
0001679788-24-000220,2024-12-09T21:39:48.000Z,0001851492,S,4131.0,0.0,0.0,1.0
0001679788-24-000220,2024-12-09T21:39:48.000Z,0001851492,S,292.0,342.815,100101.98,1.0
0001679788-24-000218,2024-12-09T21:38:37.000Z,0001851432,S,7045.0,349.0,2458705.0,1.0
0001679788-24-000217,2024-12-09T21:37:27.000Z,0001851658,S,31328.0,0.0,0.0,1.0
0001679788-24-000217,2024-12-09T21:37:27.000Z,0001851658,S,102853.0,0.0,0.0,1.0
0001679788-24-000216,2024-12-06T21:12:55.000Z,0001851442,S,3807.0,0.0,0.0,1.0
0001679788-24-000216,2024-12-06T21:12:55.000Z,0001851442,S,3807.0,0.0,0.0,1.0
0001679788-24-000216,2024-12-06T21:12:55.000Z,0001851442,S,1397.0,0.0,0.0,1.0
0001679788-24-000216,2024-12-06T21:12:55.000Z,0001851442,S,2091.0,0.0,0.0,1.0
0001679788-24-000216,2024-12-06T21:12:55.000Z,0001851442,S,319.0,0.0,0.0,1.0
0001679788-24-000215,2024-12-04T21:09:21.000Z,0001851414,S,396.0,0.0,0.0,1.0
0001679788-24-000215,2024-12-04T21:09:21.000Z,0001851414,S,1097.0,0.0,0.0,1.0
0001679788-24-000215,2024-12-04T21:09:21.000Z,0001851414,S,1339.0,0.0,0.0,1.0
0001679788-24-000215,2024-12-04T21:09:21.000Z,0001851414,S,1640.0,0.0,0.0,1.0
0001679788-24-000215,2024-12-04T21:09:21.000Z,0001851414,S,1467.0,0.0,0.0,1.0
0001679788-24-000215,2024-12-04T21:09:21.000Z,0001851414,S,402.0,0.0,0.0,1.0
0001679788-24-000215,2024-12-04T21:09:21.000Z,0001851414,S,784.0,0.0,0.0,1.0
0001679788-24-000215,2024-12-04T21:09:21.000Z,0001851414,S,1387.0,0.0,0.0,1.0
0001679788-24-000215,2024-12-04T21:09:21.000Z,0001851414,S,1472.0,0.0,0.0,1.0
0001679788-24-000215,2024-12-04T21:09:21.000Z,0001851414,S,16.0,310.84,4973.44,1.0
0001679788-24-000214,2024-11-27T21:21:19.000Z,0001851492,S,4642.0,0.0,0.0,1.0
0001679788-24-000214,2024-11-27T21:21:19.000Z,0001851492,S,1328.0,0.0,0.0,1.0
0001679788-24-000214,2024-11-27T21:21:19.000Z,0001851492,S,3948.0,0.0,0.0,1.0
0001679788-24-000214,2024-11-27T21:21:19.000Z,0001851492,S,6376.0,0.0,0.0,1.0
0001679788-24-000214,2024-11-27T21:21:19.000Z,0001851492,S,7986.0,0.0,0.0,1.0
0001679788-24-000214,2024-11-27T21:21:19.000Z,0001851492,S,720.0,0.0,0.0,1.0
0001679788-24-000213,2024-11-27T21:16:25.000Z,0001851442,S,2976.0,0.0,0.0,1.0
0001679788-24-000213,2024-11-27T21:16:25.000Z,0001851442,S,5423.0,0.0,0.0,1.0
0001679788-24-000213,2024-11-27T21:16:25.000Z,0001851442,S,8290.0,0.0,0.0,1.0
0001679788-24-000213,2024-11-27T21:16:25.000Z,0001851442,S,6153.0,0.0,0.0,1.0
0001679788-24-000213,2024-11-27T21:16:25.000Z,0001851442,S,3807.0,0.0,0.0,1.0
0001679788-24-000212,2024-11-27T21:15:05.000Z,0001851658,S,1500.0,298.31,447465.0,1.0
0001679788-24-000211,2024-11-27T21:14:04.000Z,0001851414,S,615.0,0.0,0.0,1.0
0001679788-24-000211,2024-11-27T21:14:04.000Z,0001851414,S,100.0,296.15,29614.999999999996,1.0
0001679788-24-000211,2024-11-27T21:14:04.000Z,0001851414,S,23.0,297.32,6838.36,1.0
0001679788-24-000211,2024-11-27T21:14:04.000Z,0001851414,S,146.0,0.0,0.0,1.0
0001679788-24-000211,2024-11-27T21:14:04.000Z,0001851414,S,123.0,0.0,0.0,1.0
0001679788-24-000211,2024-11-27T21:14:04.000Z,0001851414,S,23.0,300.98,6922.540000000001,1.0
0001679788-24-000211,2024-11-27T21:14:04.000Z,0001851414,S,146.0,0.0,0.0,1.0
0001679788-24-000211,2024-11-27T21:14:04.000Z,0001851414,S,123.0,0.0,0.0,1.0
0001679788-24-000211,2024-11-27T21:14:04.000Z,0001851414,S,169.0,0.0,0.0,1.0
0001679788-24-000211,2024-11-27T21:14:04.000Z,0001851414,S,192.0,0.0,0.0,1.0
0001679788-24-000211,2024-11-27T21:14:04.000Z,0001851414,S,398.0,0.0,0.0,1.0
0001679788-24-000211,2024-11-27T21:14:04.000Z,0001851414,S,833.0,0.0,0.0,1.0
0001679788-24-000211,2024-11-27T21:14:04.000Z,0001851414,S,715.0,0.0,0.0,1.0
0001679788-24-000211,2024-11-27T21:14:04.000Z,0001851414,S,1084.0,0.0,0.0,1.0
0001679788-24-000211,2024-11-27T21:14:04.000Z,0001851414,S,725.0,0.0,0.0,1.0
0001679788-24-000211,2024-11-27T21:14:04.000Z,0001851414,S,570.0,0.0,0.0,1.0
0001679788-24-000211,2024-11-27T21:14:04.000Z,0001851414,S,487.0,0.0,0.0,1.0
0001679788-24-000211,2024-11-27T21:14:04.000Z,0001851414,S,299.0,0.0,0.0,1.0
0001679788-24-000211,2024-11-27T21:14:04.000Z,0001851414,S,138.0,0.0,0.0,1.0
0001679788-24-000211,2024-11-27T21:14:04.000Z,0001851414,S,149.0,0.0,0.0,1.0
0001679788-24-000211,2024-11-27T21:14:04.000Z,0001851414,S,46.0,0.0,0.0,1.0
0001679788-24-000210,2024-11-27T21:13:02.000Z,0001963975,S,15858.0,298.9802,4741228.011600001,1.0
0001679788-24-000209,2024-11-26T21:13:32.000Z,0001851432,S,1837.0,295.02,541951.74,1.0
0001679788-24-000208,2024-11-22T21:42:40.000Z,0001851432,S,869.0,332.69,289107.61,1.0
0001679788-24-000207,2024-11-22T21:41:52.000Z,0001963975,S,100.0,305.66,30566.000000000004,1.0
0001679788-24-000207,2024-11-22T21:41:52.000Z,0001963975,S,100.0,310.04,31004.000000000004,1.0
0001679788-24-000207,2024-11-22T21:41:52.000Z,0001963975,S,500.0,0.0,0.0,1.0
0001679788-24-000207,2024-11-22T21:41:52.000Z,0001963975,S,600.0,0.0,0.0,1.0
0001679788-24-000207,2024-11-22T21:41:52.000Z,0001963975,S,709.0,0.0,0.0,1.0
0001679788-24-000207,2024-11-22T21:41:52.000Z,0001963975,S,400.0,0.0,0.0,1.0
0001679788-24-000207,2024-11-22T21:41:52.000Z,0001963975,S,200.0,0.0,0.0,1.0
0001679788-24-000207,2024-11-22T21:41:52.000Z,0001963975,S,400.0,0.0,0.0,1.0
0001679788-24-000207,2024-11-22T21:41:52.000Z,0001963975,S,726.0,0.0,0.0,1.0
0001679788-24-000207,2024-11-22T21:41:52.000Z,0001963975,S,500.0,0.0,0.0,1.0
0001679788-24-000207,2024-11-22T21:41:52.000Z,0001963975,S,100.0,328.76,32876.0,1.0
0001679788-24-000207,2024-11-22T21:41:52.000Z,0001963975,S,100.0,330.46,33046.0,1.0
0001679788-24-000207,2024-11-22T21:41:52.000Z,0001963975,S,100.0,332.11,33211.0,1.0
0001679788-24-000207,2024-11-22T21:41:52.000Z,0001963975,S,19563.0,335.0,6553605.0,1.0
0001679788-24-000207,2024-11-22T21:41:52.000Z,0001963975,S,100.0,339.72,33972.0,1.0
0001679788-24-000206,2024-11-22T21:40:58.000Z,0001668711,S,46.0,0.0,0.0,0.0
0001679788-24-000206,2024-11-22T21:40:58.000Z,0001668711,S,31.0,0.0,0.0,0.0
0001679788-24-000206,2024-11-22T21:40:58.000Z,0001668711,S,18.0,0.0,0.0,0.0
0001679788-24-000206,2024-11-22T21:40:58.000Z,0001668711,S,44.0,0.0,0.0,0.0
0001679788-24-000206,2024-11-22T21:40:58.000Z,0001668711,S,21.0,0.0,0.0,0.0
0001679788-24-000206,2024-11-22T21:40:58.000Z,0001668711,S,20.0,0.0,0.0,0.0
0001679788-24-000206,2024-11-22T21:40:58.000Z,0001668711,S,4.0,341.03,1364.12,0.0
0001679788-24-000205,2024-11-22T21:40:01.000Z,0001668711,S,39.0,0.0,0.0,0.0
0001679788-24-000205,2024-11-22T21:40:01.000Z,0001668711,S,40.0,0.0,0.0,0.0
0001679788-24-000205,2024-11-22T21:40:01.000Z,0001668711,S,29.0,0.0,0.0,0.0
0001679788-24-000205,2024-11-22T21:40:01.000Z,0001668711,S,92.0,0.0,0.0,0.0
0001679788-24-000205,2024-11-22T21:40:01.000Z,0001668711,S,17.0,0.0,0.0,0.0
0001679788-24-000205,2024-11-22T21:40:01.000Z,0001668711,S,51.0,0.0,0.0,0.0
0001679788-24-000205,2024-11-22T21:40:01.000Z,0001668711,S,40.0,0.0,0.0,0.0
0001679788-24-000205,2024-11-22T21:40:01.000Z,0001668711,S,130.0,0.0,0.0,0.0
0001679788-24-000205,2024-11-22T21:40:01.000Z,0001668711,S,463.0,0.0,0.0,0.0
0001679788-24-000205,2024-11-22T21:40:01.000Z,0001668711,S,557.0,0.0,0.0,0.0
0001679788-24-000205,2024-11-22T21:40:01.000Z,0001668711,S,264.0,0.0,0.0,0.0
0001679788-24-000205,2024-11-22T21:40:01.000Z,0001668711,S,446.0,0.0,0.0,0.0
0001679788-24-000205,2024-11-22T21:40:01.000Z,0001668711,S,311.0,0.0,0.0,0.0
0001679788-24-000205,2024-11-22T21:40:01.000Z,0001668711,S,215.0,0.0,0.0,0.0
0001679788-24-000205,2024-11-22T21:40:01.000Z,0001668711,S,81.0,0.0,0.0,0.0
0001679788-24-000205,2024-11-22T21:40:01.000Z,0001668711,S,116.0,0.0,0.0,0.0
0001679788-24-000205,2024-11-22T21:40:01.000Z,0001668711,S,232.0,0.0,0.0,0.0
0001679788-24-000205,2024-11-22T21:40:01.000Z,0001668711,S,203.0,0.0,0.0,0.0
0001679788-24-000205,2024-11-22T21:40:01.000Z,0001668711,S,99.0,0.0,0.0,0.0
0001679788-24-000205,2024-11-22T21:40:01.000Z,0001668711,S,22.0,0.0,0.0,0.0
0001679788-24-000205,2024-11-22T21:40:01.000Z,0001668711,S,44.0,0.0,0.0,0.0
0001679788-24-000205,2024-11-22T21:40:01.000Z,0001668711,S,56.0,0.0,0.0,0.0
0001679788-24-000205,2024-11-22T21:40:01.000Z,0001668711,S,115.0,0.0,0.0,0.0
0001679788-24-000205,2024-11-22T21:40:01.000Z,0001668711,S,56.0,0.0,0.0,0.0
0001679788-24-000205,2024-11-22T21:40:01.000Z,0001668711,S,34.0,0.0,0.0,0.0
0001679788-24-000205,2024-11-22T21:40:01.000Z,0001668711,S,55.0,0.0,0.0,0.0
0001679788-24-000205,2024-11-22T21:40:01.000Z,0001668711,S,62.0,0.0,0.0,0.0
0001679788-24-000204,2024-11-22T21:38:45.000Z,0001851432,S,200.0,0.0,0.0,0.0
0001679788-24-000204,2024-11-22T21:38:45.000Z,0001851432,S,320.0,0.0,0.0,0.0
0001679788-24-000204,2024-11-22T21:38:45.000Z,0001851432,S,700.0,0.0,0.0,0.0
0001679788-24-000204,2024-11-22T21:38:45.000Z,0001851432,S,780.0,0.0,0.0,0.0
0001679788-24-000204,2024-11-22T21:38:45.000Z,0001851432,S,400.0,0.0,0.0,0.0
0001679788-24-000204,2024-11-22T21:38:45.000Z,0001851432,S,200.0,0.0,0.0,0.0
0001679788-24-000204,2024-11-22T21:38:45.000Z,0001851432,S,403.0,0.0,0.0,0.0
0001679788-24-000204,2024-11-22T21:38:45.000Z,0001851432,S,100.0,319.01,31901.0,0.0
0001679788-24-000204,2024-11-22T21:38:45.000Z,0001851432,S,400.0,0.0,0.0,0.0
0001679788-24-000204,2024-11-22T21:38:45.000Z,0001851432,S,300.0,0.0,0.0,0.0
0001679788-24-000204,2024-11-22T21:38:45.000Z,0001851432,S,100.0,328.51,32851.0,0.0
0001679788-24-000204,2024-11-22T21:38:45.000Z,0001851432,S,100.0,331.17,33117.0,0.0
0001679788-24-000204,2024-11-22T21:38:45.000Z,0001851432,S,200.0,0.0,0.0,0.0
0001679788-24-000203,2024-11-22T21:37:51.000Z,0001851414,S,100.0,304.41,30441.000000000004,0.0
0001679788-24-000203,2024-11-22T21:37:51.000Z,0001851414,S,192.0,0.0,0.0,0.0
0001679788-24-000203,2024-11-22T21:37:51.000Z,0001851414,S,200.0,0.0,0.0,0.0
0001679788-24-000203,2024-11-22T21:37:51.000Z,0001851414,S,100.0,309.73,30973.0,0.0
0001679788-24-000203,2024-11-22T21:37:51.000Z,0001851414,S,1200.0,0.0,0.0,0.0
0001679788-24-000203,2024-11-22T21:37:51.000Z,0001851414,S,1608.0,0.0,0.0,0.0
0001679788-24-000203,2024-11-22T21:37:51.000Z,0001851414,S,2195.0,0.0,0.0,0.0
0001679788-24-000203,2024-11-22T21:37:51.000Z,0001851414,S,1307.0,0.0,0.0,0.0
0001679788-24-000203,2024-11-22T21:37:51.000Z,0001851414,S,900.0,0.0,0.0,0.0
0001679788-24-000203,2024-11-22T21:37:51.000Z,0001851414,S,600.0,0.0,0.0,0.0
0001679788-24-000203,2024-11-22T21:37:51.000Z,0001851414,S,301.0,0.0,0.0,0.0
0001679788-24-000203,2024-11-22T21:37:51.000Z,0001851414,S,603.0,0.0,0.0,0.0
0001679788-24-000203,2024-11-22T21:37:51.000Z,0001851414,S,600.0,0.0,0.0,0.0
0001679788-24-000203,2024-11-22T21:37:51.000Z,0001851414,S,600.0,0.0,0.0,0.0
0001679788-24-000203,2024-11-22T21:37:51.000Z,0001851414,S,200.0,0.0,0.0,0.0
0001679788-24-000203,2024-11-22T21:37:51.000Z,0001851414,S,200.0,0.0,0.0,0.0
0001679788-24-000203,2024-11-22T21:37:51.000Z,0001851414,S,400.0,0.0,0.0,0.0
0001679788-24-000203,2024-11-22T21:37:51.000Z,0001851414,S,100.0,331.57,33157.0,0.0
0001679788-24-000203,2024-11-22T21:37:51.000Z,0001851414,S,200.0,0.0,0.0,0.0
0001679788-24-000203,2024-11-22T21:37:51.000Z,0001851414,S,200.0,0.0,0.0,0.0
0001679788-24-000203,2024-11-22T21:37:51.000Z,0001851414,S,100.0,338.5,33850.0,0.0
0001679788-24-000202,2024-11-22T21:36:47.000Z,0001963975,S,200.0,0.0,0.0,0.0
0001679788-24-000202,2024-11-22T21:36:47.000Z,0001963975,S,502.0,0.0,0.0,0.0
0001679788-24-000202,2024-11-22T21:36:47.000Z,0001963975,S,100.0,310.28,31027.999999999996,0.0
0001679788-24-000202,2024-11-22T21:36:47.000Z,0001963975,S,600.0,0.0,0.0,0.0
0001679788-24-000202,2024-11-22T21:36:47.000Z,0001963975,S,2006.0,0.0,0.0,0.0
0001679788-24-000202,2024-11-22T21:36:47.000Z,0001963975,S,3165.0,0.0,0.0,0.0
0001679788-24-000202,2024-11-22T21:36:47.000Z,0001963975,S,1500.0,0.0,0.0,0.0
0001679788-24-000202,2024-11-22T21:36:47.000Z,0001963975,S,1526.0,0.0,0.0,0.0
0001679788-24-000202,2024-11-22T21:36:47.000Z,0001963975,S,933.0,0.0,0.0,0.0
0001679788-24-000202,2024-11-22T21:36:47.000Z,0001963975,S,400.0,0.0,0.0,0.0
0001679788-24-000202,2024-11-22T21:36:47.000Z,0001963975,S,1000.0,0.0,0.0,0.0
0001679788-24-000202,2024-11-22T21:36:47.000Z,0001963975,S,900.0,0.0,0.0,0.0
0001679788-24-000202,2024-11-22T21:36:47.000Z,0001963975,S,500.0,0.0,0.0,0.0
0001679788-24-000202,2024-11-22T21:36:47.000Z,0001963975,S,100.0,323.41,32341.000000000004,0.0
0001679788-24-000202,2024-11-22T21:36:47.000Z,0001963975,S,200.0,0.0,0.0,0.0
0001679788-24-000202,2024-11-22T21:36:47.000Z,0001963975,S,300.0,0.0,0.0,0.0
0001679788-24-000202,2024-11-22T21:36:47.000Z,0001963975,S,100.0,330.1,33010.0,0.0
0001679788-24-000202,2024-11-22T21:36:47.000Z,0001963975,S,301.0,0.0,0.0,0.0
0001679788-24-000202,2024-11-22T21:36:47.000Z,0001963975,S,200.0,0.0,0.0,0.0
0001679788-24-000202,2024-11-22T21:36:47.000Z,0001963975,S,100.0,335.18,33518.0,0.0
0001679788-24-000202,2024-11-22T21:36:47.000Z,0001963975,S,100.0,336.59,33659.0,0.0
0001679788-24-000202,2024-11-22T21:36:47.000Z,0001963975,S,100.0,339.66,33966.0,0.0
0001679788-24-000202,2024-11-22T21:36:47.000Z,0001963975,S,100.0,340.7,34070.0,0.0
0001679788-24-000201,2024-11-22T21:35:34.000Z,0001851658,S,200.0,0.0,0.0,0.0
0001679788-24-000201,2024-11-22T21:35:34.000Z,0001851658,S,400.0,0.0,0.0,0.0
0001679788-24-000201,2024-11-22T21:35:34.000Z,0001851658,S,100.0,309.69,30969.0,0.0
0001679788-24-000201,2024-11-22T21:35:34.000Z,0001851658,S,200.0,0.0,0.0,0.0
0001679788-24-000201,2024-11-22T21:35:34.000Z,0001851658,S,1959.0,0.0,0.0,0.0
0001679788-24-000201,2024-11-22T21:35:34.000Z,0001851658,S,1755.0,0.0,0.0,0.0
0001679788-24-000201,2024-11-22T21:35:34.000Z,0001851658,S,2475.0,0.0,0.0,0.0
0001679788-24-000201,2024-11-22T21:35:34.000Z,0001851658,S,1400.0,0.0,0.0,0.0
0001679788-24-000201,2024-11-22T21:35:34.000Z,0001851658,S,800.0,0.0,0.0,0.0
0001679788-24-000201,2024-11-22T21:35:34.000Z,0001851658,S,407.0,0.0,0.0,0.0
0001679788-24-000201,2024-11-22T21:35:34.000Z,0001851658,S,803.0,0.0,0.0,0.0
0001679788-24-000201,2024-11-22T21:35:34.000Z,0001851658,S,400.0,0.0,0.0,0.0
0001679788-24-000201,2024-11-22T21:35:34.000Z,0001851658,S,900.0,0.0,0.0,0.0
0001679788-24-000201,2024-11-22T21:35:34.000Z,0001851658,S,700.0,0.0,0.0,0.0
0001679788-24-000201,2024-11-22T21:35:34.000Z,0001851658,S,100.0,327.17,32717.0,0.0
0001679788-24-000201,2024-11-22T21:35:34.000Z,0001851658,S,400.0,0.0,0.0,0.0
0001679788-24-000201,2024-11-22T21:35:34.000Z,0001851658,S,200.0,0.0,0.0,0.0
0001679788-24-000201,2024-11-22T21:35:34.000Z,0001851658,S,300.0,0.0,0.0,0.0
0001679788-24-000201,2024-11-22T21:35:34.000Z,0001851658,S,100.0,333.27,33327.0,0.0
0001679788-24-000201,2024-11-22T21:35:34.000Z,0001851658,S,200.0,0.0,0.0,0.0
0001679788-24-000200,2024-11-20T21:22:09.000Z,0001851492,S,31569.0,0.0,0.0,1.0
0001679788-24-000200,2024-11-20T21:22:09.000Z,0001851492,S,20890.0,0.0,0.0,1.0
0001679788-24-000200,2024-11-20T21:22:09.000Z,0001851492,S,5810.0,0.0,0.0,1.0
0001679788-24-000199,2024-11-20T21:21:17.000Z,0001851492,S,17174.0,0.0,0.0,1.0
0001679788-24-000199,2024-11-20T21:21:17.000Z,0001851492,S,26366.0,0.0,0.0,1.0
0001679788-24-000199,2024-11-20T21:21:17.000Z,0001851492,S,42574.0,0.0,0.0,1.0
0001679788-24-000199,2024-11-20T21:21:17.000Z,0001851492,S,72605.0,0.0,0.0,1.0
0001679788-24-000199,2024-11-20T21:21:17.000Z,0001851492,S,48946.0,0.0,0.0,1.0
0001679788-24-000199,2024-11-20T21:21:17.000Z,0001851492,S,40983.0,0.0,0.0,1.0
0001679788-24-000199,2024-11-20T21:21:17.000Z,0001851492,S,32080.0,0.0,0.0,1.0
0001679788-24-000199,2024-11-20T21:21:17.000Z,0001851492,S,25264.0,0.0,0.0,1.0
0001679788-24-000199,2024-11-20T21:21:17.000Z,0001851492,S,81685.0,0.0,0.0,1.0
0001679788-24-000199,2024-11-20T21:21:17.000Z,0001851492,S,85923.0,0.0,0.0,1.0
0001679788-24-000199,2024-11-20T21:21:17.000Z,0001851492,S,102404.0,0.0,0.0,1.0
0001679788-24-000199,2024-11-20T21:21:17.000Z,0001851492,S,38014.0,0.0,0.0,1.0
0001679788-24-000199,2024-11-20T21:21:17.000Z,0001851492,S,14711.0,0.0,0.0,1.0
0001679788-24-000199,2024-11-20T21:21:17.000Z,0001851492,S,9108.0,0.0,0.0,1.0
0001679788-24-000199,2024-11-20T21:21:17.000Z,0001851492,S,7491.0,0.0,0.0,1.0
0001679788-24-000199,2024-11-20T21:21:17.000Z,0001851492,S,5253.0,0.0,0.0,1.0
0001679788-24-000199,2024-11-20T21:21:17.000Z,0001851492,S,6976.0,0.0,0.0,1.0
0001679788-24-000199,2024-11-20T21:21:17.000Z,0001851492,S,6832.0,0.0,0.0,1.0
0001679788-24-000199,2024-11-20T21:21:17.000Z,0001851492,S,9195.0,0.0,0.0,1.0
0001679788-24-000199,2024-11-20T21:21:17.000Z,0001851492,S,1416.0,0.0,0.0,1.0
0001679788-24-000199,2024-11-20T21:21:17.000Z,0001851492,S,58645.0,0.0,0.0,1.0
0001679788-24-000199,2024-11-20T21:21:17.000Z,0001851492,S,51112.0,0.0,0.0,1.0
0001679788-24-000199,2024-11-20T21:21:17.000Z,0001851492,S,27522.0,0.0,0.0,1.0
0001679788-24-000199,2024-11-20T21:21:17.000Z,0001851492,S,23842.0,0.0,0.0,1.0
0001679788-24-000199,2024-11-20T21:21:17.000Z,0001851492,S,14400.0,0.0,0.0,1.0
0001679788-24-000199,2024-11-20T21:21:17.000Z,0001851492,S,16300.0,0.0,0.0,1.0
0001679788-24-000199,2024-11-20T21:21:17.000Z,0001851492,S,25256.0,0.0,0.0,1.0
0001679788-24-000199,2024-11-20T21:21:17.000Z,0001851492,S,42082.0,0.0,0.0,1.0
0001679788-24-000199,2024-11-20T21:21:17.000Z,0001851492,S,32572.0,0.0,0.0,1.0
0001679788-24-000198,2024-11-19T22:02:33.000Z,0001668711,S,3575.0,282.65,1010473.7499999999,1.0
0001679788-24-000197,2024-11-18T21:17:14.000Z,0001851658,S,1500.0,290.79,436185.00000000006,1.0
0001679788-24-000196,2024-11-13T21:16:47.000Z,0001851492,S,11732.0,0.0,0.0,1.0
0001679788-24-000196,2024-11-13T21:16:47.000Z,0001851492,S,10388.0,0.0,0.0,1.0
0001679788-24-000196,2024-11-13T21:16:47.000Z,0001851492,S,9137.0,0.0,0.0,1.0
0001679788-24-000196,2024-11-13T21:16:47.000Z,0001851492,S,20802.0,0.0,0.0,1.0
0001679788-24-000196,2024-11-13T21:16:47.000Z,0001851492,S,18968.0,0.0,0.0,1.0
0001679788-24-000196,2024-11-13T21:16:47.000Z,0001851492,S,20482.0,0.0,0.0,1.0
0001679788-24-000196,2024-11-13T21:16:47.000Z,0001851492,S,58339.0,0.0,0.0,1.0
0001679788-24-000196,2024-11-13T21:16:47.000Z,0001851492,S,53484.0,0.0,0.0,1.0
0001679788-24-000196,2024-11-13T21:16:47.000Z,0001851492,S,29333.0,0.0,0.0,1.0
0001679788-24-000196,2024-11-13T21:16:47.000Z,0001851492,S,34380.0,0.0,0.0,1.0
0001679788-24-000196,2024-11-13T21:16:47.000Z,0001851492,S,10230.0,0.0,0.0,1.0
0001679788-24-000196,2024-11-13T21:16:47.000Z,0001851492,S,14050.0,0.0,0.0,1.0
0001679788-24-000196,2024-11-13T21:16:47.000Z,0001851492,S,22643.0,0.0,0.0,1.0
0001679788-24-000196,2024-11-13T21:16:47.000Z,0001851492,S,11032.0,0.0,0.0,1.0
0001679788-24-000195,2024-11-13T21:15:46.000Z,0001851658,S,200000.0,0.0,0.0,1.0
0001679788-24-000194,2024-11-13T21:14:41.000Z,0001668711,S,20000.0,300.0,6000000.0,1.0
0001679788-24-000193,2024-11-13T21:13:07.000Z,0001851432,S,526.0,332.0,174632.0,1.0
0001679788-24-000192,2024-11-12T21:23:06.000Z,0001227688,S,100.0,242.99,24299.0,1.0
0001679788-24-000192,2024-11-12T21:23:06.000Z,0001227688,S,200.0,0.0,0.0,1.0
0001679788-24-000192,2024-11-12T21:23:06.000Z,0001227688,S,200.0,0.0,0.0,1.0
0001679788-24-000192,2024-11-12T21:23:06.000Z,0001227688,S,200.0,0.0,0.0,1.0
0001679788-24-000192,2024-11-12T21:23:06.000Z,0001227688,S,100.0,249.05,24905.0,1.0
0001679788-24-000192,2024-11-12T21:23:06.000Z,0001227688,S,200.0,0.0,0.0,1.0
0001679788-24-000192,2024-11-12T21:23:06.000Z,0001227688,S,200.0,0.0,0.0,1.0
0001679788-24-000192,2024-11-12T21:23:06.000Z,0001227688,S,1200.0,0.0,0.0,1.0
0001679788-24-000192,2024-11-12T21:23:06.000Z,0001227688,S,2336.0,0.0,0.0,1.0
0001679788-24-000192,2024-11-12T21:23:06.000Z,0001227688,S,1604.0,0.0,0.0,1.0
0001679788-24-000192,2024-11-12T21:23:06.000Z,0001227688,S,900.0,0.0,0.0,1.0
0001679788-24-000192,2024-11-12T21:23:06.000Z,0001227688,S,1933.0,0.0,0.0,1.0
0001679788-24-000192,2024-11-12T21:23:06.000Z,0001227688,S,727.0,0.0,0.0,1.0
0001679788-24-000192,2024-11-12T21:23:06.000Z,0001227688,S,100.0,259.22,25922.000000000004,1.0
0001679788-24-000192,2024-11-12T21:23:06.000Z,0001227688,S,40000.0,300.0,12000000.0,1.0
0001679788-24-000191,2024-11-08T22:59:24.000Z,0001963975,S,4635.0,250.0,1158750.0,1.0
0001679788-24-000190,2024-11-04T21:20:17.000Z,0001851658,S,1500.0,203.3,304950.0,1.0
0001679788-24-000190,2024-11-04T21:20:17.000Z,0001851658,S,1942.0,0.0,0.0,1.0
0001679788-24-000190,2024-11-04T21:20:17.000Z,0001851658,S,1400.0,0.0,0.0,1.0
0001679788-24-000190,2024-11-04T21:20:17.000Z,0001851658,S,1303.0,0.0,0.0,1.0
0001679788-24-000190,2024-11-04T21:20:17.000Z,0001851658,S,600.0,0.0,0.0,1.0
0001679788-24-000190,2024-11-04T21:20:17.000Z,0001851658,S,900.0,0.0,0.0,1.0
0001679788-24-000190,2024-11-04T21:20:17.000Z,0001851658,S,655.0,0.0,0.0,1.0
0001679788-24-000190,2024-11-04T21:20:17.000Z,0001851658,S,700.0,0.0,0.0,1.0
0001679788-24-000190,2024-11-04T21:20:17.000Z,0001851658,S,300.0,0.0,0.0,1.0
0001679788-24-000190,2024-11-04T21:20:17.000Z,0001851658,S,200.0,0.0,0.0,1.0
0001679788-24-000178,2024-10-29T20:23:18.000Z,0001851414,S,89.0,0.0,0.0,1.0
0001679788-24-000178,2024-10-29T20:23:18.000Z,0001851414,S,166.0,0.0,0.0,1.0
0001679788-24-000178,2024-10-29T20:23:18.000Z,0001851414,S,678.0,0.0,0.0,1.0
0001679788-24-000178,2024-10-29T20:23:18.000Z,0001851414,S,996.0,0.0,0.0,1.0
0001679788-24-000178,2024-10-29T20:23:18.000Z,0001851414,S,927.0,0.0,0.0,1.0
0001679788-24-000178,2024-10-29T20:23:18.000Z,0001851414,S,822.0,0.0,0.0,1.0
0001679788-24-000178,2024-10-29T20:23:18.000Z,0001851414,S,1539.0,0.0,0.0,1.0
0001679788-24-000178,2024-10-29T20:23:18.000Z,0001851414,S,1506.0,0.0,0.0,1.0
0001679788-24-000178,2024-10-29T20:23:18.000Z,0001851414,S,2347.0,0.0,0.0,1.0
0001679788-24-000178,2024-10-29T20:23:18.000Z,0001851414,S,930.0,0.0,0.0,1.0
0001679788-24-000176,2024-10-18T20:38:19.000Z,0001589043,S,400.0,204.44,81776.0,1.0
0001679788-24-000175,2024-10-17T21:08:11.000Z,0001668711,S,5250.0,0.0,0.0,1.0
0001679788-24-000174,2024-10-16T20:54:50.000Z,0001851658,S,1500.0,181.36,272040.0,1.0
0001679788-24-000173,2024-10-02T20:32:20.000Z,0001851658,S,700.0,0.0,0.0,1.0
0001679788-24-000173,2024-10-02T20:32:20.000Z,0001851658,S,300.0,0.0,0.0,1.0
0001679788-24-000173,2024-10-02T20:32:20.000Z,0001851658,S,300.0,0.0,0.0,1.0
0001679788-24-000173,2024-10-02T20:32:20.000Z,0001851658,S,100.0,181.97,18197.0,1.0
0001679788-24-000173,2024-10-02T20:32:20.000Z,0001851658,S,100.0,184.49,18449.0,1.0
0001679788-24-000173,2024-10-02T20:32:20.000Z,0001851658,S,400.0,0.0,0.0,1.0
0001679788-24-000173,2024-10-02T20:32:20.000Z,0001851658,S,400.0,0.0,0.0,1.0
0001679788-24-000173,2024-10-02T20:32:20.000Z,0001851658,S,2039.0,0.0,0.0,1.0
0001679788-24-000173,2024-10-02T20:32:20.000Z,0001851658,S,2454.0,0.0,0.0,1.0
0001679788-24-000173,2024-10-02T20:32:20.000Z,0001851658,S,1000.0,0.0,0.0,1.0
0001679788-24-000173,2024-10-02T20:32:20.000Z,0001851658,S,500.0,0.0,0.0,1.0
0001679788-24-000173,2024-10-02T20:32:20.000Z,0001851658,S,200.0,0.0,0.0,1.0
0001679788-24-000173,2024-10-02T20:32:20.000Z,0001851658,S,200.0,0.0,0.0,1.0
0001679788-24-000173,2024-10-02T20:32:20.000Z,0001851658,S,307.0,0.0,0.0,1.0
0001679788-24-000173,2024-10-02T20:32:20.000Z,0001851658,S,200.0,0.0,0.0,1.0
0001679788-24-000173,2024-10-02T20:32:20.000Z,0001851658,S,100.0,176.59,17659.0,1.0
0001679788-24-000173,2024-10-02T20:32:20.000Z,0001851658,S,200.0,178.27,35654.0,1.0
0001679788-24-000172,2024-09-30T20:26:20.000Z,0001851414,S,1512.0,0.0,0.0,1.0
0001679788-24-000172,2024-09-30T20:26:20.000Z,0001851414,S,1800.0,0.0,0.0,1.0
0001679788-24-000172,2024-09-30T20:26:20.000Z,0001851414,S,1200.0,0.0,0.0,1.0
0001679788-24-000172,2024-09-30T20:26:20.000Z,0001851414,S,2588.0,0.0,0.0,1.0
0001679788-24-000172,2024-09-30T20:26:20.000Z,0001851414,S,2100.0,0.0,0.0,1.0
0001679788-24-000172,2024-09-30T20:26:20.000Z,0001851414,S,700.0,0.0,0.0,1.0
0001679788-24-000172,2024-09-30T20:26:20.000Z,0001851414,S,100.0,173.49,17349.0,1.0
0001679788-24-000171,2024-09-20T20:11:59.000Z,0001589043,S,400.0,161.34,64536.0,1.0
0001679788-24-000170,2024-09-18T20:17:19.000Z,0001668711,S,6500.0,0.0,0.0,1.0
0001679788-24-000169,2024-09-17T21:45:44.000Z,0001851658,S,1500.0,162.24,243360.0,1.0
0001679788-24-000168,2024-09-16T20:22:49.000Z,0001851492,S,205.0,0.0,0.0,1.0
0001679788-24-000168,2024-09-16T20:22:49.000Z,0001851492,S,1510.0,0.0,0.0,1.0
0001679788-24-000168,2024-09-16T20:22:49.000Z,0001851492,S,1228.0,0.0,0.0,1.0
0001679788-24-000168,2024-09-16T20:22:49.000Z,0001851492,S,2488.0,0.0,0.0,1.0
0001679788-24-000168,2024-09-16T20:22:49.000Z,0001851492,S,2196.0,0.0,0.0,1.0
0001679788-24-000168,2024-09-16T20:22:49.000Z,0001851492,S,3140.0,0.0,0.0,1.0
0001679788-24-000168,2024-09-16T20:22:49.000Z,0001851492,S,2343.0,0.0,0.0,1.0
0001679788-24-000168,2024-09-16T20:22:49.000Z,0001851492,S,1409.0,0.0,0.0,1.0
0001679788-24-000168,2024-09-16T20:22:49.000Z,0001851492,S,856.0,0.0,0.0,1.0
0001679788-24-000167,2024-09-05T20:32:19.000Z,0001851492,S,2584.0,0.0,0.0,1.0
0001679788-24-000167,2024-09-05T20:32:19.000Z,0001851492,S,902.0,0.0,0.0,1.0
0001679788-24-000167,2024-09-05T20:32:19.000Z,0001851492,S,3721.0,0.0,0.0,1.0
0001679788-24-000167,2024-09-05T20:32:19.000Z,0001851492,S,1874.0,0.0,0.0,1.0
0001679788-24-000167,2024-09-05T20:32:19.000Z,0001851492,S,1602.0,0.0,0.0,1.0
0001679788-24-000167,2024-09-05T20:32:19.000Z,0001851492,S,1903.0,0.0,0.0,1.0
0001679788-24-000167,2024-09-05T20:32:19.000Z,0001851492,S,2637.0,0.0,0.0,1.0
0001679788-24-000167,2024-09-05T20:32:19.000Z,0001851492,S,3720.0,0.0,0.0,1.0
0001679788-24-000167,2024-09-05T20:32:19.000Z,0001851492,S,3638.0,0.0,0.0,1.0
0001679788-24-000167,2024-09-05T20:32:19.000Z,0001851492,S,494.0,0.0,0.0,1.0
0001679788-24-000166,2024-09-04T20:45:42.000Z,,-,,,,
0001679788-24-000165,2024-09-04T20:25:27.000Z,0001851658,S,1500.0,188.94,283410.0,1.0
0001679788-24-000165,2024-09-04T20:25:27.000Z,0001851658,S,1327.0,0.0,0.0,1.0
0001679788-24-000165,2024-09-04T20:25:27.000Z,0001851658,S,375.0,0.0,0.0,1.0
0001679788-24-000165,2024-09-04T20:25:27.000Z,0001851658,S,1098.0,0.0,0.0,1.0
0001679788-24-000165,2024-09-04T20:25:27.000Z,0001851658,S,400.0,0.0,0.0,1.0
0001679788-24-000165,2024-09-04T20:25:27.000Z,0001851658,S,200.0,0.0,0.0,1.0
0001679788-24-000165,2024-09-04T20:25:27.000Z,0001851658,S,100.0,174.62,17462.0,1.0
0001679788-24-000165,2024-09-04T20:25:27.000Z,0001851658,S,700.0,0.0,0.0,1.0
0001679788-24-000165,2024-09-04T20:25:27.000Z,0001851658,S,600.0,0.0,0.0,1.0
0001679788-24-000165,2024-09-04T20:25:27.000Z,0001851658,S,100.0,179.6,17960.0,1.0
0001679788-24-000165,2024-09-04T20:25:27.000Z,0001851658,S,3100.0,0.0,0.0,1.0
0001679788-24-000164,2024-08-28T21:36:57.000Z,0001851414,S,2919.0,0.0,0.0,1.0
0001679788-24-000164,2024-08-28T21:36:57.000Z,0001851414,S,3292.0,0.0,0.0,1.0
0001679788-24-000164,2024-08-28T21:36:57.000Z,0001851414,S,3123.0,0.0,0.0,1.0
0001679788-24-000164,2024-08-28T21:36:57.000Z,0001851414,S,4653.0,0.0,0.0,1.0
0001679788-24-000164,2024-08-28T21:36:57.000Z,0001851414,S,2000.0,0.0,0.0,1.0
0001679788-24-000164,2024-08-28T21:36:57.000Z,0001851414,S,865.0,0.0,0.0,1.0
0001679788-24-000164,2024-08-28T21:36:57.000Z,0001851414,S,110.0,0.0,0.0,1.0
0001679788-24-000163,2024-08-27T20:17:08.000Z,0001963975,S,1095.0,0.0,0.0,1.0
0001679788-24-000163,2024-08-27T20:17:08.000Z,0001963975,S,1103.0,0.0,0.0,1.0
0001679788-24-000163,2024-08-27T20:17:08.000Z,0001963975,S,500.0,0.0,0.0,1.0
0001679788-24-000163,2024-08-27T20:17:08.000Z,0001963975,S,2300.0,0.0,0.0,1.0
0001679788-24-000163,2024-08-27T20:17:08.000Z,0001963975,S,1100.0,0.0,0.0,1.0
0001679788-24-000163,2024-08-27T20:17:08.000Z,0001963975,S,807.0,0.0,0.0,1.0
0001679788-24-000163,2024-08-27T20:17:08.000Z,0001963975,S,1500.0,0.0,0.0,1.0
0001679788-24-000163,2024-08-27T20:17:08.000Z,0001963975,S,1693.0,0.0,0.0,1.0
0001679788-24-000163,2024-08-27T20:17:08.000Z,0001963975,S,1100.0,0.0,0.0,1.0
0001679788-24-000163,2024-08-27T20:17:08.000Z,0001963975,S,4412.0,0.0,0.0,1.0
0001679788-24-000162,2024-08-26T20:49:00.000Z,0001851432,S,517.0,0.0,0.0,1.0
0001679788-24-000162,2024-08-26T20:49:00.000Z,0001851432,S,500.0,0.0,0.0,1.0
0001679788-24-000162,2024-08-26T20:49:00.000Z,0001851432,S,700.0,0.0,0.0,1.0
0001679788-24-000162,2024-08-26T20:49:00.000Z,0001851432,S,400.0,0.0,0.0,1.0
0001679788-24-000162,2024-08-26T20:49:00.000Z,0001851432,S,500.0,0.0,0.0,1.0
0001679788-24-000162,2024-08-26T20:49:00.000Z,0001851432,S,201.0,0.0,0.0,1.0
0001679788-24-000162,2024-08-26T20:49:00.000Z,0001851432,S,100.0,205.66,20566.0,1.0
0001679788-24-000161,2024-08-22T20:16:33.000Z,0001668711,S,364.0,0.0,0.0,0.0
0001679788-24-000161,2024-08-22T20:16:33.000Z,0001668711,S,607.0,0.0,0.0,0.0
0001679788-24-000161,2024-08-22T20:16:33.000Z,0001668711,S,686.0,0.0,0.0,0.0
0001679788-24-000161,2024-08-22T20:16:33.000Z,0001668711,S,483.0,0.0,0.0,0.0
0001679788-24-000161,2024-08-22T20:16:33.000Z,0001668711,S,446.0,0.0,0.0,0.0
0001679788-24-000161,2024-08-22T20:16:33.000Z,0001668711,S,192.0,0.0,0.0,0.0
0001679788-24-000161,2024-08-22T20:16:33.000Z,0001668711,S,271.0,0.0,0.0,0.0
0001679788-24-000161,2024-08-22T20:16:33.000Z,0001668711,S,187.0,0.0,0.0,0.0
0001679788-24-000161,2024-08-22T20:16:33.000Z,0001668711,S,78.0,0.0,0.0,0.0
0001679788-24-000161,2024-08-22T20:16:33.000Z,0001668711,S,94.0,0.0,0.0,0.0
0001679788-24-000161,2024-08-22T20:16:33.000Z,0001668711,S,60.0,0.0,0.0,0.0
0001679788-24-000161,2024-08-22T20:16:33.000Z,0001668711,S,105.0,0.0,0.0,0.0
0001679788-24-000161,2024-08-22T20:16:33.000Z,0001668711,S,34.0,0.0,0.0,0.0
0001679788-24-000161,2024-08-22T20:16:33.000Z,0001668711,S,186.0,0.0,0.0,0.0
0001679788-24-000161,2024-08-22T20:16:33.000Z,0001668711,S,199.0,0.0,0.0,0.0
0001679788-24-000161,2024-08-22T20:16:33.000Z,0001668711,S,45.0,0.0,0.0,0.0
0001679788-24-000161,2024-08-22T20:16:33.000Z,0001668711,S,91.0,0.0,0.0,0.0
0001679788-24-000161,2024-08-22T20:16:33.000Z,0001668711,S,1.0,209.46,209.46,0.0
0001679788-24-000160,2024-08-22T20:15:43.000Z,0001851658,S,1471.0,0.0,0.0,0.0
0001679788-24-000160,2024-08-22T20:15:43.000Z,0001851658,S,2732.0,0.0,0.0,0.0
0001679788-24-000160,2024-08-22T20:15:43.000Z,0001851658,S,1885.0,0.0,0.0,0.0
0001679788-24-000160,2024-08-22T20:15:43.000Z,0001851658,S,2875.0,0.0,0.0,0.0
0001679788-24-000160,2024-08-22T20:15:43.000Z,0001851658,S,1386.0,0.0,0.0,0.0
0001679788-24-000160,2024-08-22T20:15:43.000Z,0001851658,S,800.0,0.0,0.0,0.0
0001679788-24-000160,2024-08-22T20:15:43.000Z,0001851658,S,600.0,0.0,0.0,0.0
0001679788-24-000160,2024-08-22T20:15:43.000Z,0001851658,S,400.0,0.0,0.0,0.0
0001679788-24-000160,2024-08-22T20:15:43.000Z,0001851658,S,200.0,0.0,0.0,0.0
0001679788-24-000160,2024-08-22T20:15:43.000Z,0001851658,S,400.0,0.0,0.0,0.0
0001679788-24-000160,2024-08-22T20:15:43.000Z,0001851658,S,200.0,0.0,0.0,0.0
0001679788-24-000160,2024-08-22T20:15:43.000Z,0001851658,S,800.0,0.0,0.0,0.0
0001679788-24-000160,2024-08-22T20:15:43.000Z,0001851658,S,310.0,0.0,0.0,0.0
0001679788-24-000159,2024-08-22T20:14:47.000Z,0001963975,S,1600.0,0.0,0.0,0.0
0001679788-24-000159,2024-08-22T20:14:47.000Z,0001963975,S,2700.0,0.0,0.0,0.0
0001679788-24-000159,2024-08-22T20:14:47.000Z,0001963975,S,1962.0,0.0,0.0,0.0
0001679788-24-000159,2024-08-22T20:14:47.000Z,0001963975,S,3250.0,0.0,0.0,0.0
0001679788-24-000159,2024-08-22T20:14:47.000Z,0001963975,S,1469.0,0.0,0.0,0.0
0001679788-24-000159,2024-08-22T20:14:47.000Z,0001963975,S,1000.0,0.0,0.0,0.0
0001679788-24-000159,2024-08-22T20:14:47.000Z,0001963975,S,500.0,0.0,0.0,0.0
0001679788-24-000159,2024-08-22T20:14:47.000Z,0001963975,S,500.0,0.0,0.0,0.0
0001679788-24-000159,2024-08-22T20:14:47.000Z,0001963975,S,300.0,0.0,0.0,0.0
0001679788-24-000159,2024-08-22T20:14:47.000Z,0001963975,S,300.0,0.0,0.0,0.0
0001679788-24-000159,2024-08-22T20:14:47.000Z,0001963975,S,400.0,0.0,0.0,0.0
0001679788-24-000159,2024-08-22T20:14:47.000Z,0001963975,S,509.0,0.0,0.0,0.0
0001679788-24-000159,2024-08-22T20:14:47.000Z,0001963975,S,629.0,0.0,0.0,0.0
0001679788-24-000159,2024-08-22T20:14:47.000Z,0001963975,S,100.0,207.76,20776.0,0.0
0001679788-24-000158,2024-08-22T20:13:45.000Z,0001851414,S,1352.0,0.0,0.0,0.0
0001679788-24-000158,2024-08-22T20:13:45.000Z,0001851414,S,2114.0,0.0,0.0,0.0
0001679788-24-000158,2024-08-22T20:13:45.000Z,0001851414,S,1573.0,0.0,0.0,0.0
0001679788-24-000158,2024-08-22T20:13:45.000Z,0001851414,S,2893.0,0.0,0.0,0.0
0001679788-24-000158,2024-08-22T20:13:45.000Z,0001851414,S,1062.0,0.0,0.0,0.0
0001679788-24-000158,2024-08-22T20:13:45.000Z,0001851414,S,643.0,0.0,0.0,0.0
0001679788-24-000158,2024-08-22T20:13:45.000Z,0001851414,S,300.0,0.0,0.0,0.0
0001679788-24-000158,2024-08-22T20:13:45.000Z,0001851414,S,500.0,0.0,0.0,0.0
0001679788-24-000158,2024-08-22T20:13:45.000Z,0001851414,S,300.0,0.0,0.0,0.0
0001679788-24-000158,2024-08-22T20:13:45.000Z,0001851414,S,300.0,0.0,0.0,0.0
0001679788-24-000158,2024-08-22T20:13:45.000Z,0001851414,S,300.0,0.0,0.0,0.0
0001679788-24-000158,2024-08-22T20:13:45.000Z,0001851414,S,500.0,0.0,0.0,0.0
0001679788-24-000158,2024-08-22T20:13:45.000Z,0001851414,S,300.0,0.0,0.0,0.0
0001679788-24-000157,2024-08-22T20:12:23.000Z,0001851432,S,869.0,209.11,181716.59000000003,1.0
0001679788-24-000156,2024-08-22T20:11:02.000Z,0001851432,S,600.0,0.0,0.0,0.0
0001679788-24-000156,2024-08-22T20:11:02.000Z,0001851432,S,550.0,0.0,0.0,0.0
0001679788-24-000156,2024-08-22T20:11:02.000Z,0001851432,S,307.0,0.0,0.0,0.0
0001679788-24-000156,2024-08-22T20:11:02.000Z,0001851432,S,666.0,0.0,0.0,0.0
0001679788-24-000156,2024-08-22T20:11:02.000Z,0001851432,S,200.0,0.0,0.0,0.0
0001679788-24-000156,2024-08-22T20:11:02.000Z,0001851432,S,100.0,0.0,0.0,0.0
0001679788-24-000156,2024-08-22T20:11:02.000Z,0001851432,S,200.0,0.0,0.0,0.0
0001679788-24-000156,2024-08-22T20:11:02.000Z,0001851432,S,100.0,0.0,0.0,0.0
0001679788-24-000156,2024-08-22T20:11:02.000Z,0001851432,S,100.0,0.0,0.0,0.0
0001679788-24-000156,2024-08-22T20:11:02.000Z,0001851432,S,300.0,0.0,0.0,0.0
0001679788-24-000155,2024-08-16T20:11:58.000Z,0001851658,S,500.0,0.0,0.0,1.0
0001679788-24-000155,2024-08-16T20:11:58.000Z,0001851658,S,300.0,0.0,0.0,1.0
0001679788-24-000155,2024-08-16T20:11:58.000Z,0001851658,S,500.0,0.0,0.0,1.0
0001679788-24-000155,2024-08-16T20:11:58.000Z,0001851658,S,100.0,196.54,19654.0,1.0
0001679788-24-000155,2024-08-16T20:11:58.000Z,0001851658,S,100.0,200.83,20083.0,1.0
0001679788-24-000154,2024-08-16T20:10:56.000Z,0001851492,S,4478.0,0.0,0.0,1.0
0001679788-24-000154,2024-08-16T20:10:56.000Z,0001851492,S,7617.0,0.0,0.0,1.0
0001679788-24-000154,2024-08-16T20:10:56.000Z,0001851492,S,4723.0,0.0,0.0,1.0
0001679788-24-000154,2024-08-16T20:10:56.000Z,0001851492,S,3971.0,0.0,0.0,1.0
0001679788-24-000154,2024-08-16T20:10:56.000Z,0001851492,S,2232.0,0.0,0.0,1.0
0001679788-24-000154,2024-08-16T20:10:56.000Z,0001851492,S,54.0,197.88,10685.52,1.0
0001679788-24-000153,2024-08-16T20:09:43.000Z,0001668711,S,2558.0,0.0,0.0,1.0
0001679788-24-000153,2024-08-16T20:09:43.000Z,0001668711,S,2604.0,0.0,0.0,1.0
0001679788-24-000153,2024-08-16T20:09:43.000Z,0001668711,S,88.0,198.26,17446.879999999997,1.0
0001679788-24-000152,2024-08-07T20:15:46.000Z,0001851492,S,200.0,0.0,0.0,1.0
0001679788-24-000152,2024-08-07T20:15:46.000Z,0001851492,S,300.0,0.0,0.0,1.0
0001679788-24-000152,2024-08-07T20:15:46.000Z,0001851492,S,700.0,0.0,0.0,1.0
0001679788-24-000152,2024-08-07T20:15:46.000Z,0001851492,S,800.0,0.0,0.0,1.0
0001679788-24-000152,2024-08-07T20:15:46.000Z,0001851492,S,300.0,0.0,0.0,1.0
0001679788-24-000152,2024-08-07T20:15:46.000Z,0001851492,S,100.0,175.68,17568.0,1.0
0001679788-24-000152,2024-08-07T20:15:46.000Z,0001851492,S,100.0,177.33,17733.0,1.0
0001679788-24-000152,2024-08-07T20:15:46.000Z,0001851492,S,700.0,0.0,0.0,1.0
0001679788-24-000152,2024-08-07T20:15:46.000Z,0001851492,S,600.0,0.0,0.0,1.0
0001679788-24-000152,2024-08-07T20:15:46.000Z,0001851492,S,700.0,0.0,0.0,1.0
0001679788-24-000152,2024-08-07T20:15:46.000Z,0001851492,S,1600.0,0.0,0.0,1.0
0001679788-24-000152,2024-08-07T20:15:46.000Z,0001851492,S,1200.0,0.0,0.0,1.0
0001679788-24-000152,2024-08-07T20:15:46.000Z,0001851492,S,1800.0,0.0,0.0,1.0
0001679788-24-000152,2024-08-07T20:15:46.000Z,0001851492,S,2844.0,0.0,0.0,1.0
0001679788-24-000152,2024-08-07T20:15:46.000Z,0001851492,S,2040.0,0.0,0.0,1.0
0001679788-24-000152,2024-08-07T20:15:46.000Z,0001851492,S,2641.0,0.0,0.0,1.0
0001679788-24-000152,2024-08-07T20:15:46.000Z,0001851492,S,2050.0,0.0,0.0,1.0
0001679788-24-000152,2024-08-07T20:15:46.000Z,0001851492,S,2500.0,0.0,0.0,1.0
0001679788-24-000152,2024-08-07T20:15:46.000Z,0001851492,S,900.0,0.0,0.0,1.0
0001679788-24-000152,2024-08-07T20:15:46.000Z,0001851492,S,700.0,0.0,0.0,1.0
0001679788-24-000152,2024-08-07T20:15:46.000Z,0001851492,S,300.0,0.0,0.0,1.0
0001679788-24-000151,2024-08-07T20:12:37.000Z,,-,,,,
0001679788-24-000150,2024-08-02T20:15:28.000Z,0001851658,S,1500.0,233.0,349500.0,1.0
0001679788-24-000150,2024-08-02T20:15:28.000Z,0001851658,S,768.0,0.0,0.0,1.0
0001679788-24-000150,2024-08-02T20:15:28.000Z,0001851658,S,300.0,0.0,0.0,1.0
0001679788-24-000150,2024-08-02T20:15:28.000Z,0001851658,S,1000.0,0.0,0.0,1.0
0001679788-24-000150,2024-08-02T20:15:28.000Z,0001851658,S,1031.0,0.0,0.0,1.0
0001679788-24-000150,2024-08-02T20:15:28.000Z,0001851658,S,1701.0,0.0,0.0,1.0
0001679788-24-000150,2024-08-02T20:15:28.000Z,0001851658,S,100.0,214.15,21415.0,1.0
0001679788-24-000150,2024-08-02T20:15:28.000Z,0001851658,S,600.0,0.0,0.0,1.0
0001679788-24-000150,2024-08-02T20:15:28.000Z,0001851658,S,600.0,0.0,0.0,1.0
0001679788-24-000150,2024-08-02T20:15:28.000Z,0001851658,S,200.0,0.0,0.0,1.0
0001679788-24-000150,2024-08-02T20:15:28.000Z,0001851658,S,300.0,0.0,0.0,1.0
0001679788-24-000150,2024-08-02T20:15:28.000Z,0001851658,S,100.0,220.2,22020.0,1.0
0001679788-24-000150,2024-08-02T20:15:28.000Z,0001851658,S,200.0,0.0,0.0,1.0
0001679788-24-000150,2024-08-02T20:15:28.000Z,0001851658,S,400.0,0.0,0.0,1.0
0001679788-24-000150,2024-08-02T20:15:28.000Z,0001851658,S,300.0,0.0,0.0,1.0
0001679788-24-000150,2024-08-02T20:15:28.000Z,0001851658,S,400.0,0.0,0.0,1.0
0001679788-24-000142,2024-07-29T20:18:49.000Z,0001851414,S,194.0,0.0,0.0,1.0
0001679788-24-000142,2024-07-29T20:18:49.000Z,0001851414,S,120.0,0.0,0.0,1.0
0001679788-24-000142,2024-07-29T20:18:49.000Z,0001851414,S,123.0,0.0,0.0,1.0
0001679788-24-000142,2024-07-29T20:18:49.000Z,0001851414,S,76.0,0.0,0.0,1.0
0001679788-24-000142,2024-07-29T20:18:49.000Z,0001851414,S,434.0,0.0,0.0,1.0
0001679788-24-000142,2024-07-29T20:18:49.000Z,0001851414,S,481.0,0.0,0.0,1.0
0001679788-24-000142,2024-07-29T20:18:49.000Z,0001851414,S,1148.0,0.0,0.0,1.0
0001679788-24-000142,2024-07-29T20:18:49.000Z,0001851414,S,1185.0,0.0,0.0,1.0
0001679788-24-000142,2024-07-29T20:18:49.000Z,0001851414,S,1932.0,0.0,0.0,1.0
0001679788-24-000142,2024-07-29T20:18:49.000Z,0001851414,S,1711.0,0.0,0.0,1.0
0001679788-24-000142,2024-07-29T20:18:49.000Z,0001851414,S,715.0,0.0,0.0,1.0
0001679788-24-000142,2024-07-29T20:18:49.000Z,0001851414,S,852.0,0.0,0.0,1.0
0001679788-24-000142,2024-07-29T20:18:49.000Z,0001851414,S,602.0,0.0,0.0,1.0
0001679788-24-000142,2024-07-29T20:18:49.000Z,0001851414,S,426.0,0.0,0.0,1.0
0001679788-24-000142,2024-07-29T20:18:49.000Z,0001851414,S,1.0,241.62,241.62,1.0
0001679788-24-000140,2024-07-26T20:24:24.000Z,,-,,,,
0001679788-24-000139,2024-07-26T20:23:18.000Z,,-,,,,
0001679788-24-000138,2024-07-26T20:22:27.000Z,,-,,,,
0001679788-24-000137,2024-07-26T20:19:48.000Z,,-,,,,
0001679788-24-000130,2024-07-17T20:17:36.000Z,0001851658,S,1500.0,229.7,344550.0,1.0
0001679788-24-000129,2024-07-17T20:15:09.000Z,0001668711,S,2250.0,0.0,0.0,1.0
0001679788-24-000129,2024-07-17T20:15:09.000Z,0001668711,S,2250.0,229.7,516825.0,1.0
0001679788-24-000128,2024-07-15T21:25:00.000Z,0001851492,S,1505.0,0.0,0.0,1.0
0001679788-24-000128,2024-07-15T21:25:00.000Z,0001851492,S,3932.0,0.0,0.0,1.0
0001679788-24-000128,2024-07-15T21:25:00.000Z,0001851492,S,1172.0,0.0,0.0,1.0
0001679788-24-000128,2024-07-15T21:25:00.000Z,0001851492,S,2600.0,0.0,0.0,1.0
0001679788-24-000128,2024-07-15T21:25:00.000Z,0001851492,S,1949.0,0.0,0.0,1.0
0001679788-24-000128,2024-07-15T21:25:00.000Z,0001851492,S,382.0,0.0,0.0,1.0
0001679788-24-000128,2024-07-15T21:25:00.000Z,0001851492,S,400.0,0.0,0.0,1.0
0001679788-24-000128,2024-07-15T21:25:00.000Z,0001851492,S,300.0,0.0,0.0,1.0
0001679788-24-000128,2024-07-15T21:25:00.000Z,0001851492,S,800.0,0.0,0.0,1.0
0001679788-24-000128,2024-07-15T21:25:00.000Z,0001851492,S,2373.0,0.0,0.0,1.0
0001679788-24-000128,2024-07-15T21:25:00.000Z,0001851492,S,3457.0,0.0,0.0,1.0
0001679788-24-000128,2024-07-15T21:25:00.000Z,0001851492,S,3205.0,0.0,0.0,1.0
0001679788-24-000128,2024-07-15T21:25:00.000Z,0001851492,S,900.0,0.0,0.0,1.0
0001679788-24-000128,2024-07-15T21:25:00.000Z,0001851492,S,100.0,227.1,22710.0,1.0
0001679788-24-000127,2024-07-03T23:20:08.000Z,0001851432,S,450.0,225.7,101565.0,1.0
0001415889-24-019184,2024-07-03T20:18:00.000Z,0001851492,S,1100.0,0.0,0.0,1.0
0001415889-24-019184,2024-07-03T20:18:00.000Z,0001851492,S,2931.0,0.0,0.0,1.0
0001415889-24-019184,2024-07-03T20:18:00.000Z,0001851492,S,3112.0,0.0,0.0,1.0
0001415889-24-019184,2024-07-03T20:18:00.000Z,0001851492,S,8228.0,0.0,0.0,1.0
0001415889-24-019184,2024-07-03T20:18:00.000Z,0001851492,S,700.0,0.0,0.0,1.0
0001415889-24-019184,2024-07-03T20:18:00.000Z,0001851492,S,3193.0,0.0,0.0,1.0
0001415889-24-019184,2024-07-03T20:18:00.000Z,0001851492,S,3811.0,0.0,0.0,1.0
0001415889-24-018915,2024-07-02T20:30:50.000Z,0001851658,S,1500.0,223.95,335925.0,1.0
0001415889-24-018915,2024-07-02T20:30:50.000Z,0001851658,S,500.0,0.0,0.0,1.0
0001415889-24-018915,2024-07-02T20:30:50.000Z,0001851658,S,700.0,0.0,0.0,1.0
0001415889-24-018915,2024-07-02T20:30:50.000Z,0001851658,S,359.0,0.0,0.0,1.0
0001415889-24-018915,2024-07-02T20:30:50.000Z,0001851658,S,1324.0,0.0,0.0,1.0
0001415889-24-018915,2024-07-02T20:30:50.000Z,0001851658,S,800.0,0.0,0.0,1.0
0001415889-24-018915,2024-07-02T20:30:50.000Z,0001851658,S,400.0,0.0,0.0,1.0
0001415889-24-018915,2024-07-02T20:30:50.000Z,0001851658,S,1445.0,0.0,0.0,1.0
0001415889-24-018915,2024-07-02T20:30:50.000Z,0001851658,S,1872.0,0.0,0.0,1.0
0001415889-24-018915,2024-07-02T20:30:50.000Z,0001851658,S,600.0,0.0,0.0,1.0
0001679788-24-000126,2024-06-27T20:18:09.000Z,0001851414,S,607.0,0.0,0.0,1.0
0001679788-24-000126,2024-06-27T20:18:09.000Z,0001851414,S,681.0,0.0,0.0,1.0
0001679788-24-000126,2024-06-27T20:18:09.000Z,0001851414,S,860.0,0.0,0.0,1.0
0001679788-24-000126,2024-06-27T20:18:09.000Z,0001851414,S,501.0,0.0,0.0,1.0
0001679788-24-000126,2024-06-27T20:18:09.000Z,0001851414,S,404.0,0.0,0.0,1.0
0001679788-24-000126,2024-06-27T20:18:09.000Z,0001851414,S,1354.0,0.0,0.0,1.0
0001679788-24-000126,2024-06-27T20:18:09.000Z,0001851414,S,955.0,0.0,0.0,1.0
0001679788-24-000126,2024-06-27T20:18:09.000Z,0001851414,S,2165.0,0.0,0.0,1.0
0001679788-24-000126,2024-06-27T20:18:09.000Z,0001851414,S,2448.0,0.0,0.0,1.0
0001679788-24-000126,2024-06-27T20:18:09.000Z,0001851414,S,25.0,0.0,0.0,1.0
0001679788-24-000125,2024-06-20T21:46:44.000Z,0001668711,S,1575.0,0.0,0.0,1.0
0001679788-24-000125,2024-06-20T21:46:44.000Z,0001668711,S,2575.0,0.0,0.0,1.0
0001679788-24-000125,2024-06-20T21:46:44.000Z,0001668711,S,200.0,0.0,0.0,1.0
0001679788-24-000121,2024-06-18T20:16:40.000Z,,-,,,,
0001679788-24-000120,2024-06-18T20:15:48.000Z,,-,,,,
0001679788-24-000119,2024-06-18T20:15:01.000Z,,-,,,,
0001679788-24-000118,2024-06-18T20:13:01.000Z,,-,,,,
0001679788-24-000117,2024-06-18T20:11:50.000Z,,-,,,,
0001679788-24-000116,2024-06-18T20:10:48.000Z,,-,,,,
0001679788-24-000115,2024-06-18T20:09:52.000Z,0001851658,S,1500.0,246.16,369240.0,1.0
0001679788-24-000114,2024-06-12T20:28:09.000Z,0001851492,S,200.0,0.0,0.0,1.0
0001679788-24-000114,2024-06-12T20:28:09.000Z,0001851492,S,1166.0,0.0,0.0,1.0
0001679788-24-000114,2024-06-12T20:28:09.000Z,0001851492,S,3034.0,0.0,0.0,1.0
0001679788-24-000114,2024-06-12T20:28:09.000Z,0001851492,S,1900.0,0.0,0.0,1.0
0001679788-24-000114,2024-06-12T20:28:09.000Z,0001851492,S,1400.0,0.0,0.0,1.0
0001679788-24-000114,2024-06-12T20:28:09.000Z,0001851492,S,2535.0,0.0,0.0,1.0
0001679788-24-000114,2024-06-12T20:28:09.000Z,0001851492,S,415.0,0.0,0.0,1.0
0001679788-24-000114,2024-06-12T20:28:09.000Z,0001851492,S,2750.0,0.0,0.0,1.0
0001679788-24-000114,2024-06-12T20:28:09.000Z,0001851492,S,3399.0,0.0,0.0,1.0
0001679788-24-000114,2024-06-12T20:28:09.000Z,0001851492,S,2541.0,0.0,0.0,1.0
0001679788-24-000114,2024-06-12T20:28:09.000Z,0001851492,S,3535.0,0.0,0.0,1.0
0001679788-24-000114,2024-06-12T20:28:09.000Z,0001851492,S,200.0,0.0,0.0,1.0
0001679788-24-000113,2024-06-07T20:32:02.000Z,0001963975,S,4634.0,250.0,1158500.0,1.0
0001679788-24-000112,2024-06-07T20:30:43.000Z,0001227688,S,80539.0,0.0,0.0,1.0
0001679788-24-000110,2024-06-07T20:29:22.000Z,0001851432,S,526.0,249.0,130974.0,1.0
0001679788-24-000109,2024-06-05T20:12:48.000Z,0001851492,S,1395.0,0.0,0.0,1.0
0001679788-24-000109,2024-06-05T20:12:48.000Z,0001851492,S,2105.0,0.0,0.0,1.0
0001679788-24-000109,2024-06-05T20:12:48.000Z,0001851492,S,2600.0,0.0,0.0,1.0
0001679788-24-000109,2024-06-05T20:12:48.000Z,0001851492,S,5502.0,0.0,0.0,1.0
0001679788-24-000109,2024-06-05T20:12:48.000Z,0001851492,S,4499.0,0.0,0.0,1.0
0001679788-24-000109,2024-06-05T20:12:48.000Z,0001851492,S,2474.0,0.0,0.0,1.0
0001679788-24-000109,2024-06-05T20:12:48.000Z,0001851492,S,900.0,0.0,0.0,1.0
0001679788-24-000109,2024-06-05T20:12:48.000Z,0001851492,S,1400.0,0.0,0.0,1.0
0001679788-24-000109,2024-06-05T20:12:48.000Z,0001851492,S,500.0,0.0,0.0,1.0
0001679788-24-000109,2024-06-05T20:12:48.000Z,0001851492,S,595.0,0.0,0.0,1.0
0001679788-24-000109,2024-06-05T20:12:48.000Z,0001851492,S,997.0,0.0,0.0,1.0
0001679788-24-000109,2024-06-05T20:12:48.000Z,0001851492,S,108.0,0.0,0.0,1.0
0001679788-24-000108,2024-06-05T20:10:51.000Z,0001851432,S,450.0,232.6,104670.0,0.0
0001679788-24-000107,2024-06-04T20:21:19.000Z,0001851658,S,1500.0,239.09,358635.0,1.0
0001679788-24-000107,2024-06-04T20:21:19.000Z,0001851658,S,100.0,225.35,22535.0,1.0
0001679788-24-000107,2024-06-04T20:21:19.000Z,0001851658,S,500.0,0.0,0.0,1.0
0001679788-24-000107,2024-06-04T20:21:19.000Z,0001851658,S,803.0,0.0,0.0,1.0
0001679788-24-000107,2024-06-04T20:21:19.000Z,0001851658,S,2900.0,0.0,0.0,1.0
0001679788-24-000107,2024-06-04T20:21:19.000Z,0001851658,S,1463.0,0.0,0.0,1.0
0001679788-24-000107,2024-06-04T20:21:19.000Z,0001851658,S,1734.0,0.0,0.0,1.0
0001679788-24-000107,2024-06-04T20:21:19.000Z,0001851658,S,200.0,0.0,0.0,1.0
0001679788-24-000107,2024-06-04T20:21:19.000Z,0001851658,S,200.0,0.0,0.0,1.0
0001679788-24-000107,2024-06-04T20:21:19.000Z,0001851658,S,100.0,237.41,23741.0,1.0
0001679788-24-000106,2024-06-03T20:21:07.000Z,0001851432,S,200.0,0.0,0.0,0.0
0001679788-24-000106,2024-06-03T20:21:07.000Z,0001851432,S,3183.0,0.0,0.0,0.0
0001679788-24-000106,2024-06-03T20:21:07.000Z,0001851432,S,900.0,0.0,0.0,0.0
0001679788-24-000106,2024-06-03T20:21:07.000Z,0001851432,S,1500.0,0.0,0.0,0.0
0001679788-24-000106,2024-06-03T20:21:07.000Z,0001851432,S,1000.0,0.0,0.0,0.0
0001679788-24-000106,2024-06-03T20:21:07.000Z,0001851432,S,1634.0,0.0,0.0,0.0
0001679788-24-000106,2024-06-03T20:21:07.000Z,0001851432,S,3363.0,0.0,0.0,0.0
0001679788-24-000106,2024-06-03T20:21:07.000Z,0001851432,S,700.0,0.0,0.0,0.0
0001679788-24-000106,2024-06-03T20:21:07.000Z,0001851432,S,1700.0,0.0,0.0,0.0
0001679788-24-000106,2024-06-03T20:21:07.000Z,0001851432,S,700.0,0.0,0.0,0.0
0001679788-24-000106,2024-06-03T20:21:07.000Z,0001851432,S,500.0,0.0,0.0,0.0
0001679788-24-000106,2024-06-03T20:21:07.000Z,0001851432,S,100.0,245.63,24563.0,0.0
0001679788-24-000106,2024-06-03T20:21:07.000Z,0001851432,S,100.0,248.15,24815.0,0.0
0001679788-24-000105,2024-05-30T20:37:24.000Z,0001227688,S,300.0,0.0,0.0,1.0
0001679788-24-000105,2024-05-30T20:37:24.000Z,0001227688,S,300.0,0.0,0.0,1.0
0001679788-24-000105,2024-05-30T20:37:24.000Z,0001227688,S,300.0,0.0,0.0,1.0
0001679788-24-000105,2024-05-30T20:37:24.000Z,0001227688,S,1000.0,0.0,0.0,1.0
0001679788-24-000105,2024-05-30T20:37:24.000Z,0001227688,S,1400.0,0.0,0.0,1.0
0001679788-24-000105,2024-05-30T20:37:24.000Z,0001227688,S,900.0,0.0,0.0,1.0
0001679788-24-000105,2024-05-30T20:37:24.000Z,0001227688,S,1700.0,0.0,0.0,1.0
0001679788-24-000105,2024-05-30T20:37:24.000Z,0001227688,S,2101.0,0.0,0.0,1.0
0001679788-24-000105,2024-05-30T20:37:24.000Z,0001227688,S,1995.0,0.0,0.0,1.0
0001679788-24-000105,2024-05-30T20:37:24.000Z,0001227688,S,429.0,0.0,0.0,1.0
0001679788-24-000105,2024-05-30T20:37:24.000Z,0001227688,S,1700.0,0.0,0.0,1.0
0001679788-24-000105,2024-05-30T20:37:24.000Z,0001227688,S,800.0,0.0,0.0,1.0
0001679788-24-000105,2024-05-30T20:37:24.000Z,0001227688,S,1975.0,0.0,0.0,1.0
0001679788-24-000105,2024-05-30T20:37:24.000Z,0001227688,S,100.0,246.95,24695.0,1.0
0001679788-24-000104,2024-05-30T20:35:45.000Z,0001851414,S,450.0,0.0,0.0,1.0
0001679788-24-000104,2024-05-30T20:35:45.000Z,0001851414,S,800.0,0.0,0.0,1.0
0001679788-24-000104,2024-05-30T20:35:45.000Z,0001851414,S,1393.0,0.0,0.0,1.0
0001679788-24-000104,2024-05-30T20:35:45.000Z,0001851414,S,500.0,0.0,0.0,1.0
0001679788-24-000104,2024-05-30T20:35:45.000Z,0001851414,S,1168.0,0.0,0.0,1.0
0001679788-24-000104,2024-05-30T20:35:45.000Z,0001851414,S,2137.0,0.0,0.0,1.0
0001679788-24-000104,2024-05-30T20:35:45.000Z,0001851414,S,1110.0,0.0,0.0,1.0
0001679788-24-000104,2024-05-30T20:35:45.000Z,0001851414,S,2306.0,0.0,0.0,1.0
0001679788-24-000104,2024-05-30T20:35:45.000Z,0001851414,S,2472.0,0.0,0.0,1.0
0001679788-24-000104,2024-05-30T20:35:45.000Z,0001851414,S,2040.0,0.0,0.0,1.0
0001679788-24-000104,2024-05-30T20:35:45.000Z,0001851414,S,1469.0,0.0,0.0,1.0
0001679788-24-000104,2024-05-30T20:35:45.000Z,0001851414,S,799.0,0.0,0.0,1.0
0001679788-24-000104,2024-05-30T20:35:45.000Z,0001851414,S,136.0,0.0,0.0,1.0
0001679788-24-000104,2024-05-30T20:35:45.000Z,0001851414,S,664.0,0.0,0.0,1.0
0001679788-24-000103,2024-05-24T20:35:50.000Z,0001963975,S,2310.0,0.0,0.0,1.0
0001679788-24-000103,2024-05-24T20:35:50.000Z,0001963975,S,1844.0,0.0,0.0,1.0
0001679788-24-000103,2024-05-24T20:35:50.000Z,0001963975,S,3200.0,0.0,0.0,1.0
0001679788-24-000103,2024-05-24T20:35:50.000Z,0001963975,S,868.0,0.0,0.0,1.0
0001679788-24-000103,2024-05-24T20:35:50.000Z,0001963975,S,1300.0,0.0,0.0,1.0
0001679788-24-000103,2024-05-24T20:35:50.000Z,0001963975,S,500.0,0.0,0.0,1.0
0001679788-24-000103,2024-05-24T20:35:50.000Z,0001963975,S,900.0,0.0,0.0,1.0
0001679788-24-000103,2024-05-24T20:35:50.000Z,0001963975,S,2012.0,0.0,0.0,1.0
0001679788-24-000103,2024-05-24T20:35:50.000Z,0001963975,S,2088.0,0.0,0.0,1.0
0001679788-24-000103,2024-05-24T20:35:50.000Z,0001963975,S,300.0,0.0,0.0,1.0
0001679788-24-000103,2024-05-24T20:35:50.000Z,0001963975,S,100.0,229.07,22907.0,1.0
0001679788-24-000103,2024-05-24T20:35:50.000Z,0001963975,S,100.0,232.03,23203.0,1.0
0001679788-24-000103,2024-05-24T20:35:50.000Z,0001963975,S,934.0,0.0,0.0,1.0
0001679788-24-000102,2024-05-22T20:14:21.000Z,0001963975,S,300.0,0.0,0.0,0.0
0001679788-24-000102,2024-05-22T20:14:21.000Z,0001963975,S,500.0,0.0,0.0,0.0
0001679788-24-000102,2024-05-22T20:14:21.000Z,0001963975,S,2580.0,0.0,0.0,0.0
0001679788-24-000102,2024-05-22T20:14:21.000Z,0001963975,S,1552.0,0.0,0.0,0.0
0001679788-24-000102,2024-05-22T20:14:21.000Z,0001963975,S,700.0,0.0,0.0,0.0
0001679788-24-000102,2024-05-22T20:14:21.000Z,0001963975,S,300.0,0.0,0.0,0.0
0001679788-24-000102,2024-05-22T20:14:21.000Z,0001963975,S,300.0,0.0,0.0,0.0
0001679788-24-000102,2024-05-22T20:14:21.000Z,0001963975,S,300.0,0.0,0.0,0.0
0001679788-24-000102,2024-05-22T20:14:21.000Z,0001963975,S,1900.0,0.0,0.0,0.0
0001679788-24-000102,2024-05-22T20:14:21.000Z,0001963975,S,1700.0,0.0,0.0,0.0
0001679788-24-000102,2024-05-22T20:14:21.000Z,0001963975,S,1300.0,0.0,0.0,0.0
0001679788-24-000102,2024-05-22T20:14:21.000Z,0001963975,S,200.0,0.0,0.0,0.0
0001679788-24-000102,2024-05-22T20:14:21.000Z,0001963975,S,900.0,0.0,0.0,0.0
0001679788-24-000102,2024-05-22T20:14:21.000Z,0001963975,S,518.0,0.0,0.0,0.0
0001679788-24-000102,2024-05-22T20:14:21.000Z,0001963975,S,1175.0,221.432,260182.59999999998,0.0
0001679788-24-000102,2024-05-22T20:14:21.000Z,0001963975,S,19.0,224.4,4263.6,0.0
0001679788-24-000101,2024-05-22T20:13:31.000Z,0001851658,S,300.0,0.0,0.0,0.0
0001679788-24-000101,2024-05-22T20:13:31.000Z,0001851658,S,500.0,0.0,0.0,0.0
0001679788-24-000101,2024-05-22T20:13:31.000Z,0001851658,S,2823.0,0.0,0.0,0.0
0001679788-24-000101,2024-05-22T20:13:31.000Z,0001851658,S,1070.0,0.0,0.0,0.0
0001679788-24-000101,2024-05-22T20:13:31.000Z,0001851658,S,700.0,0.0,0.0,0.0
0001679788-24-000101,2024-05-22T20:13:31.000Z,0001851658,S,300.0,0.0,0.0,0.0
0001679788-24-000101,2024-05-22T20:13:31.000Z,0001851658,S,200.0,0.0,0.0,0.0
0001679788-24-000101,2024-05-22T20:13:31.000Z,0001851658,S,1000.0,0.0,0.0,0.0
0001679788-24-000101,2024-05-22T20:13:31.000Z,0001851658,S,1995.0,0.0,0.0,0.0
0001679788-24-000101,2024-05-22T20:13:31.000Z,0001851658,S,1495.0,0.0,0.0,0.0
0001679788-24-000101,2024-05-22T20:13:31.000Z,0001851658,S,400.0,0.0,0.0,0.0
0001679788-24-000101,2024-05-22T20:13:31.000Z,0001851658,S,850.0,0.0,0.0,0.0
0001679788-24-000101,2024-05-22T20:13:31.000Z,0001851658,S,477.0,0.0,0.0,0.0
0001679788-24-000101,2024-05-22T20:13:31.000Z,0001851658,S,1025.0,221.54,227078.5,0.0
0001679788-24-000101,2024-05-22T20:13:31.000Z,0001851658,S,20.0,222.9623,4459.246,0.0
0001679788-24-000100,2024-05-22T20:12:40.000Z,0001851432,S,700.0,0.0,0.0,0.0
0001679788-24-000100,2024-05-22T20:12:40.000Z,0001851432,S,362.0,0.0,0.0,0.0
0001679788-24-000100,2024-05-22T20:12:40.000Z,0001851432,S,200.0,0.0,0.0,0.0
0001679788-24-000100,2024-05-22T20:12:40.000Z,0001851432,S,100.0,211.35,21135.0,0.0
0001679788-24-000100,2024-05-22T20:12:40.000Z,0001851432,S,500.0,0.0,0.0,0.0
0001679788-24-000100,2024-05-22T20:12:40.000Z,0001851432,S,300.0,0.0,0.0,0.0
0001679788-24-000100,2024-05-22T20:12:40.000Z,0001851432,S,300.0,0.0,0.0,0.0
0001679788-24-000100,2024-05-22T20:12:40.000Z,0001851432,S,100.0,217.98,21798.0,0.0
0001679788-24-000100,2024-05-22T20:12:40.000Z,0001851432,S,138.0,0.0,0.0,0.0
0001679788-24-000100,2024-05-22T20:12:40.000Z,0001851432,S,222.0,221.4466,49161.1452,0.0
0001679788-24-000100,2024-05-22T20:12:40.000Z,0001851432,S,3.0,223.87,671.61,0.0
0001679788-24-000099,2024-05-22T20:11:55.000Z,0001851414,S,200.0,0.0,0.0,0.0
0001679788-24-000099,2024-05-22T20:11:55.000Z,0001851414,S,1047.0,0.0,0.0,0.0
0001679788-24-000099,2024-05-22T20:11:55.000Z,0001851414,S,1815.0,0.0,0.0,0.0
0001679788-24-000099,2024-05-22T20:11:55.000Z,0001851414,S,1002.0,0.0,0.0,0.0
0001679788-24-000099,2024-05-22T20:11:55.000Z,0001851414,S,500.0,0.0,0.0,0.0
0001679788-24-000099,2024-05-22T20:11:55.000Z,0001851414,S,300.0,0.0,0.0,0.0
0001679788-24-000099,2024-05-22T20:11:55.000Z,0001851414,S,200.0,0.0,0.0,0.0
0001679788-24-000099,2024-05-22T20:11:55.000Z,0001851414,S,900.0,0.0,0.0,0.0
0001679788-24-000099,2024-05-22T20:11:55.000Z,0001851414,S,1700.0,0.0,0.0,0.0
0001679788-24-000099,2024-05-22T20:11:55.000Z,0001851414,S,1200.0,0.0,0.0,0.0
0001679788-24-000099,2024-05-22T20:11:55.000Z,0001851414,S,400.0,0.0,0.0,0.0
0001679788-24-000099,2024-05-22T20:11:55.000Z,0001851414,S,794.0,0.0,0.0,0.0
0001679788-24-000099,2024-05-22T20:11:55.000Z,0001851414,S,1282.0,0.0,0.0,0.0
0001679788-24-000099,2024-05-22T20:11:55.000Z,0001851414,S,15.0,223.0554,3345.8309999999997,0.0
0001679788-24-000098,2024-05-22T20:10:59.000Z,0001668711,S,49.0,0.0,0.0,0.0
0001679788-24-000098,2024-05-22T20:10:59.000Z,0001668711,S,65.0,0.0,0.0,0.0
0001679788-24-000098,2024-05-22T20:10:59.000Z,0001668711,S,223.0,0.0,0.0,0.0
0001679788-24-000098,2024-05-22T20:10:59.000Z,0001668711,S,658.0,0.0,0.0,0.0
0001679788-24-000098,2024-05-22T20:10:59.000Z,0001668711,S,395.0,0.0,0.0,0.0
0001679788-24-000098,2024-05-22T20:10:59.000Z,0001668711,S,160.0,0.0,0.0,0.0
0001679788-24-000098,2024-05-22T20:10:59.000Z,0001668711,S,55.0,0.0,0.0,0.0
0001679788-24-000098,2024-05-22T20:10:59.000Z,0001668711,S,63.0,0.0,0.0,0.0
0001679788-24-000098,2024-05-22T20:10:59.000Z,0001668711,S,51.0,0.0,0.0,0.0
0001679788-24-000098,2024-05-22T20:10:59.000Z,0001668711,S,334.0,0.0,0.0,0.0
0001679788-24-000098,2024-05-22T20:10:59.000Z,0001668711,S,697.0,0.0,0.0,0.0
0001679788-24-000098,2024-05-22T20:10:59.000Z,0001668711,S,420.0,0.0,0.0,0.0
0001679788-24-000098,2024-05-22T20:10:59.000Z,0001668711,S,5.0,0.0,0.0,0.0
0001679788-24-000098,2024-05-22T20:10:59.000Z,0001668711,S,468.0,0.0,0.0,0.0
0001679788-24-000098,2024-05-22T20:10:59.000Z,0001668711,S,105.0,0.0,0.0,0.0
0001679788-24-000098,2024-05-22T20:10:59.000Z,0001668711,S,99.0,0.0,0.0,0.0
0001679788-24-000098,2024-05-22T20:10:59.000Z,0001668711,S,33.0,0.0,0.0,0.0
0001415889-24-013505,2024-05-17T20:21:37.000Z,0001589043,S,1144.0,215.0,245960.0,1.0
0001679788-24-000097,2024-05-15T20:24:58.000Z,0001851658,S,1500.0,195.9,293850.0,1.0
0001679788-24-000096,2024-05-15T20:22:17.000Z,0001851442,S,1200.0,0.0,0.0,1.0
0001679788-24-000096,2024-05-15T20:22:17.000Z,0001851442,S,1600.0,0.0,0.0,1.0
0001679788-24-000096,2024-05-15T20:22:17.000Z,0001851442,S,950.0,0.0,0.0,1.0
0001679788-24-000096,2024-05-15T20:22:17.000Z,0001851442,S,1900.0,0.0,0.0,1.0
0001679788-24-000096,2024-05-15T20:22:17.000Z,0001851442,S,8449.0,0.0,0.0,1.0
0001679788-24-000096,2024-05-15T20:22:17.000Z,0001851442,S,37135.0,0.0,0.0,1.0
0001679788-24-000096,2024-05-15T20:22:17.000Z,0001851442,S,31077.0,0.0,0.0,1.0
0001679788-24-000096,2024-05-15T20:22:17.000Z,0001851442,S,10533.0,0.0,0.0,1.0
0001679788-24-000096,2024-05-15T20:22:17.000Z,0001851442,S,11172.0,0.0,0.0,1.0
0001679788-24-000096,2024-05-15T20:22:17.000Z,0001851442,S,8200.0,0.0,0.0,1.0
0001679788-24-000096,2024-05-15T20:22:17.000Z,0001851442,S,2000.0,0.0,0.0,1.0
0001679788-24-000095,2024-05-15T20:16:19.000Z,0001851492,S,1300.0,0.0,0.0,1.0
0001679788-24-000095,2024-05-15T20:16:19.000Z,0001851492,S,3410.0,0.0,0.0,1.0
0001679788-24-000095,2024-05-15T20:16:19.000Z,0001851492,S,2661.0,0.0,0.0,1.0
0001679788-24-000095,2024-05-15T20:16:19.000Z,0001851492,S,2426.0,0.0,0.0,1.0
0001679788-24-000095,2024-05-15T20:16:19.000Z,0001851492,S,6500.0,0.0,0.0,1.0
0001679788-24-000095,2024-05-15T20:16:19.000Z,0001851492,S,4078.0,0.0,0.0,1.0
0001679788-24-000095,2024-05-15T20:16:19.000Z,0001851492,S,2000.0,0.0,0.0,1.0
0001679788-24-000095,2024-05-15T20:16:19.000Z,0001851492,S,700.0,0.0,0.0,1.0
0001679788-24-000094,2024-05-15T20:08:24.000Z,0001668711,S,4700.0,0.0,0.0,1.0
0001679788-24-000094,2024-05-15T20:08:24.000Z,0001668711,S,300.0,0.0,0.0,1.0
0001679788-24-000093,2024-05-10T20:47:13.000Z,0001851442,S,500.0,0.0,0.0,1.0
0001679788-24-000093,2024-05-10T20:47:13.000Z,0001851442,S,999.0,0.0,0.0,1.0
0001679788-24-000093,2024-05-10T20:47:13.000Z,0001851442,S,471.0,0.0,0.0,1.0
0001679788-24-000093,2024-05-10T20:47:13.000Z,0001851442,S,2060.0,0.0,0.0,1.0
0001679788-24-000093,2024-05-10T20:47:13.000Z,0001851442,S,4117.0,0.0,0.0,1.0
0001679788-24-000093,2024-05-10T20:47:13.000Z,0001851442,S,5112.0,0.0,0.0,1.0
0001679788-24-000093,2024-05-10T20:47:13.000Z,0001851442,S,3001.0,0.0,0.0,1.0
0001679788-24-000093,2024-05-10T20:47:13.000Z,0001851442,S,120.0,0.0,0.0,1.0
0001679788-24-000092,2024-05-07T20:15:32.000Z,0001851492,S,530.0,0.0,0.0,1.0
0001679788-24-000092,2024-05-07T20:15:32.000Z,0001851492,S,710.0,0.0,0.0,1.0
0001679788-24-000092,2024-05-07T20:15:32.000Z,0001851492,S,3655.0,0.0,0.0,1.0
0001679788-24-000092,2024-05-07T20:15:32.000Z,0001851492,S,1201.0,0.0,0.0,1.0
0001679788-24-000092,2024-05-07T20:15:32.000Z,0001851492,S,1832.0,0.0,0.0,1.0
0001679788-24-000092,2024-05-07T20:15:32.000Z,0001851492,S,3832.0,0.0,0.0,1.0
0001679788-24-000092,2024-05-07T20:15:32.000Z,0001851492,S,3020.0,0.0,0.0,1.0
0001679788-24-000092,2024-05-07T20:15:32.000Z,0001851492,S,2750.0,0.0,0.0,1.0
0001679788-24-000092,2024-05-07T20:15:32.000Z,0001851492,S,907.0,0.0,0.0,1.0
0001679788-24-000092,2024-05-07T20:15:32.000Z,0001851492,S,2000.0,0.0,0.0,1.0
0001679788-24-000092,2024-05-07T20:15:32.000Z,0001851492,S,618.0,0.0,0.0,1.0
0001679788-24-000092,2024-05-07T20:15:32.000Z,0001851492,S,1275.0,0.0,0.0,1.0
0001679788-24-000092,2024-05-07T20:15:32.000Z,0001851492,S,500.0,0.0,0.0,1.0
0001679788-24-000092,2024-05-07T20:15:32.000Z,0001851492,S,245.0,0.0,0.0,1.0
0001679788-24-000091,2024-05-03T20:13:53.000Z,0001851442,S,700.0,0.0,0.0,1.0
0001679788-24-000091,2024-05-03T20:13:53.000Z,0001851442,S,700.0,0.0,0.0,1.0
0001679788-24-000091,2024-05-03T20:13:53.000Z,0001851442,S,2882.0,0.0,0.0,1.0
0001679788-24-000091,2024-05-03T20:13:53.000Z,0001851442,S,1069.0,0.0,0.0,1.0
0001679788-24-000091,2024-05-03T20:13:53.000Z,0001851442,S,500.0,0.0,0.0,1.0
0001679788-24-000091,2024-05-03T20:13:53.000Z,0001851442,S,1357.0,0.0,0.0,1.0
0001679788-24-000091,2024-05-03T20:13:53.000Z,0001851442,S,200.0,0.0,0.0,1.0
0001679788-24-000091,2024-05-03T20:13:53.000Z,0001851442,S,500.0,0.0,0.0,1.0
0001679788-24-000091,2024-05-03T20:13:53.000Z,0001851442,S,1333.0,0.0,0.0,1.0
0001679788-24-000091,2024-05-03T20:13:53.000Z,0001851442,S,2330.0,0.0,0.0,1.0
0001679788-24-000091,2024-05-03T20:13:53.000Z,0001851442,S,1500.0,0.0,0.0,1.0
0001679788-24-000091,2024-05-03T20:13:53.000Z,0001851442,S,509.0,0.0,0.0,1.0
0001679788-24-000091,2024-05-03T20:13:53.000Z,0001851442,S,300.0,0.0,0.0,1.0
0001679788-24-000091,2024-05-03T20:13:53.000Z,0001851442,S,800.0,0.0,0.0,1.0
0001679788-24-000091,2024-05-03T20:13:53.000Z,0001851442,S,500.0,0.0,0.0,1.0
0001679788-24-000091,2024-05-03T20:13:53.000Z,0001851442,S,950.0,0.0,0.0,1.0
0001679788-24-000091,2024-05-03T20:13:53.000Z,0001851442,S,250.0,0.0,0.0,1.0
0001679788-24-000090,2024-05-02T22:22:39.000Z,0001851658,S,1500.0,215.0,322500.0,1.0
0001679788-24-000090,2024-05-02T22:22:39.000Z,0001851658,S,200.0,198.95,39790.0,1.0
0001679788-24-000090,2024-05-02T22:22:39.000Z,0001851658,S,220.0,0.0,0.0,1.0
0001679788-24-000090,2024-05-02T22:22:39.000Z,0001851658,S,600.0,0.0,0.0,1.0
0001679788-24-000090,2024-05-02T22:22:39.000Z,0001851658,S,700.0,0.0,0.0,1.0
0001679788-24-000090,2024-05-02T22:22:39.000Z,0001851658,S,900.0,0.0,0.0,1.0
0001679788-24-000090,2024-05-02T22:22:39.000Z,0001851658,S,800.0,0.0,0.0,1.0
0001679788-24-000090,2024-05-02T22:22:39.000Z,0001851658,S,300.0,0.0,0.0,1.0
0001679788-24-000090,2024-05-02T22:22:39.000Z,0001851658,S,1580.0,0.0,0.0,1.0
0001679788-24-000090,2024-05-02T22:22:39.000Z,0001851658,S,600.0,0.0,0.0,1.0
0001679788-24-000090,2024-05-02T22:22:39.000Z,0001851658,S,400.0,0.0,0.0,1.0
0001679788-24-000090,2024-05-02T22:22:39.000Z,0001851658,S,400.0,0.0,0.0,1.0
0001679788-24-000090,2024-05-02T22:22:39.000Z,0001851658,S,300.0,0.0,0.0,1.0
0001679788-24-000090,2024-05-02T22:22:39.000Z,0001851658,S,200.0,0.0,0.0,1.0
0001679788-24-000090,2024-05-02T22:22:39.000Z,0001851658,S,600.0,0.0,0.0,1.0
0001679788-24-000090,2024-05-02T22:22:39.000Z,0001851658,S,200.0,0.0,0.0,1.0
0001679788-24-000083,2024-04-29T20:58:51.000Z,0001851414,S,84.0,214.65,18030.600000000002,1.0
0001679788-24-000083,2024-04-29T20:58:51.000Z,0001851414,S,84.0,215.83,18129.72,1.0
0001679788-24-000083,2024-04-29T20:58:51.000Z,0001851414,S,952.0,0.0,0.0,1.0
0001679788-24-000083,2024-04-29T20:58:51.000Z,0001851414,S,780.0,0.0,0.0,1.0
0001679788-24-000083,2024-04-29T20:58:51.000Z,0001851414,S,532.0,0.0,0.0,1.0
0001679788-24-000083,2024-04-29T20:58:51.000Z,0001851414,S,1324.0,0.0,0.0,1.0
0001679788-24-000083,2024-04-29T20:58:51.000Z,0001851414,S,989.0,0.0,0.0,1.0
0001679788-24-000083,2024-04-29T20:58:51.000Z,0001851414,S,1099.0,0.0,0.0,1.0
0001679788-24-000083,2024-04-29T20:58:51.000Z,0001851414,S,1480.0,0.0,0.0,1.0
0001679788-24-000083,2024-04-29T20:58:51.000Z,0001851414,S,1856.0,0.0,0.0,1.0
0001679788-24-000083,2024-04-29T20:58:51.000Z,0001851414,S,820.0,0.0,0.0,1.0
0001415889-24-011517,2024-04-25T20:25:31.000Z,0001851442,S,500.0,0.0,0.0,1.0
0001415889-24-011517,2024-04-25T20:25:31.000Z,0001851442,S,700.0,0.0,0.0,1.0
0001415889-24-011517,2024-04-25T20:25:31.000Z,0001851442,S,811.0,0.0,0.0,1.0
0001415889-24-011517,2024-04-25T20:25:31.000Z,0001851442,S,800.0,0.0,0.0,1.0
0001415889-24-011517,2024-04-25T20:25:31.000Z,0001851442,S,500.0,0.0,0.0,1.0
0001415889-24-011517,2024-04-25T20:25:31.000Z,0001851442,S,400.0,0.0,0.0,1.0
0001415889-24-011517,2024-04-25T20:25:31.000Z,0001851442,S,1300.0,0.0,0.0,1.0
0001415889-24-011517,2024-04-25T20:25:31.000Z,0001851442,S,2726.0,0.0,0.0,1.0
0001415889-24-011517,2024-04-25T20:25:31.000Z,0001851442,S,2491.0,0.0,0.0,1.0
0001415889-24-011517,2024-04-25T20:25:31.000Z,0001851442,S,3952.0,0.0,0.0,1.0
0001415889-24-011517,2024-04-25T20:25:31.000Z,0001851442,S,1800.0,0.0,0.0,1.0
0001415889-24-011517,2024-04-25T20:25:31.000Z,0001851442,S,300.0,0.0,0.0,1.0
0001415889-24-011517,2024-04-25T20:25:31.000Z,0001851442,S,100.0,238.61,23861.0,1.0
0001679788-24-000073,2024-04-22T20:50:35.000Z,0001589043,S,1145.0,215.57,246827.65,1.0
0001679788-24-000071,2024-04-19T20:12:52.000Z,0001851442,S,400.0,0.0,0.0,1.0
0001679788-24-000071,2024-04-19T20:12:52.000Z,0001851442,S,800.0,0.0,0.0,1.0
0001679788-24-000071,2024-04-19T20:12:52.000Z,0001851442,S,1300.0,0.0,0.0,1.0
0001679788-24-000071,2024-04-19T20:12:52.000Z,0001851442,S,1175.0,0.0,0.0,1.0
0001679788-24-000071,2024-04-19T20:12:52.000Z,0001851442,S,2260.0,0.0,0.0,1.0
0001679788-24-000071,2024-04-19T20:12:52.000Z,0001851442,S,2315.0,0.0,0.0,1.0
0001679788-24-000071,2024-04-19T20:12:52.000Z,0001851442,S,3330.0,0.0,0.0,1.0
0001679788-24-000071,2024-04-19T20:12:52.000Z,0001851442,S,1100.0,0.0,0.0,1.0
0001679788-24-000071,2024-04-19T20:12:52.000Z,0001851442,S,300.0,0.0,0.0,1.0
0001679788-24-000071,2024-04-19T20:12:52.000Z,0001851442,S,300.0,0.0,0.0,1.0
0001679788-24-000071,2024-04-19T20:12:52.000Z,0001851442,S,600.0,0.0,0.0,1.0
0001679788-24-000071,2024-04-19T20:12:52.000Z,0001851442,S,800.0,0.0,0.0,1.0
0001679788-24-000071,2024-04-19T20:12:52.000Z,0001851442,S,800.0,0.0,0.0,1.0
0001679788-24-000071,2024-04-19T20:12:52.000Z,0001851442,S,600.0,0.0,0.0,1.0
0001679788-24-000071,2024-04-19T20:12:52.000Z,0001851442,S,200.0,0.0,0.0,1.0
0001679788-24-000071,2024-04-19T20:12:52.000Z,0001851442,S,100.0,224.69,22469.0,1.0
0001679788-24-000066,2024-04-17T20:25:48.000Z,0001668711,S,1762.0,0.0,0.0,1.0
0001679788-24-000066,2024-04-17T20:25:48.000Z,0001668711,S,2438.0,0.0,0.0,1.0
0001679788-24-000065,2024-04-17T20:23:52.000Z,0001851492,S,424.0,0.0,0.0,1.0
0001679788-24-000065,2024-04-17T20:23:52.000Z,0001851492,S,548.0,0.0,0.0,1.0
0001679788-24-000065,2024-04-17T20:23:52.000Z,0001851492,S,700.0,0.0,0.0,1.0
0001679788-24-000065,2024-04-17T20:23:52.000Z,0001851492,S,1000.0,0.0,0.0,1.0
0001679788-24-000065,2024-04-17T20:23:52.000Z,0001851492,S,1000.0,0.0,0.0,1.0
0001679788-24-000065,2024-04-17T20:23:52.000Z,0001851492,S,600.0,0.0,0.0,1.0
0001679788-24-000065,2024-04-17T20:23:52.000Z,0001851492,S,900.0,0.0,0.0,1.0
0001679788-24-000065,2024-04-17T20:23:52.000Z,0001851492,S,800.0,0.0,0.0,1.0
0001679788-24-000065,2024-04-17T20:23:52.000Z,0001851492,S,700.0,0.0,0.0,1.0
0001679788-24-000065,2024-04-17T20:23:52.000Z,0001851492,S,485.0,0.0,0.0,1.0
0001679788-24-000065,2024-04-17T20:23:52.000Z,0001851492,S,1500.0,0.0,0.0,1.0
0001679788-24-000065,2024-04-17T20:23:52.000Z,0001851492,S,2200.0,0.0,0.0,1.0
0001679788-24-000065,2024-04-17T20:23:52.000Z,0001851492,S,1227.0,0.0,0.0,1.0
0001679788-24-000065,2024-04-17T20:23:52.000Z,0001851492,S,1800.0,0.0,0.0,1.0
0001679788-24-000065,2024-04-17T20:23:52.000Z,0001851492,S,200.0,0.0,0.0,1.0
0001679788-24-000065,2024-04-17T20:23:52.000Z,0001851492,S,791.0,0.0,0.0,1.0
0001679788-24-000065,2024-04-17T20:23:52.000Z,0001851492,S,1700.0,0.0,0.0,1.0
0001679788-24-000065,2024-04-17T20:23:52.000Z,0001851492,S,2200.0,0.0,0.0,1.0
0001679788-24-000065,2024-04-17T20:23:52.000Z,0001851492,S,2400.0,0.0,0.0,1.0
0001679788-24-000065,2024-04-17T20:23:52.000Z,0001851492,S,1400.0,0.0,0.0,1.0
0001679788-24-000065,2024-04-17T20:23:52.000Z,0001851492,S,500.0,0.0,0.0,1.0
0001679788-24-000064,2024-04-17T20:22:52.000Z,0001851658,S,1500.0,248.0,372000.0,1.0
0001679788-24-000063,2024-04-10T21:12:06.000Z,0001851442,S,700.0,0.0,0.0,1.0
0001679788-24-000063,2024-04-10T21:12:06.000Z,0001851442,S,950.0,0.0,0.0,1.0
0001679788-24-000063,2024-04-10T21:12:06.000Z,0001851442,S,1250.0,0.0,0.0,1.0
0001679788-24-000063,2024-04-10T21:12:06.000Z,0001851442,S,900.0,0.0,0.0,1.0
0001679788-24-000063,2024-04-10T21:12:06.000Z,0001851442,S,1517.0,0.0,0.0,1.0
0001679788-24-000063,2024-04-10T21:12:06.000Z,0001851442,S,2736.0,0.0,0.0,1.0
0001679788-24-000063,2024-04-10T21:12:06.000Z,0001851442,S,3756.0,0.0,0.0,1.0
0001679788-24-000063,2024-04-10T21:12:06.000Z,0001851442,S,1871.0,0.0,0.0,1.0
0001679788-24-000063,2024-04-10T21:12:06.000Z,0001851442,S,1500.0,0.0,0.0,1.0
0001679788-24-000063,2024-04-10T21:12:06.000Z,0001851442,S,1200.0,0.0,0.0,1.0
0001679788-24-000062,2024-04-08T21:16:56.000Z,0001851492,S,2011.0,0.0,0.0,1.0
0001679788-24-000062,2024-04-08T21:16:56.000Z,0001851492,S,1765.0,0.0,0.0,1.0
0001679788-24-000062,2024-04-08T21:16:56.000Z,0001851492,S,435.0,0.0,0.0,1.0
0001679788-24-000062,2024-04-08T21:16:56.000Z,0001851492,S,900.0,0.0,0.0,1.0
0001679788-24-000062,2024-04-08T21:16:56.000Z,0001851492,S,1200.0,0.0,0.0,1.0
0001679788-24-000062,2024-04-08T21:16:56.000Z,0001851492,S,2000.0,0.0,0.0,1.0
0001679788-24-000062,2024-04-08T21:16:56.000Z,0001851492,S,4100.0,0.0,0.0,1.0
0001679788-24-000062,2024-04-08T21:16:56.000Z,0001851492,S,5464.0,0.0,0.0,1.0
0001679788-24-000062,2024-04-08T21:16:56.000Z,0001851492,S,4232.0,0.0,0.0,1.0
0001679788-24-000062,2024-04-08T21:16:56.000Z,0001851492,S,968.0,0.0,0.0,1.0
0001679788-24-000061,2024-04-04T21:20:03.000Z,0001851442,S,600.0,0.0,0.0,1.0
0001679788-24-000061,2024-04-04T21:20:03.000Z,0001851442,S,1201.0,0.0,0.0,1.0
0001679788-24-000061,2024-04-04T21:20:03.000Z,0001851442,S,1301.0,0.0,0.0,1.0
0001679788-24-000061,2024-04-04T21:20:03.000Z,0001851442,S,500.0,0.0,0.0,1.0
0001679788-24-000061,2024-04-04T21:20:03.000Z,0001851442,S,710.0,0.0,0.0,1.0
0001679788-24-000061,2024-04-04T21:20:03.000Z,0001851442,S,1117.0,0.0,0.0,1.0
0001679788-24-000061,2024-04-04T21:20:03.000Z,0001851442,S,1733.0,0.0,0.0,1.0
0001679788-24-000061,2024-04-04T21:20:03.000Z,0001851442,S,3775.0,0.0,0.0,1.0
0001679788-24-000061,2024-04-04T21:20:03.000Z,0001851442,S,3342.0,0.0,0.0,1.0
0001679788-24-000061,2024-04-04T21:20:03.000Z,0001851442,S,1101.0,0.0,0.0,1.0
0001679788-24-000061,2024-04-04T21:20:03.000Z,0001851442,S,1000.0,0.0,0.0,1.0
0001679788-24-000060,2024-04-03T20:19:26.000Z,0001851658,S,500.0,0.0,0.0,1.0
0001679788-24-000060,2024-04-03T20:19:26.000Z,0001851658,S,700.0,0.0,0.0,1.0
0001679788-24-000060,2024-04-03T20:19:26.000Z,0001851658,S,1300.0,0.0,0.0,1.0
0001679788-24-000060,2024-04-03T20:19:26.000Z,0001851658,S,500.0,0.0,0.0,1.0
0001679788-24-000060,2024-04-03T20:19:26.000Z,0001851658,S,200.0,0.0,0.0,1.0
0001679788-24-000060,2024-04-03T20:19:26.000Z,0001851658,S,200.0,0.0,0.0,1.0
0001679788-24-000060,2024-04-03T20:19:26.000Z,0001851658,S,500.0,0.0,0.0,1.0
0001679788-24-000060,2024-04-03T20:19:26.000Z,0001851658,S,200.0,0.0,0.0,1.0
0001679788-24-000060,2024-04-03T20:19:26.000Z,0001851658,S,3200.0,0.0,0.0,1.0
0001679788-24-000060,2024-04-03T20:19:26.000Z,0001851658,S,200.0,0.0,0.0,1.0
0001679788-24-000060,2024-04-03T20:19:26.000Z,0001851658,S,100.0,264.77,26477.0,1.0
0001679788-24-000060,2024-04-03T20:19:26.000Z,0001851658,S,200.0,0.0,0.0,1.0
0001679788-24-000060,2024-04-03T20:19:26.000Z,0001851658,S,200.0,0.0,0.0,1.0
0001679788-24-000059,2024-04-01T20:13:52.000Z,0001851658,S,1500.0,260.0,390000.0,1.0
0001209191-24-005130,2024-03-28T22:36:47.000Z,0001160077,S,587.0,0.0,0.0,1.0
0001209191-24-005130,2024-03-28T22:36:47.000Z,0001160077,S,57.0,268.9,15327.3,1.0
0001209191-24-005130,2024-03-28T22:36:47.000Z,0001160077,S,250.0,0.0,0.0,1.0
0001209191-24-005130,2024-03-28T22:36:47.000Z,0001160077,S,199.0,0.0,0.0,1.0
0001209191-24-005130,2024-03-28T22:36:47.000Z,0001160077,S,557.0,0.0,0.0,1.0
0001209191-24-005130,2024-03-28T22:36:47.000Z,0001160077,S,926.0,0.0,0.0,1.0
0001209191-24-005130,2024-03-28T22:36:47.000Z,0001160077,S,1198.0,0.0,0.0,1.0
0001209191-24-005130,2024-03-28T22:36:47.000Z,0001160077,S,1120.0,0.0,0.0,1.0
0001209191-24-005130,2024-03-28T22:36:47.000Z,0001160077,S,1093.0,0.0,0.0,1.0
0001209191-24-005130,2024-03-28T22:36:47.000Z,0001160077,S,388.0,0.0,0.0,1.0
0001209191-24-005130,2024-03-28T22:36:47.000Z,0001160077,S,365.0,0.0,0.0,1.0
0001679788-24-000057,2024-03-28T22:01:29.000Z,0001851442,S,635.0,0.0,0.0,1.0
0001679788-24-000057,2024-03-28T22:01:29.000Z,0001851442,S,400.0,0.0,0.0,1.0
0001679788-24-000057,2024-03-28T22:01:29.000Z,0001851442,S,1100.0,0.0,0.0,1.0
0001679788-24-000057,2024-03-28T22:01:29.000Z,0001851442,S,1006.0,0.0,0.0,1.0
0001679788-24-000057,2024-03-28T22:01:29.000Z,0001851442,S,700.0,0.0,0.0,1.0
0001679788-24-000057,2024-03-28T22:01:29.000Z,0001851442,S,2405.0,0.0,0.0,1.0
0001679788-24-000057,2024-03-28T22:01:29.000Z,0001851442,S,2650.0,0.0,0.0,1.0
0001679788-24-000057,2024-03-28T22:01:29.000Z,0001851442,S,3751.0,0.0,0.0,1.0
0001679788-24-000057,2024-03-28T22:01:29.000Z,0001851442,S,2733.0,0.0,0.0,1.0
0001679788-24-000057,2024-03-28T22:01:29.000Z,0001851442,S,800.0,0.0,0.0,1.0
0001679788-24-000057,2024-03-28T22:01:29.000Z,0001851442,S,200.0,0.0,0.0,1.0
0001679788-24-000056,2024-03-28T01:49:26.000Z,,-,,,,
0001679788-24-000055,2024-03-28T00:44:58.000Z,,-,,,,
0001679788-24-000054,2024-03-27T23:11:50.000Z,0001851414,S,360.0,0.0,0.0,1.0
0001679788-24-000054,2024-03-27T23:11:50.000Z,0001851414,S,200.0,0.0,0.0,1.0
0001679788-24-000054,2024-03-27T23:11:50.000Z,0001851414,S,300.0,0.0,0.0,1.0
0001679788-24-000054,2024-03-27T23:11:50.000Z,0001851414,S,100.0,265.15,26514.999999999996,1.0
0001679788-24-000054,2024-03-27T23:11:50.000Z,0001851414,S,400.0,0.0,0.0,1.0
0001679788-24-000054,2024-03-27T23:11:50.000Z,0001851414,S,587.0,0.0,0.0,1.0
0001679788-24-000054,2024-03-27T23:11:50.000Z,0001851414,S,400.0,0.0,0.0,1.0
0001679788-24-000054,2024-03-27T23:11:50.000Z,0001851414,S,500.0,0.0,0.0,1.0
0001679788-24-000054,2024-03-27T23:11:50.000Z,0001851414,S,500.0,0.0,0.0,1.0
0001679788-24-000054,2024-03-27T23:11:50.000Z,0001851414,S,500.0,0.0,0.0,1.0
0001679788-24-000054,2024-03-27T23:11:50.000Z,0001851414,S,972.0,0.0,0.0,1.0
0001679788-24-000054,2024-03-27T23:11:50.000Z,0001851414,S,2000.0,0.0,0.0,1.0
0001679788-24-000054,2024-03-27T23:11:50.000Z,0001851414,S,1804.0,0.0,0.0,1.0
0001679788-24-000054,2024-03-27T23:11:50.000Z,0001851414,S,1034.0,0.0,0.0,1.0
0001679788-24-000054,2024-03-27T23:11:50.000Z,0001851414,S,600.0,0.0,0.0,1.0
0001679788-24-000049,2024-03-26T20:49:49.000Z,0001851442,S,1320.0,0.0,0.0,1.0
0001679788-24-000049,2024-03-26T20:49:49.000Z,0001851442,S,2500.0,0.0,0.0,1.0
0001679788-24-000049,2024-03-26T20:49:49.000Z,0001851442,S,2085.0,0.0,0.0,1.0
0001679788-24-000049,2024-03-26T20:49:49.000Z,0001851442,S,2100.0,0.0,0.0,1.0
0001679788-24-000049,2024-03-26T20:49:49.000Z,0001851442,S,3092.0,0.0,0.0,1.0
0001679788-24-000049,2024-03-26T20:49:49.000Z,0001851442,S,2083.0,0.0,0.0,1.0
0001679788-24-000049,2024-03-26T20:49:49.000Z,0001851442,S,1200.0,0.0,0.0,1.0
0001679788-24-000049,2024-03-26T20:49:49.000Z,0001851442,S,1800.0,0.0,0.0,1.0
0001679788-24-000049,2024-03-26T20:49:49.000Z,0001851442,S,200.0,0.0,0.0,1.0
0001679788-24-000048,2024-03-22T21:13:58.000Z,0001589043,S,1145.0,260.0,297700.0,1.0
0001679788-24-000046,2024-03-19T20:12:22.000Z,0001851442,S,1.0,225.79,225.79,1.0
0001679788-24-000046,2024-03-19T20:12:22.000Z,0001851442,S,100.0,227.26,22726.0,1.0
0001679788-24-000046,2024-03-19T20:12:22.000Z,0001851442,S,500.0,0.0,0.0,1.0
0001679788-24-000046,2024-03-19T20:12:22.000Z,0001851442,S,400.0,0.0,0.0,1.0
0001679788-24-000046,2024-03-19T20:12:22.000Z,0001851442,S,100.0,231.94,23194.0,1.0
0001679788-24-000046,2024-03-19T20:12:22.000Z,0001851442,S,400.0,0.0,0.0,1.0
0001679788-24-000046,2024-03-19T20:12:22.000Z,0001851442,S,1500.0,0.0,0.0,1.0
0001679788-24-000046,2024-03-19T20:12:22.000Z,0001851442,S,2200.0,0.0,0.0,1.0
0001679788-24-000046,2024-03-19T20:12:22.000Z,0001851442,S,1100.0,0.0,0.0,1.0
0001679788-24-000046,2024-03-19T20:12:22.000Z,0001851442,S,1686.0,0.0,0.0,1.0
0001679788-24-000046,2024-03-19T20:12:22.000Z,0001851442,S,1710.0,0.0,0.0,1.0
0001679788-24-000046,2024-03-19T20:12:22.000Z,0001851442,S,500.0,0.0,0.0,1.0
0001679788-24-000046,2024-03-19T20:12:22.000Z,0001851442,S,2800.0,0.0,0.0,1.0
0001679788-24-000046,2024-03-19T20:12:22.000Z,0001851442,S,2183.0,0.0,0.0,1.0
0001679788-24-000046,2024-03-19T20:12:22.000Z,0001851442,S,900.0,0.0,0.0,1.0
0001679788-24-000046,2024-03-19T20:12:22.000Z,0001851442,S,300.0,0.0,0.0,1.0
0001679788-24-000045,2024-03-19T20:10:33.000Z,0001668711,S,4750.0,225.35,1070412.5,1.0
0001679788-24-000044,2024-03-18T20:13:37.000Z,0001851658,S,1500.0,245.0,367500.0,1.0
0001679788-24-000043,2024-03-13T20:26:39.000Z,0001851492,S,1431.0,0.0,0.0,1.0
0001679788-24-000043,2024-03-13T20:26:39.000Z,0001851492,S,570.0,0.0,0.0,1.0
0001679788-24-000043,2024-03-13T20:26:39.000Z,0001851492,S,600.0,0.0,0.0,1.0
0001679788-24-000043,2024-03-13T20:26:39.000Z,0001851492,S,900.0,0.0,0.0,1.0
0001679788-24-000043,2024-03-13T20:26:39.000Z,0001851492,S,1200.0,0.0,0.0,1.0
0001679788-24-000043,2024-03-13T20:26:39.000Z,0001851492,S,1200.0,0.0,0.0,1.0
0001679788-24-000043,2024-03-13T20:26:39.000Z,0001851492,S,1773.0,0.0,0.0,1.0
0001679788-24-000043,2024-03-13T20:26:39.000Z,0001851492,S,2351.0,0.0,0.0,1.0
0001679788-24-000043,2024-03-13T20:26:39.000Z,0001851492,S,2200.0,0.0,0.0,1.0
0001679788-24-000043,2024-03-13T20:26:39.000Z,0001851492,S,2982.0,0.0,0.0,1.0
0001679788-24-000043,2024-03-13T20:26:39.000Z,0001851492,S,3868.0,0.0,0.0,1.0
0001679788-24-000043,2024-03-13T20:26:39.000Z,0001851492,S,2100.0,0.0,0.0,1.0
0001679788-24-000043,2024-03-13T20:26:39.000Z,0001851492,S,1400.0,0.0,0.0,1.0
0001679788-24-000043,2024-03-13T20:26:39.000Z,0001851492,S,500.0,0.0,0.0,1.0
0001679788-24-000042,2024-03-12T20:33:52.000Z,0001851425,S,5000.0,249.0,1245000.0,1.0
0001679788-24-000042,2024-03-12T20:33:52.000Z,0001851425,S,3443.0,249.0,857307.0,1.0
0001679788-24-000042,2024-03-12T20:33:52.000Z,0001851425,S,1759.0,270.0,474930.0,1.0
0001679788-24-000041,2024-03-12T20:32:12.000Z,0001668711,S,18000.0,250.0,4500000.0,1.0
0001679788-24-000040,2024-03-12T20:31:06.000Z,0001851658,S,100000.0,0.0,0.0,1.0
0001679788-24-000039,2024-03-12T20:29:06.000Z,0001963975,S,21835.0,250.0,5458750.0,1.0
0001679788-24-000038,2024-03-12T20:28:02.000Z,0001851492,S,17915.0,0.0,0.0,1.0
0001679788-24-000038,2024-03-12T20:28:02.000Z,0001851492,S,9101.0,0.0,0.0,1.0
0001679788-24-000038,2024-03-12T20:28:02.000Z,0001851492,S,7206.0,0.0,0.0,1.0
0001679788-24-000038,2024-03-12T20:28:02.000Z,0001851492,S,8815.0,0.0,0.0,1.0
0001679788-24-000038,2024-03-12T20:28:02.000Z,0001851492,S,27879.0,0.0,0.0,1.0
0001679788-24-000038,2024-03-12T20:28:02.000Z,0001851492,S,3900.0,0.0,0.0,1.0
0001679788-24-000038,2024-03-12T20:28:02.000Z,0001851492,S,2700.0,0.0,0.0,1.0
0001679788-24-000038,2024-03-12T20:28:02.000Z,0001851492,S,15325.0,0.0,0.0,1.0
0001679788-24-000038,2024-03-12T20:28:02.000Z,0001851492,S,11287.0,0.0,0.0,1.0
0001679788-24-000038,2024-03-12T20:28:02.000Z,0001851492,S,21132.0,0.0,0.0,1.0
0001679788-24-000038,2024-03-12T20:28:02.000Z,0001851492,S,13309.0,0.0,0.0,1.0
0001679788-24-000038,2024-03-12T20:28:02.000Z,0001851492,S,10867.0,0.0,0.0,1.0
0001679788-24-000038,2024-03-12T20:28:02.000Z,0001851492,S,14400.0,0.0,0.0,1.0
0001679788-24-000038,2024-03-12T20:28:02.000Z,0001851492,S,17851.0,0.0,0.0,1.0
0001679788-24-000038,2024-03-12T20:28:02.000Z,0001851492,S,26893.0,0.0,0.0,1.0
0001679788-24-000038,2024-03-12T20:28:02.000Z,0001851492,S,12201.0,0.0,0.0,1.0
0001679788-24-000038,2024-03-12T20:28:02.000Z,0001851492,S,2203.0,0.0,0.0,1.0
0001679788-24-000038,2024-03-12T20:28:02.000Z,0001851492,S,3485.0,0.0,0.0,1.0
0001679788-24-000038,2024-03-12T20:28:02.000Z,0001851492,S,6792.0,0.0,0.0,1.0
0001679788-24-000038,2024-03-12T20:28:02.000Z,0001851492,S,14782.0,0.0,0.0,1.0
0001679788-24-000038,2024-03-12T20:28:02.000Z,0001851492,S,1957.0,0.0,0.0,1.0
0001679788-24-000037,2024-03-07T21:12:53.000Z,0001851442,S,1904.0,0.0,0.0,1.0
0001679788-24-000037,2024-03-07T21:12:53.000Z,0001851442,S,1000.0,0.0,0.0,1.0
0001679788-24-000037,2024-03-07T21:12:53.000Z,0001851442,S,203.0,0.0,0.0,1.0
0001679788-24-000037,2024-03-07T21:12:53.000Z,0001851442,S,600.0,0.0,0.0,1.0
0001679788-24-000037,2024-03-07T21:12:53.000Z,0001851442,S,700.0,0.0,0.0,1.0
0001679788-24-000037,2024-03-07T21:12:53.000Z,0001851442,S,1500.0,0.0,0.0,1.0
0001679788-24-000037,2024-03-07T21:12:53.000Z,0001851442,S,1800.0,0.0,0.0,1.0
0001679788-24-000037,2024-03-07T21:12:53.000Z,0001851442,S,800.0,0.0,0.0,1.0
0001679788-24-000037,2024-03-07T21:12:53.000Z,0001851442,S,600.0,0.0,0.0,1.0
0001679788-24-000037,2024-03-07T21:12:53.000Z,0001851442,S,541.0,0.0,0.0,1.0
0001679788-24-000037,2024-03-07T21:12:53.000Z,0001851442,S,1104.0,0.0,0.0,1.0
0001679788-24-000037,2024-03-07T21:12:53.000Z,0001851442,S,900.0,0.0,0.0,1.0
0001679788-24-000037,2024-03-07T21:12:53.000Z,0001851442,S,400.0,0.0,0.0,1.0
0001679788-24-000037,2024-03-07T21:12:53.000Z,0001851442,S,300.0,0.0,0.0,1.0
0001679788-24-000037,2024-03-07T21:12:53.000Z,0001851442,S,1128.0,0.0,0.0,1.0
0001679788-24-000037,2024-03-07T21:12:53.000Z,0001851442,S,1100.0,0.0,0.0,1.0
0001679788-24-000037,2024-03-07T21:12:53.000Z,0001851442,S,900.0,0.0,0.0,1.0
0001679788-24-000037,2024-03-07T21:12:53.000Z,0001851442,S,500.0,0.0,0.0,1.0
0001679788-24-000037,2024-03-07T21:12:53.000Z,0001851442,S,400.0,0.0,0.0,1.0
0001679788-24-000036,2024-03-07T21:11:30.000Z,0001668711,S,10285.0,0.0,0.0,1.0
0001679788-24-000036,2024-03-07T21:11:30.000Z,0001668711,S,6116.0,0.0,0.0,1.0
0001679788-24-000036,2024-03-07T21:11:30.000Z,0001668711,S,5615.0,0.0,0.0,1.0
0001679788-24-000036,2024-03-07T21:11:30.000Z,0001668711,S,6962.0,0.0,0.0,1.0
0001679788-24-000036,2024-03-07T21:11:30.000Z,0001668711,S,3017.0,0.0,0.0,1.0
0001679788-24-000036,2024-03-07T21:11:30.000Z,0001668711,S,32005.0,0.0,0.0,1.0
0001679788-24-000035,2024-03-06T21:22:48.000Z,0001851492,S,200.0,0.0,0.0,1.0
0001679788-24-000035,2024-03-06T21:22:48.000Z,0001851492,S,800.0,0.0,0.0,1.0
0001679788-24-000035,2024-03-06T21:22:48.000Z,0001851492,S,200.0,0.0,0.0,1.0
0001679788-24-000035,2024-03-06T21:22:48.000Z,0001851492,S,2677.0,0.0,0.0,1.0
0001679788-24-000035,2024-03-06T21:22:48.000Z,0001851492,S,2623.0,0.0,0.0,1.0
0001679788-24-000035,2024-03-06T21:22:48.000Z,0001851492,S,1395.0,0.0,0.0,1.0
0001679788-24-000035,2024-03-06T21:22:48.000Z,0001851492,S,2025.0,0.0,0.0,1.0
0001679788-24-000035,2024-03-06T21:22:48.000Z,0001851492,S,3000.0,0.0,0.0,1.0
0001679788-24-000035,2024-03-06T21:22:48.000Z,0001851492,S,2575.0,0.0,0.0,1.0
0001679788-24-000035,2024-03-06T21:22:48.000Z,0001851492,S,500.0,0.0,0.0,1.0
0001679788-24-000035,2024-03-06T21:22:48.000Z,0001851492,S,1087.0,0.0,0.0,1.0
0001679788-24-000035,2024-03-06T21:22:48.000Z,0001851492,S,1536.0,0.0,0.0,1.0
0001679788-24-000035,2024-03-06T21:22:48.000Z,0001851492,S,1300.0,0.0,0.0,1.0
0001679788-24-000035,2024-03-06T21:22:48.000Z,0001851492,S,700.0,0.0,0.0,1.0
0001679788-24-000035,2024-03-06T21:22:48.000Z,0001851492,S,1427.0,0.0,0.0,1.0
0001679788-24-000035,2024-03-06T21:22:48.000Z,0001851492,S,1030.0,0.0,0.0,1.0
0001679788-24-000034,2024-03-06T21:20:58.000Z,0001963975,S,93475.0,0.0,0.0,1.0
0001679788-24-000034,2024-03-06T21:20:58.000Z,0001963975,S,11278.0,0.0,0.0,1.0
0001679788-24-000033,2024-03-05T21:19:43.000Z,0001851658,S,100.0,197.67,19767.0,1.0
0001679788-24-000033,2024-03-05T21:19:43.000Z,0001851658,S,300.0,0.0,0.0,1.0
0001679788-24-000033,2024-03-05T21:19:43.000Z,0001851658,S,3900.0,0.0,0.0,1.0
0001679788-24-000033,2024-03-05T21:19:43.000Z,0001851658,S,1300.0,0.0,0.0,1.0
0001679788-24-000033,2024-03-05T21:19:43.000Z,0001851658,S,1496.0,0.0,0.0,1.0
0001679788-24-000033,2024-03-05T21:19:43.000Z,0001851658,S,904.0,0.0,0.0,1.0
0001679788-24-000032,2024-03-01T21:19:33.000Z,0001851442,S,5912.0,0.0,0.0,1.0
0001679788-24-000032,2024-03-01T21:19:33.000Z,0001851442,S,3453.0,0.0,0.0,1.0
0001679788-24-000032,2024-03-01T21:19:33.000Z,0001851442,S,3160.0,0.0,0.0,1.0
0001679788-24-000032,2024-03-01T21:19:33.000Z,0001851442,S,4040.0,0.0,0.0,1.0
0001679788-24-000032,2024-03-01T21:19:33.000Z,0001851442,S,4832.0,0.0,0.0,1.0
0001679788-24-000032,2024-03-01T21:19:33.000Z,0001851442,S,3958.0,0.0,0.0,1.0
0001679788-24-000032,2024-03-01T21:19:33.000Z,0001851442,S,8146.0,0.0,0.0,1.0
0001679788-24-000032,2024-03-01T21:19:33.000Z,0001851442,S,9576.0,0.0,0.0,1.0
0001679788-24-000032,2024-03-01T21:19:33.000Z,0001851442,S,9486.0,0.0,0.0,1.0
0001679788-24-000032,2024-03-01T21:19:33.000Z,0001851442,S,5638.0,0.0,0.0,1.0
0001679788-24-000032,2024-03-01T21:19:33.000Z,0001851442,S,1300.0,0.0,0.0,1.0
0001679788-24-000032,2024-03-01T21:19:33.000Z,0001851442,S,100.0,0.0,0.0,1.0
0001679788-24-000032,2024-03-01T21:19:33.000Z,0001851442,S,600.0,0.0,0.0,1.0
0001679788-24-000032,2024-03-01T21:19:33.000Z,0001851442,S,800.0,0.0,0.0,1.0
0001679788-24-000032,2024-03-01T21:19:33.000Z,0001851442,S,900.0,0.0,0.0,1.0
0001679788-24-000032,2024-03-01T21:19:33.000Z,0001851442,S,1300.0,0.0,0.0,1.0
0001679788-24-000032,2024-03-01T21:19:33.000Z,0001851442,S,1200.0,0.0,0.0,1.0
0001679788-24-000032,2024-03-01T21:19:33.000Z,0001851442,S,1623.0,0.0,0.0,1.0
0001679788-24-000032,2024-03-01T21:19:33.000Z,0001851442,S,3024.0,0.0,0.0,1.0
0001679788-24-000032,2024-03-01T21:19:33.000Z,0001851442,S,4335.0,0.0,0.0,1.0
0001679788-24-000032,2024-03-01T21:19:33.000Z,0001851442,S,1600.0,0.0,0.0,1.0
0001679788-24-000032,2024-03-01T21:19:33.000Z,0001851442,S,400.0,0.0,0.0,1.0
0001679788-24-000032,2024-03-01T21:19:33.000Z,0001851442,S,100.0,207.22,20722.0,1.0
0001679788-24-000032,2024-03-01T21:19:33.000Z,0001851442,S,198.0,0.0,0.0,1.0
0001679788-24-000032,2024-03-01T21:19:33.000Z,0001851442,S,300.0,0.0,0.0,1.0
0001679788-24-000031,2024-02-29T22:19:47.000Z,0001851425,S,3443.0,205.0,705815.0,1.0
0001679788-24-000031,2024-02-29T22:19:47.000Z,0001851425,S,5000.0,205.0,1025000.0,1.0
0001679788-24-000031,2024-02-29T22:19:47.000Z,0001851425,S,1758.0,209.41,368142.77999999997,1.0
0001679788-24-000030,2024-02-29T21:34:31.000Z,0001851658,S,16416.0,0.0,0.0,1.0
0001679788-24-000030,2024-02-29T21:34:31.000Z,0001851658,S,26858.0,0.0,0.0,1.0
0001679788-24-000030,2024-02-29T21:34:31.000Z,0001851658,S,7460.0,0.0,0.0,1.0
0001679788-24-000030,2024-02-29T21:34:31.000Z,0001851658,S,49266.0,0.0,0.0,1.0
0001679788-24-000030,2024-02-29T21:34:31.000Z,0001851658,S,1500.0,209.41,314115.0,1.0
0001679788-24-000029,2024-02-29T21:30:56.000Z,0001963975,S,17156.0,0.0,0.0,1.0
0001679788-24-000029,2024-02-29T21:30:56.000Z,0001963975,S,30650.0,0.0,0.0,1.0
0001679788-24-000029,2024-02-29T21:30:56.000Z,0001963975,S,7242.0,0.0,0.0,1.0
0001679788-24-000029,2024-02-29T21:30:56.000Z,0001963975,S,49710.0,0.0,0.0,1.0
0001679788-24-000028,2024-02-29T21:28:43.000Z,0001851414,S,25000.0,0.0,0.0,1.0
0001679788-24-000027,2024-02-29T21:25:30.000Z,0001851442,S,5833.0,0.0,0.0,1.0
0001679788-24-000027,2024-02-29T21:25:30.000Z,0001851442,S,2256.0,0.0,0.0,1.0
0001679788-24-000027,2024-02-29T21:25:30.000Z,0001851442,S,3700.0,0.0,0.0,1.0
0001679788-24-000027,2024-02-29T21:25:30.000Z,0001851442,S,10004.0,0.0,0.0,1.0
0001679788-24-000027,2024-02-29T21:25:30.000Z,0001851442,S,9584.0,0.0,0.0,1.0
0001679788-24-000027,2024-02-29T21:25:30.000Z,0001851442,S,6678.0,0.0,0.0,1.0
0001679788-24-000027,2024-02-29T21:25:30.000Z,0001851442,S,4874.0,0.0,0.0,1.0
0001679788-24-000027,2024-02-29T21:25:30.000Z,0001851442,S,2600.0,0.0,0.0,1.0
0001679788-24-000027,2024-02-29T21:25:30.000Z,0001851442,S,1300.0,0.0,0.0,1.0
0001679788-24-000027,2024-02-29T21:25:30.000Z,0001851442,S,600.0,0.0,0.0,1.0
0001679788-24-000026,2024-02-29T21:21:30.000Z,0001851492,S,37095.0,0.0,0.0,1.0
0001679788-24-000026,2024-02-29T21:21:30.000Z,0001851492,S,23640.0,0.0,0.0,1.0
0001679788-24-000026,2024-02-29T21:21:30.000Z,0001851492,S,35948.0,0.0,0.0,1.0
0001679788-24-000026,2024-02-29T21:21:30.000Z,0001851492,S,26335.0,0.0,0.0,1.0
0001679788-24-000026,2024-02-29T21:21:30.000Z,0001851492,S,34840.0,0.0,0.0,1.0
0001679788-24-000026,2024-02-29T21:21:30.000Z,0001851492,S,29042.0,0.0,0.0,1.0
0001679788-24-000026,2024-02-29T21:21:30.000Z,0001851492,S,37401.0,0.0,0.0,1.0
0001679788-24-000026,2024-02-29T21:21:30.000Z,0001851492,S,17139.0,0.0,0.0,1.0
0001679788-24-000026,2024-02-29T21:21:30.000Z,0001851492,S,8560.0,0.0,0.0,1.0
0001415889-24-005731,2024-02-28T21:31:46.000Z,0001851442,S,200.0,175.33,35066.0,1.0
0001415889-24-005731,2024-02-28T21:31:46.000Z,0001851442,S,700.0,0.0,0.0,1.0
0001415889-24-005731,2024-02-28T21:31:46.000Z,0001851442,S,400.0,0.0,0.0,1.0
0001415889-24-005731,2024-02-28T21:31:46.000Z,0001851442,S,327.0,0.0,0.0,1.0
0001415889-24-005731,2024-02-28T21:31:46.000Z,0001851442,S,300.0,0.0,0.0,1.0
0001415889-24-005731,2024-02-28T21:31:46.000Z,0001851442,S,600.0,0.0,0.0,1.0
0001415889-24-005731,2024-02-28T21:31:46.000Z,0001851442,S,900.0,0.0,0.0,1.0
0001415889-24-005731,2024-02-28T21:31:46.000Z,0001851442,S,600.0,0.0,0.0,1.0
0001415889-24-005731,2024-02-28T21:31:46.000Z,0001851442,S,600.0,0.0,0.0,1.0
0001415889-24-005731,2024-02-28T21:31:46.000Z,0001851442,S,200.0,0.0,0.0,1.0
0001415889-24-005731,2024-02-28T21:31:46.000Z,0001851442,S,400.0,0.0,0.0,1.0
0001415889-24-005731,2024-02-28T21:31:46.000Z,0001851442,S,500.0,0.0,0.0,1.0
0001415889-24-005731,2024-02-28T21:31:46.000Z,0001851442,S,800.0,0.0,0.0,1.0
0001415889-24-005731,2024-02-28T21:31:46.000Z,0001851442,S,100.0,190.46,19046.0,1.0
0001415889-24-005731,2024-02-28T21:31:46.000Z,0001851442,S,500.0,0.0,0.0,1.0
0001415889-24-005731,2024-02-28T21:31:46.000Z,0001851442,S,700.0,0.0,0.0,1.0
0001415889-24-005731,2024-02-28T21:31:46.000Z,0001851442,S,708.0,0.0,0.0,1.0
0001415889-24-005731,2024-02-28T21:31:46.000Z,0001851442,S,100.0,195.1,19510.0,1.0
0001415889-24-005731,2024-02-28T21:31:46.000Z,0001851442,S,100.0,196.75,19675.0,1.0
0001415889-24-005726,2024-02-28T21:30:05.000Z,0001851414,S,800.0,0.0,0.0,1.0
0001415889-24-005726,2024-02-28T21:30:05.000Z,0001851414,S,75.0,169.9,12742.5,1.0
0001415889-24-005726,2024-02-28T21:30:05.000Z,0001851414,S,453.0,0.0,0.0,1.0
0001415889-24-005726,2024-02-28T21:30:05.000Z,0001851414,S,493.0,0.0,0.0,1.0
0001415889-24-005726,2024-02-28T21:30:05.000Z,0001851414,S,600.0,0.0,0.0,1.0
0001415889-24-005726,2024-02-28T21:30:05.000Z,0001851414,S,1000.0,0.0,0.0,1.0
0001415889-24-005726,2024-02-28T21:30:05.000Z,0001851414,S,1100.0,0.0,0.0,1.0
0001415889-24-005726,2024-02-28T21:30:05.000Z,0001851414,S,435.0,0.0,0.0,1.0
0001415889-24-005726,2024-02-28T21:30:05.000Z,0001851414,S,849.0,0.0,0.0,1.0
0001415889-24-005726,2024-02-28T21:30:05.000Z,0001851414,S,400.0,0.0,0.0,1.0
0001415889-24-005726,2024-02-28T21:30:05.000Z,0001851414,S,1577.0,0.0,0.0,1.0
0001415889-24-005726,2024-02-28T21:30:05.000Z,0001851414,S,1400.0,0.0,0.0,1.0
0001415889-24-005726,2024-02-28T21:30:05.000Z,0001851414,S,1100.0,0.0,0.0,1.0
0001415889-24-005726,2024-02-28T21:30:05.000Z,0001851414,S,900.0,0.0,0.0,1.0
0001415889-24-005726,2024-02-28T21:30:05.000Z,0001851414,S,614.0,0.0,0.0,1.0
0001415889-24-005726,2024-02-28T21:30:05.000Z,0001851414,S,700.0,0.0,0.0,1.0
0001415889-24-005726,2024-02-28T21:30:05.000Z,0001851414,S,1545.0,0.0,0.0,1.0
0001415889-24-005726,2024-02-28T21:30:05.000Z,0001851414,S,571.0,0.0,0.0,1.0
0001415889-24-005726,2024-02-28T21:30:05.000Z,0001851414,S,884.0,0.0,0.0,1.0
0001415889-24-005726,2024-02-28T21:30:05.000Z,0001851414,S,627.0,0.0,0.0,1.0
0001415889-24-005726,2024-02-28T21:30:05.000Z,0001851414,S,25770.0,0.0,0.0,1.0
0001415889-24-005726,2024-02-28T21:30:05.000Z,0001851414,S,165.0,0.0,0.0,1.0
0001415889-24-005726,2024-02-28T21:30:05.000Z,0001851414,S,55.0,196.73,10820.15,1.0
0001415889-24-005724,2024-02-28T21:27:29.000Z,0001851432,S,1624.0,168.75,274050.0,1.0
0001415889-24-005724,2024-02-28T21:27:29.000Z,0001851432,S,26365.0,205.0,5404825.0,1.0
0001415889-24-005488,2024-02-27T21:27:11.000Z,0001963975,S,400.0,0.0,0.0,1.0
0001415889-24-005488,2024-02-27T21:27:11.000Z,0001963975,S,411.0,0.0,0.0,1.0
0001415889-24-005488,2024-02-27T21:27:11.000Z,0001963975,S,567.0,0.0,0.0,1.0
0001415889-24-005488,2024-02-27T21:27:11.000Z,0001963975,S,6374.0,0.0,0.0,1.0
0001415889-24-005488,2024-02-27T21:27:11.000Z,0001963975,S,5565.0,0.0,0.0,1.0
0001415889-24-005488,2024-02-27T21:27:11.000Z,0001963975,S,3172.0,0.0,0.0,1.0
0001415889-24-005488,2024-02-27T21:27:11.000Z,0001963975,S,300.0,0.0,0.0,1.0
0001415889-24-005488,2024-02-27T21:27:11.000Z,0001963975,S,100.0,169.5,16950.0,1.0
0001415889-24-004809,2024-02-22T21:29:59.000Z,,-,,,,
0001415889-24-004806,2024-02-22T21:28:12.000Z,,-,,,,
0001415889-24-004803,2024-02-22T21:26:48.000Z,,-,,,,
0001415889-24-004801,2024-02-22T21:25:03.000Z,,-,,,,
0001415889-24-004798,2024-02-22T21:23:29.000Z,0001851432,S,290.0,180.0,52200.0,1.0
0001415889-24-004796,2024-02-22T21:20:59.000Z,,-,,,,
0001415889-24-004598,2024-02-21T21:18:38.000Z,0001851442,S,6257.0,0.0,0.0,1.0
0001415889-24-004598,2024-02-21T21:18:38.000Z,0001851442,S,7610.0,0.0,0.0,1.0
0001415889-24-004598,2024-02-21T21:18:38.000Z,0001851442,S,3454.0,0.0,0.0,1.0
0001415889-24-004598,2024-02-21T21:18:38.000Z,0001851442,S,3341.0,0.0,0.0,1.0
0001415889-24-004598,2024-02-21T21:18:38.000Z,0001851442,S,2803.0,0.0,0.0,1.0
0001415889-24-004598,2024-02-21T21:18:38.000Z,0001851442,S,4297.0,0.0,0.0,1.0
0001415889-24-004598,2024-02-21T21:18:38.000Z,0001851442,S,3700.0,0.0,0.0,1.0
0001415889-24-004598,2024-02-21T21:18:38.000Z,0001851442,S,5480.0,0.0,0.0,1.0
0001415889-24-004598,2024-02-21T21:18:38.000Z,0001851442,S,4161.0,0.0,0.0,1.0
0001415889-24-004598,2024-02-21T21:18:38.000Z,0001851442,S,4670.0,0.0,0.0,1.0
0001415889-24-004598,2024-02-21T21:18:38.000Z,0001851442,S,4902.0,0.0,0.0,1.0
0001415889-24-004598,2024-02-21T21:18:38.000Z,0001851442,S,8018.0,0.0,0.0,1.0
0001415889-24-004598,2024-02-21T21:18:38.000Z,0001851442,S,2352.0,0.0,0.0,1.0
0001415889-24-004598,2024-02-21T21:18:38.000Z,0001851442,S,100.0,192.77,19277.0,1.0
0001415889-24-004136,2024-02-16T21:27:32.000Z,0001851658,S,1500.0,151.44,227160.0,1.0
0001415889-24-004131,2024-02-16T21:23:59.000Z,0001589043,S,1145.0,168.89,193379.05,1.0
0001415889-24-003759,2024-02-14T21:43:57.000Z,0001851492,S,1000.0,0.0,0.0,1.0
0001415889-24-003759,2024-02-14T21:43:57.000Z,0001851492,S,3200.0,0.0,0.0,1.0
0001415889-24-003759,2024-02-14T21:43:57.000Z,0001851492,S,1909.0,0.0,0.0,1.0
0001415889-24-003759,2024-02-14T21:43:57.000Z,0001851492,S,4675.0,0.0,0.0,1.0
0001415889-24-003759,2024-02-14T21:43:57.000Z,0001851492,S,7009.0,0.0,0.0,1.0
0001415889-24-003759,2024-02-14T21:43:57.000Z,0001851492,S,4382.0,0.0,0.0,1.0
0001415889-24-003759,2024-02-14T21:43:57.000Z,0001851492,S,900.0,0.0,0.0,1.0
0001415889-24-003597,2024-02-13T22:42:42.000Z,,-,,,,
0001415889-24-003593,2024-02-13T22:40:26.000Z,,-,,,,
0001415889-24-003587,2024-02-13T22:37:13.000Z,,-,,,,
0001415889-24-003584,2024-02-13T22:31:14.000Z,,-,,,,
0001415889-24-003578,2024-02-13T22:29:05.000Z,,-,,,,
0001415889-24-003224,2024-02-10T01:32:31.000Z,0001851442,S,1823.0,0.0,0.0,1.0
0001415889-24-003224,2024-02-10T01:32:31.000Z,0001851442,S,5884.0,0.0,0.0,1.0
0001415889-24-003224,2024-02-10T01:32:31.000Z,0001851442,S,14163.0,0.0,0.0,1.0
0001415889-24-003224,2024-02-10T01:32:31.000Z,0001851442,S,14162.0,0.0,0.0,1.0
0001415889-24-003224,2024-02-10T01:32:31.000Z,0001851442,S,12303.0,0.0,0.0,1.0
0001415889-24-003224,2024-02-10T01:32:31.000Z,0001851442,S,2601.0,0.0,0.0,1.0
0001415889-24-003224,2024-02-10T01:32:31.000Z,0001851442,S,4580.0,0.0,0.0,1.0
0001415889-24-003224,2024-02-10T01:32:31.000Z,0001851442,S,16191.0,0.0,0.0,1.0
0001415889-24-003224,2024-02-10T01:32:31.000Z,0001851442,S,7523.0,0.0,0.0,1.0
0001415889-24-003224,2024-02-10T01:32:31.000Z,0001851442,S,2300.0,0.0,0.0,1.0
0001415889-24-003224,2024-02-10T01:32:31.000Z,0001851442,S,600.0,0.0,0.0,1.0
0001415889-24-003224,2024-02-10T01:32:31.000Z,0001851442,S,700.0,0.0,0.0,1.0
0001415889-24-003224,2024-02-10T01:32:31.000Z,0001851442,S,1400.0,0.0,0.0,1.0
0001415889-24-003224,2024-02-10T01:32:31.000Z,0001851442,S,1100.0,0.0,0.0,1.0
0001415889-24-003224,2024-02-10T01:32:31.000Z,0001851442,S,3600.0,0.0,0.0,1.0
0001415889-24-003224,2024-02-10T01:32:31.000Z,0001851442,S,6594.0,0.0,0.0,1.0
0001415889-24-003224,2024-02-10T01:32:31.000Z,0001851442,S,2312.0,0.0,0.0,1.0
0001415889-24-002509,2024-02-05T21:22:32.000Z,0001851492,S,240.0,0.0,0.0,1.0
0001415889-24-002509,2024-02-05T21:22:32.000Z,0001851492,S,2391.0,0.0,0.0,1.0
0001415889-24-002509,2024-02-05T21:22:32.000Z,0001851492,S,1100.0,0.0,0.0,1.0
0001415889-24-002509,2024-02-05T21:22:32.000Z,0001851492,S,1500.0,0.0,0.0,1.0
0001415889-24-002509,2024-02-05T21:22:32.000Z,0001851492,S,8738.0,0.0,0.0,1.0
0001415889-24-002509,2024-02-05T21:22:32.000Z,0001851492,S,6406.0,0.0,0.0,1.0
0001415889-24-002509,2024-02-05T21:22:32.000Z,0001851492,S,2700.0,0.0,0.0,1.0
0001415889-24-002294,2024-02-02T21:26:49.000Z,0001851442,S,18195.0,0.0,0.0,1.0
0001415889-24-002294,2024-02-02T21:26:49.000Z,0001851442,S,6163.0,0.0,0.0,1.0
0001415889-24-002294,2024-02-02T21:26:49.000Z,0001851442,S,7928.0,0.0,0.0,1.0
0001415889-24-002294,2024-02-02T21:26:49.000Z,0001851442,S,13120.0,0.0,0.0,1.0
0001415889-24-002294,2024-02-02T21:26:49.000Z,0001851442,S,16491.0,0.0,0.0,1.0
0001415889-24-002294,2024-02-02T21:26:49.000Z,0001851442,S,11243.0,0.0,0.0,1.0
0001415889-24-002294,2024-02-02T21:26:49.000Z,0001851442,S,18576.0,0.0,0.0,1.0
0001415889-24-002294,2024-02-02T21:26:49.000Z,0001851442,S,6120.0,0.0,0.0,1.0
0001415889-24-002291,2024-02-02T21:23:56.000Z,0001851658,S,1500.0,129.31,193965.0,1.0
0001415889-24-002291,2024-02-02T21:23:56.000Z,0001851658,S,300.0,0.0,0.0,1.0
0001415889-24-002291,2024-02-02T21:23:56.000Z,0001851658,S,200.0,0.0,0.0,1.0
0001415889-24-002291,2024-02-02T21:23:56.000Z,0001851658,S,6800.0,0.0,0.0,1.0
0001415889-24-002291,2024-02-02T21:23:56.000Z,0001851658,S,500.0,0.0,0.0,1.0
0001415889-24-002291,2024-02-02T21:23:56.000Z,0001851658,S,200.0,0.0,0.0,1.0
0001209191-24-002378,2024-01-29T22:22:34.000Z,0001851414,S,1900.0,0.0,0.0,1.0
0001209191-24-002378,2024-01-29T22:22:34.000Z,0001851414,S,6273.0,0.0,0.0,1.0
0001209191-24-002378,2024-01-29T22:22:34.000Z,0001851414,S,1200.0,0.0,0.0,1.0
0001209191-24-002378,2024-01-29T22:22:34.000Z,0001851414,S,400.0,0.0,0.0,1.0
0001209191-24-002378,2024-01-29T22:22:34.000Z,0001851414,S,227.0,0.0,0.0,1.0
0001209191-24-002377,2024-01-29T22:21:52.000Z,0001851442,S,12054.0,0.0,0.0,1.0
0001209191-24-002377,2024-01-29T22:21:52.000Z,0001851442,S,32016.0,0.0,0.0,1.0
0001209191-24-002377,2024-01-29T22:21:52.000Z,0001851442,S,18303.0,0.0,0.0,1.0
0001209191-24-002377,2024-01-29T22:21:52.000Z,0001851442,S,10057.0,0.0,0.0,1.0
0001209191-24-002377,2024-01-29T22:21:52.000Z,0001851442,S,8800.0,0.0,0.0,1.0
0001209191-24-002377,2024-01-29T22:21:52.000Z,0001851442,S,300.0,0.0,0.0,1.0
0001209191-24-002377,2024-01-29T22:21:52.000Z,0001851442,S,14606.0,0.0,0.0,1.0
0001209191-24-002377,2024-01-29T22:21:52.000Z,0001851442,S,1400.0,0.0,0.0,1.0
0001209191-24-002377,2024-01-29T22:21:52.000Z,0001851442,S,300.0,0.0,0.0,1.0
0001679788-24-000013,2024-01-22T21:15:33.000Z,0001589043,S,1145.0,133.25,152571.25,1.0
0001679788-24-000011,2024-01-19T21:30:26.000Z,0001851442,S,8200.0,0.0,0.0,1.0
0001679788-24-000011,2024-01-19T21:30:26.000Z,0001851442,S,33864.0,0.0,0.0,1.0
0001679788-24-000011,2024-01-19T21:30:26.000Z,0001851442,S,26182.0,0.0,0.0,1.0
0001679788-24-000011,2024-01-19T21:30:26.000Z,0001851442,S,23898.0,0.0,0.0,1.0
0001679788-24-000011,2024-01-19T21:30:26.000Z,0001851442,S,5692.0,0.0,0.0,1.0
0001679788-24-000010,2024-01-17T21:16:02.000Z,0001851658,S,1500.0,129.15,193725.0,1.0
0001679788-24-000009,2024-01-17T21:15:38.000Z,0001851442,S,8271.0,0.0,0.0,1.0
0001679788-24-000009,2024-01-17T21:15:38.000Z,0001851442,S,19162.0,0.0,0.0,1.0
0001679788-24-000009,2024-01-17T21:15:38.000Z,0001851442,S,20961.0,0.0,0.0,1.0
0001679788-24-000009,2024-01-17T21:15:38.000Z,0001851442,S,9190.0,0.0,0.0,1.0
0001679788-24-000009,2024-01-17T21:15:38.000Z,0001851442,S,8228.0,0.0,0.0,1.0
0001679788-24-000009,2024-01-17T21:15:38.000Z,0001851442,S,11301.0,0.0,0.0,1.0
0001679788-24-000009,2024-01-17T21:15:38.000Z,0001851442,S,8400.0,0.0,0.0,1.0
0001679788-24-000009,2024-01-17T21:15:38.000Z,0001851442,S,4823.0,0.0,0.0,1.0
0001679788-24-000009,2024-01-17T21:15:38.000Z,0001851442,S,4900.0,0.0,0.0,1.0
0001679788-24-000009,2024-01-17T21:15:38.000Z,0001851442,S,2100.0,0.0,0.0,1.0
0001679788-24-000009,2024-01-17T21:15:38.000Z,0001851442,S,500.0,0.0,0.0,1.0
0001679788-24-000007,2024-01-16T21:15:19.000Z,0001851492,S,3565.0,0.0,0.0,1.0
0001679788-24-000007,2024-01-16T21:15:19.000Z,0001851492,S,4400.0,0.0,0.0,1.0
0001679788-24-000007,2024-01-16T21:15:19.000Z,0001851492,S,4332.0,0.0,0.0,1.0
0001679788-24-000007,2024-01-16T21:15:19.000Z,0001851492,S,900.0,0.0,0.0,1.0
0001679788-24-000007,2024-01-16T21:15:19.000Z,0001851492,S,1300.0,0.0,0.0,1.0
0001679788-24-000007,2024-01-16T21:15:19.000Z,0001851492,S,700.0,0.0,0.0,1.0
0001679788-24-000007,2024-01-16T21:15:19.000Z,0001851492,S,1803.0,0.0,0.0,1.0
0001679788-24-000007,2024-01-16T21:15:19.000Z,0001851492,S,1100.0,0.0,0.0,1.0
0001679788-24-000007,2024-01-16T21:15:19.000Z,0001851492,S,500.0,0.0,0.0,1.0
0001679788-24-000007,2024-01-16T21:15:19.000Z,0001851492,S,500.0,0.0,0.0,1.0
0001679788-24-000007,2024-01-16T21:15:19.000Z,0001851492,S,1200.0,0.0,0.0,1.0
0001679788-24-000007,2024-01-16T21:15:19.000Z,0001851492,S,875.0,0.0,0.0,1.0
0001679788-24-000007,2024-01-16T21:15:19.000Z,0001851492,S,600.0,0.0,0.0,1.0
0001679788-24-000007,2024-01-16T21:15:19.000Z,0001851492,S,300.0,0.0,0.0,1.0
0001679788-24-000007,2024-01-16T21:15:19.000Z,0001851492,S,1000.0,0.0,0.0,1.0
0001679788-24-000005,2024-01-05T21:15:27.000Z,0001851442,S,300.0,0.0,0.0,1.0
0001679788-24-000005,2024-01-05T21:15:27.000Z,0001851442,S,200.0,0.0,0.0,1.0
0001679788-24-000005,2024-01-05T21:15:27.000Z,0001851442,S,1592.0,0.0,0.0,1.0
0001679788-24-000005,2024-01-05T21:15:27.000Z,0001851442,S,1200.0,0.0,0.0,1.0
0001679788-24-000005,2024-01-05T21:15:27.000Z,0001851442,S,8691.0,0.0,0.0,1.0
0001679788-24-000005,2024-01-05T21:15:27.000Z,0001851442,S,12423.0,0.0,0.0,1.0
0001679788-24-000005,2024-01-05T21:15:27.000Z,0001851442,S,6405.0,0.0,0.0,1.0
0001679788-24-000005,2024-01-05T21:15:27.000Z,0001851442,S,23435.0,0.0,0.0,1.0
0001679788-24-000005,2024-01-05T21:15:27.000Z,0001851442,S,29970.0,0.0,0.0,1.0
0001679788-24-000005,2024-01-05T21:15:27.000Z,0001851442,S,11130.0,0.0,0.0,1.0
0001679788-24-000005,2024-01-05T21:15:27.000Z,0001851442,S,2390.0,0.0,0.0,1.0
0001679788-24-000005,2024-01-05T21:15:27.000Z,0001851442,S,100.0,0.0,0.0,1.0
0001209191-24-000904,2024-01-05T00:08:13.000Z,0001160077,S,2000.0,0.0,0.0,1.0
0001209191-24-000904,2024-01-05T00:08:13.000Z,0001160077,S,3971.0,0.0,0.0,1.0
0001209191-24-000904,2024-01-05T00:08:13.000Z,0001160077,S,1200.0,0.0,0.0,1.0
0001209191-24-000904,2024-01-05T00:08:13.000Z,0001160077,S,1700.0,0.0,0.0,1.0
0001209191-24-000904,2024-01-05T00:08:13.000Z,0001160077,S,500.0,0.0,0.0,1.0
0001209191-24-000904,2024-01-05T00:08:13.000Z,0001160077,S,1000.0,0.0,0.0,1.0
0001209191-24-000904,2024-01-05T00:08:13.000Z,0001160077,S,3146.0,0.0,0.0,1.0
0001209191-24-000904,2024-01-05T00:08:13.000Z,0001160077,S,4893.0,0.0,0.0,1.0
0001209191-24-000904,2024-01-05T00:08:13.000Z,0001160077,S,4137.0,0.0,0.0,1.0
0001209191-24-000904,2024-01-05T00:08:13.000Z,0001160077,S,2994.0,0.0,0.0,1.0
0001209191-24-000904,2024-01-05T00:08:13.000Z,0001160077,S,2084.0,0.0,0.0,1.0
0001209191-24-000904,2024-01-05T00:08:13.000Z,0001160077,S,700.0,0.0,0.0,1.0
0001209191-24-000904,2024-01-05T00:08:13.000Z,0001160077,S,415.0,0.0,0.0,1.0
0001209191-24-000904,2024-01-05T00:08:13.000Z,0001160077,S,533.0,0.0,0.0,1.0
0001209191-24-000904,2024-01-05T00:08:13.000Z,0001160077,S,500.0,0.0,0.0,1.0
0001209191-24-000904,2024-01-05T00:08:13.000Z,0001160077,S,1634.0,0.0,0.0,1.0
0001209191-24-000904,2024-01-05T00:08:13.000Z,0001160077,S,2285.0,0.0,0.0,1.0
0001209191-24-000904,2024-01-05T00:08:13.000Z,0001160077,S,300.0,0.0,0.0,1.0
0001679788-24-000003,2024-01-04T21:16:34.000Z,0001851492,S,1595.0,0.0,0.0,1.0
0001679788-24-000003,2024-01-04T21:16:34.000Z,0001851492,S,2323.0,0.0,0.0,1.0
0001679788-24-000003,2024-01-04T21:16:34.000Z,0001851492,S,1512.0,0.0,0.0,1.0
0001679788-24-000003,2024-01-04T21:16:34.000Z,0001851492,S,700.0,0.0,0.0,1.0
0001679788-24-000003,2024-01-04T21:16:34.000Z,0001851492,S,500.0,0.0,0.0,1.0
0001679788-24-000003,2024-01-04T21:16:34.000Z,0001851492,S,2800.0,0.0,0.0,1.0
0001679788-24-000003,2024-01-04T21:16:34.000Z,0001851492,S,3500.0,0.0,0.0,1.0
0001679788-24-000003,2024-01-04T21:16:34.000Z,0001851492,S,2971.0,0.0,0.0,1.0
0001679788-24-000003,2024-01-04T21:16:34.000Z,0001851492,S,2200.0,0.0,0.0,1.0
0001679788-24-000003,2024-01-04T21:16:34.000Z,0001851492,S,1000.0,0.0,0.0,1.0
0001679788-24-000003,2024-01-04T21:16:34.000Z,0001851492,S,674.0,0.0,0.0,1.0
0001679788-24-000003,2024-01-04T21:16:34.000Z,0001851492,S,800.0,0.0,0.0,1.0
0001679788-24-000003,2024-01-04T21:16:34.000Z,0001851492,S,500.0,0.0,0.0,1.0
0001679788-24-000003,2024-01-04T21:16:34.000Z,0001851492,S,1420.0,0.0,0.0,1.0
0001679788-24-000003,2024-01-04T21:16:34.000Z,0001851492,S,380.0,0.0,0.0,1.0
0001679788-24-000003,2024-01-04T21:16:34.000Z,0001851492,S,200.0,0.0,0.0,1.0
0001679788-24-000002,2024-01-04T21:15:36.000Z,0001851658,S,8000.0,173.32,1386560.0,1.0
0001209191-24-000351,2024-01-03T21:14:40.000Z,0001851658,S,1500.0,186.06,279090.0,1.0
0001209191-23-059993,2023-12-29T21:14:45.000Z,0001851414,S,15000.0,0.0,0.0,1.0
0001209191-23-059990,2023-12-29T21:13:40.000Z,0001851442,S,300.0,0.0,0.0,1.0
0001209191-23-059990,2023-12-29T21:13:40.000Z,0001851442,S,200.0,0.0,0.0,1.0
0001209191-23-059990,2023-12-29T21:13:40.000Z,0001851442,S,300.0,0.0,0.0,1.0
0001209191-23-059990,2023-12-29T21:13:40.000Z,0001851442,S,900.0,0.0,0.0,1.0
0001209191-23-059990,2023-12-29T21:13:40.000Z,0001851442,S,2012.0,0.0,0.0,1.0
0001209191-23-059990,2023-12-29T21:13:40.000Z,0001851442,S,721.0,0.0,0.0,1.0
0001209191-23-059990,2023-12-29T21:13:40.000Z,0001851442,S,202.0,0.0,0.0,1.0
0001209191-23-059912,2023-12-28T21:30:31.000Z,0001851414,S,824.0,0.0,0.0,1.0
0001209191-23-059912,2023-12-28T21:30:31.000Z,0001851414,S,1492.0,0.0,0.0,1.0
0001209191-23-059912,2023-12-28T21:30:31.000Z,0001851414,S,758.0,0.0,0.0,1.0
0001209191-23-059912,2023-12-28T21:30:31.000Z,0001851414,S,1165.0,0.0,0.0,1.0
0001209191-23-059912,2023-12-28T21:30:31.000Z,0001851414,S,1628.0,0.0,0.0,1.0
0001209191-23-059912,2023-12-28T21:30:31.000Z,0001851414,S,2670.0,0.0,0.0,1.0
0001209191-23-059912,2023-12-28T21:30:31.000Z,0001851414,S,1263.0,0.0,0.0,1.0
0001209191-23-059912,2023-12-28T21:30:31.000Z,0001851414,S,200.0,0.0,0.0,1.0
0001209191-23-059909,2023-12-28T21:29:37.000Z,0001851442,S,7081.0,0.0,0.0,1.0
0001209191-23-059909,2023-12-28T21:29:37.000Z,0001851442,S,10892.0,0.0,0.0,1.0
0001209191-23-059909,2023-12-28T21:29:37.000Z,0001851442,S,8754.0,0.0,0.0,1.0
0001209191-23-059909,2023-12-28T21:29:37.000Z,0001851442,S,13271.0,0.0,0.0,1.0
0001209191-23-059909,2023-12-28T21:29:37.000Z,0001851442,S,12721.0,0.0,0.0,1.0
0001209191-23-059909,2023-12-28T21:29:37.000Z,0001851442,S,9062.0,0.0,0.0,1.0
0001209191-23-059909,2023-12-28T21:29:37.000Z,0001851442,S,24774.0,0.0,0.0,1.0
0001209191-23-059909,2023-12-28T21:29:37.000Z,0001851442,S,13325.0,0.0,0.0,1.0
0001209191-23-059909,2023-12-28T21:29:37.000Z,0001851442,S,2056.0,0.0,0.0,1.0
0001209191-23-059784,2023-12-27T21:27:01.000Z,0001668711,S,1000.0,175.0,175000.0,1.0
0001209191-23-059783,2023-12-27T21:25:54.000Z,0001963975,S,104767.0,0.0,0.0,1.0
0001209191-23-059782,2023-12-27T21:24:54.000Z,0001851442,S,21512.0,0.0,0.0,1.0
0001209191-23-059782,2023-12-27T21:24:54.000Z,0001851442,S,10531.0,0.0,0.0,1.0
0001209191-23-059782,2023-12-27T21:24:54.000Z,0001851442,S,9812.0,0.0,0.0,1.0
0001209191-23-059782,2023-12-27T21:24:54.000Z,0001851442,S,1820.0,0.0,0.0,1.0
0001679788-23-000115,2023-12-26T21:15:28.000Z,0001589043,S,1145.0,166.71,190882.95,1.0
0001628280-23-042516,2023-12-21T21:48:27.000Z,0001851442,S,2410.0,0.0,0.0,1.0
0001628280-23-042516,2023-12-21T21:48:27.000Z,0001851442,S,9587.0,0.0,0.0,1.0
0001628280-23-042516,2023-12-21T21:48:27.000Z,0001851442,S,11081.0,0.0,0.0,1.0
0001628280-23-042516,2023-12-21T21:48:27.000Z,0001851442,S,19193.0,0.0,0.0,1.0
0001628280-23-042516,2023-12-21T21:48:27.000Z,0001851442,S,6500.0,0.0,0.0,1.0
0001628280-23-042516,2023-12-21T21:48:27.000Z,0001851442,S,16175.0,0.0,0.0,1.0
0001628280-23-042516,2023-12-21T21:48:27.000Z,0001851442,S,21758.0,0.0,0.0,1.0
0001628280-23-042516,2023-12-21T21:48:27.000Z,0001851442,S,10532.0,0.0,0.0,1.0
0001628280-23-042516,2023-12-21T21:48:27.000Z,0001851442,S,600.0,0.0,0.0,1.0
0001628280-23-042512,2023-12-21T21:39:00.000Z,0001851414,S,10000.0,0.0,0.0,1.0
0001628280-23-042512,2023-12-21T21:39:00.000Z,0001851414,S,6782.0,0.0,0.0,1.0
0001628280-23-042512,2023-12-21T21:39:00.000Z,0001851414,S,3218.0,0.0,0.0,1.0
0001628280-23-042510,2023-12-21T21:36:18.000Z,,-,,,,
0001209191-23-058972,2023-12-18T21:46:48.000Z,0001851425,S,1758.0,152.1,267391.8,1.0
0001209191-23-058970,2023-12-18T21:45:30.000Z,0001851658,S,1500.0,152.1,228150.0,1.0
0001209191-23-058969,2023-12-18T21:44:33.000Z,0001851492,S,21858.0,0.0,0.0,1.0
0001209191-23-058969,2023-12-18T21:44:33.000Z,0001851492,S,25136.0,0.0,0.0,1.0
0001209191-23-058969,2023-12-18T21:44:33.000Z,0001851492,S,14710.0,0.0,0.0,1.0
0001209191-23-058969,2023-12-18T21:44:33.000Z,0001851492,S,19486.0,0.0,0.0,1.0
0001209191-23-058969,2023-12-18T21:44:33.000Z,0001851492,S,9657.0,0.0,0.0,1.0
0001209191-23-058767,2023-12-15T21:17:37.000Z,0001851432,S,1838.0,150.0,275700.0,1.0
0001209191-23-058766,2023-12-15T21:16:11.000Z,0001851425,S,5000.0,149.0,745000.0,1.0
0001209191-23-058766,2023-12-15T21:16:11.000Z,0001851425,S,3443.0,149.0,513007.0,1.0
0001209191-23-058763,2023-12-15T21:15:02.000Z,0001668711,S,1000.0,150.0,150000.0,1.0
0001209191-23-058760,2023-12-15T21:13:59.000Z,0001851492,S,9153.0,0.0,0.0,1.0
0001209191-23-058620,2023-12-14T21:15:42.000Z,0001851492,S,700.0,0.0,0.0,1.0
0001209191-23-058620,2023-12-14T21:15:42.000Z,0001851492,S,3400.0,0.0,0.0,1.0
0001209191-23-058620,2023-12-14T21:15:42.000Z,0001851492,S,7200.0,0.0,0.0,1.0
0001209191-23-058620,2023-12-14T21:15:42.000Z,0001851492,S,11142.0,0.0,0.0,1.0
0001209191-23-058620,2023-12-14T21:15:42.000Z,0001851492,S,633.0,0.0,0.0,1.0
0001209191-23-058467,2023-12-13T21:13:51.000Z,0001851442,S,4300.0,0.0,0.0,1.0
0001209191-23-058467,2023-12-13T21:13:51.000Z,0001851442,S,27650.0,0.0,0.0,1.0
0001209191-23-058467,2023-12-13T21:13:51.000Z,0001851442,S,26025.0,0.0,0.0,1.0
0001209191-23-058467,2023-12-13T21:13:51.000Z,0001851442,S,8711.0,0.0,0.0,1.0
0001209191-23-058467,2023-12-13T21:13:51.000Z,0001851442,S,16283.0,0.0,0.0,1.0
0001209191-23-058467,2023-12-13T21:13:51.000Z,0001851442,S,12248.0,0.0,0.0,1.0
0001209191-23-058467,2023-12-13T21:13:51.000Z,0001851442,S,2619.0,0.0,0.0,1.0
0001209191-23-058057,2023-12-11T21:27:30.000Z,0001851442,S,200.0,0.0,0.0,1.0
0001209191-23-058057,2023-12-11T21:27:30.000Z,0001851442,S,1600.0,0.0,0.0,1.0
0001209191-23-058057,2023-12-11T21:27:30.000Z,0001851442,S,4400.0,0.0,0.0,1.0
0001209191-23-058057,2023-12-11T21:27:30.000Z,0001851442,S,6700.0,0.0,0.0,1.0
0001209191-23-058057,2023-12-11T21:27:30.000Z,0001851442,S,16330.0,0.0,0.0,1.0
0001209191-23-058057,2023-12-11T21:27:30.000Z,0001851442,S,30668.0,0.0,0.0,1.0
0001209191-23-058057,2023-12-11T21:27:30.000Z,0001851442,S,29869.0,0.0,0.0,1.0
0001209191-23-058057,2023-12-11T21:27:30.000Z,0001851442,S,7769.0,0.0,0.0,1.0
0001209191-23-058057,2023-12-11T21:27:30.000Z,0001851442,S,300.0,0.0,0.0,1.0
0001209191-23-057617,2023-12-06T21:41:26.000Z,0001851414,S,10000.0,0.0,0.0,1.0
0001209191-23-057616,2023-12-06T21:40:31.000Z,0001851492,S,800.0,0.0,0.0,1.0
0001209191-23-057616,2023-12-06T21:40:31.000Z,0001851492,S,3394.0,0.0,0.0,1.0
0001209191-23-057616,2023-12-06T21:40:31.000Z,0001851492,S,3963.0,0.0,0.0,1.0
0001209191-23-057616,2023-12-06T21:40:31.000Z,0001851492,S,4226.0,0.0,0.0,1.0
0001209191-23-057616,2023-12-06T21:40:31.000Z,0001851492,S,5092.0,0.0,0.0,1.0
0001209191-23-057616,2023-12-06T21:40:31.000Z,0001851492,S,2800.0,0.0,0.0,1.0
0001209191-23-057616,2023-12-06T21:40:31.000Z,0001851492,S,2400.0,0.0,0.0,1.0
0001209191-23-057616,2023-12-06T21:40:31.000Z,0001851492,S,400.0,0.0,0.0,1.0
0001209191-23-057401,2023-12-05T21:16:34.000Z,0001851442,S,2400.0,0.0,0.0,1.0
0001209191-23-057401,2023-12-05T21:16:34.000Z,0001851442,S,3933.0,0.0,0.0,1.0
0001209191-23-057401,2023-12-05T21:16:34.000Z,0001851442,S,4108.0,0.0,0.0,1.0
0001209191-23-057401,2023-12-05T21:16:34.000Z,0001851442,S,5715.0,0.0,0.0,1.0
0001209191-23-057401,2023-12-05T21:16:34.000Z,0001851442,S,150.0,0.0,0.0,1.0
0001209191-23-057401,2023-12-05T21:16:34.000Z,0001851442,S,3160.0,0.0,0.0,1.0
0001209191-23-057401,2023-12-05T21:16:34.000Z,0001851442,S,4540.0,0.0,0.0,1.0
0001209191-23-057401,2023-12-05T21:16:34.000Z,0001851442,S,6900.0,0.0,0.0,1.0
0001209191-23-057401,2023-12-05T21:16:34.000Z,0001851442,S,10871.0,0.0,0.0,1.0
0001209191-23-057401,2023-12-05T21:16:34.000Z,0001851442,S,21211.0,0.0,0.0,1.0
0001209191-23-057401,2023-12-05T21:16:34.000Z,0001851442,S,6300.0,0.0,0.0,1.0
0001209191-23-057401,2023-12-05T21:16:34.000Z,0001851442,S,18995.0,0.0,0.0,1.0
0001209191-23-057401,2023-12-05T21:16:34.000Z,0001851442,S,25659.0,0.0,0.0,1.0
0001209191-23-057401,2023-12-05T21:16:34.000Z,0001851442,S,200.0,0.0,0.0,1.0
0001209191-23-057397,2023-12-05T21:15:21.000Z,0001851658,S,8000.0,126.39,1011120.0,1.0
0001209191-23-057066,2023-12-01T21:16:29.000Z,0001851414,S,10000.0,0.0,0.0,1.0
0001209191-23-056903,2023-11-29T21:29:23.000Z,0001851414,S,369.0,0.0,0.0,1.0
0001209191-23-056903,2023-11-29T21:29:23.000Z,0001851414,S,5155.0,0.0,0.0,1.0
0001209191-23-056903,2023-11-29T21:29:23.000Z,0001851414,S,305.0,0.0,0.0,1.0
0001209191-23-056903,2023-11-29T21:29:23.000Z,0001851414,S,10144.0,0.0,0.0,1.0
0001209191-23-056903,2023-11-29T21:29:23.000Z,0001851414,S,630.0,0.0,0.0,1.0
0001209191-23-056903,2023-11-29T21:29:23.000Z,0001851414,S,842.0,0.0,0.0,1.0
0001209191-23-056903,2023-11-29T21:29:23.000Z,0001851414,S,11800.0,0.0,0.0,1.0
0001209191-23-056903,2023-11-29T21:29:23.000Z,0001851414,S,362.0,0.0,0.0,1.0
0001209191-23-056901,2023-11-29T21:28:22.000Z,,-,,,,
0001209191-23-056900,2023-11-29T21:27:10.000Z,0001851492,S,50000.0,0.0,0.0,1.0
0001209191-23-056787,2023-11-28T21:19:52.000Z,0001851432,S,1704.0,108.45,184798.80000000002,1.0
0001209191-23-056784,2023-11-28T21:18:50.000Z,0001963975,S,1718.0,0.0,0.0,1.0
0001209191-23-056784,2023-11-28T21:18:50.000Z,0001963975,S,700.0,0.0,0.0,1.0
0001209191-23-056784,2023-11-28T21:18:50.000Z,0001963975,S,927.0,0.0,0.0,1.0
0001209191-23-056784,2023-11-28T21:18:50.000Z,0001963975,S,599.0,0.0,0.0,1.0
0001209191-23-056784,2023-11-28T21:18:50.000Z,0001963975,S,1000.0,0.0,0.0,1.0
0001209191-23-056784,2023-11-28T21:18:50.000Z,0001963975,S,1000.0,0.0,0.0,1.0
0001209191-23-056784,2023-11-28T21:18:50.000Z,0001963975,S,7231.0,0.0,0.0,1.0
0001209191-23-056784,2023-11-28T21:18:50.000Z,0001963975,S,2900.0,0.0,0.0,1.0
0001209191-23-056780,2023-11-28T21:18:06.000Z,0001851492,S,1500.0,0.0,0.0,1.0
0001209191-23-056780,2023-11-28T21:18:06.000Z,0001851492,S,1402.0,0.0,0.0,1.0
0001209191-23-056780,2023-11-28T21:18:06.000Z,0001851492,S,1528.0,0.0,0.0,1.0
0001209191-23-056780,2023-11-28T21:18:06.000Z,0001851492,S,849.0,0.0,0.0,1.0
0001209191-23-056780,2023-11-28T21:18:06.000Z,0001851492,S,2306.0,0.0,0.0,1.0
0001209191-23-056780,2023-11-28T21:18:06.000Z,0001851492,S,4009.0,0.0,0.0,1.0
0001209191-23-056780,2023-11-28T21:18:06.000Z,0001851492,S,10681.0,0.0,0.0,1.0
0001209191-23-056780,2023-11-28T21:18:06.000Z,0001851492,S,800.0,0.0,0.0,1.0
0001209191-23-056654,2023-11-27T21:20:22.000Z,0001851442,S,9188.0,0.0,0.0,1.0
0001209191-23-056654,2023-11-27T21:20:22.000Z,0001851442,S,11817.0,0.0,0.0,1.0
0001209191-23-056654,2023-11-27T21:20:22.000Z,0001851442,S,12500.0,0.0,0.0,1.0
0001209191-23-056654,2023-11-27T21:20:22.000Z,0001851442,S,11240.0,0.0,0.0,1.0
0001209191-23-056654,2023-11-27T21:20:22.000Z,0001851442,S,15686.0,0.0,0.0,1.0
0001209191-23-056654,2023-11-27T21:20:22.000Z,0001851442,S,18298.0,0.0,0.0,1.0
0001209191-23-056654,2023-11-27T21:20:22.000Z,0001851442,S,2801.0,0.0,0.0,1.0
0001209191-23-056471,2023-11-22T21:26:25.000Z,,-,,,,
0001209191-23-056469,2023-11-22T21:25:08.000Z,,-,,,,
0001209191-23-056467,2023-11-22T21:24:11.000Z,,-,,,,
0001209191-23-056466,2023-11-22T21:22:48.000Z,,-,,,,
0001209191-23-056463,2023-11-22T21:21:50.000Z,,-,,,,
0001209191-23-056461,2023-11-22T21:20:58.000Z,0001851492,S,200.0,0.0,0.0,1.0
0001209191-23-056461,2023-11-22T21:20:58.000Z,0001851492,S,100.0,100.345,10034.5,1.0
0001209191-23-056461,2023-11-22T21:20:58.000Z,0001851492,S,1000.0,0.0,0.0,1.0
0001209191-23-056461,2023-11-22T21:20:58.000Z,0001851492,S,1500.0,0.0,0.0,1.0
0001209191-23-056461,2023-11-22T21:20:58.000Z,0001851492,S,324.0,0.0,0.0,1.0
0001209191-23-056461,2023-11-22T21:20:58.000Z,0001851492,S,1501.0,0.0,0.0,1.0
0001209191-23-056124,2023-11-20T23:13:42.000Z,0001589043,S,1145.0,97.68,111843.6,1.0
0001209191-23-056123,2023-11-20T23:12:56.000Z,0001851492,S,1000.0,0.0,0.0,1.0
0001209191-23-056123,2023-11-20T23:12:56.000Z,0001851492,S,9390.0,0.0,0.0,1.0
0001209191-23-056123,2023-11-20T23:12:56.000Z,0001851492,S,7910.0,0.0,0.0,1.0
0001209191-23-056123,2023-11-20T23:12:56.000Z,0001851492,S,200.0,97.51,19502.0,1.0
0001209191-23-055730,2023-11-17T21:13:58.000Z,0001851425,S,3447.0,99.0,341253.0,1.0
0001209191-23-055104,2023-11-14T02:16:47.000Z,0001851425,S,5000.0,99.0,495000.0,1.0
0001209191-23-055104,2023-11-14T02:16:47.000Z,0001851425,S,4302.0,99.0,425898.0,1.0
0001209191-23-054772,2023-11-09T02:36:25.000Z,,-,,,,
0001209191-23-054771,2023-11-09T02:35:30.000Z,,-,,,,
0001209191-23-053333,2023-10-23T20:25:35.000Z,0001589043,S,1145.0,74.34,85119.3,1.0
0001209191-23-050499,2023-09-25T21:09:19.000Z,0001589043,S,1145.0,74.38,85165.09999999999,1.0
0001209191-23-048382,2023-09-06T20:23:33.000Z,0001963975,S,10400.0,0.0,0.0,1.0
0001209191-23-048382,2023-09-06T20:23:33.000Z,0001963975,S,7497.0,0.0,0.0,1.0
0001209191-23-048382,2023-09-06T20:23:33.000Z,0001963975,S,1917.0,0.0,0.0,1.0
0001209191-23-047849,2023-08-31T20:20:41.000Z,0001851414,S,2402.0,0.0,0.0,0.0
0001209191-23-047576,2023-08-29T20:12:06.000Z,0001851414,S,384.0,0.0,0.0,1.0
0001209191-23-047576,2023-08-29T20:12:06.000Z,0001851414,S,1514.0,0.0,0.0,1.0
0001209191-23-047576,2023-08-29T20:12:06.000Z,0001851414,S,504.0,0.0,0.0,1.0
0001209191-23-047510,2023-08-28T20:17:44.000Z,0001851432,S,1704.0,77.76,132503.04,1.0
0001209191-23-046892,2023-08-22T20:19:47.000Z,,-,,,,
0001209191-23-046891,2023-08-22T20:18:57.000Z,,-,,,,
0001209191-23-046888,2023-08-22T20:18:20.000Z,,-,,,,
0001209191-23-046886,2023-08-22T20:17:32.000Z,,-,,,,
0001209191-23-046878,2023-08-22T20:14:44.000Z,,-,,,,
0001209191-23-046698,2023-08-21T20:16:38.000Z,0001589043,S,1145.0,78.38,89745.09999999999,1.0
0001209191-23-045891,2023-08-15T21:12:02.000Z,,-,,,,
0001209191-23-044424,2023-08-03T20:17:18.000Z,,-,,,,
0001209191-23-044421,2023-08-03T20:16:18.000Z,0001851492,S,2500.0,0.0,0.0,1.0
0001209191-23-044421,2023-08-03T20:16:18.000Z,0001851492,S,6684.0,0.0,0.0,1.0
0001209191-23-044421,2023-08-03T20:16:18.000Z,0001851492,S,8395.0,0.0,0.0,1.0
0001209191-23-044421,2023-08-03T20:16:18.000Z,0001851492,S,5300.0,0.0,0.0,1.0
0001209191-23-044421,2023-08-03T20:16:18.000Z,0001851492,S,5596.0,0.0,0.0,1.0
0001209191-23-044421,2023-08-03T20:16:18.000Z,0001851492,S,1250.0,0.0,0.0,1.0
0001209191-23-042896,2023-07-20T20:16:29.000Z,0001851492,S,3211.0,0.0,0.0,1.0
0001209191-23-042896,2023-07-20T20:16:29.000Z,0001851492,S,4948.0,0.0,0.0,1.0
0001209191-23-042896,2023-07-20T20:16:29.000Z,0001851492,S,20191.0,0.0,0.0,1.0
0001209191-23-042896,2023-07-20T20:16:29.000Z,0001851492,S,8239.0,0.0,0.0,1.0
0001209191-23-042896,2023-07-20T20:16:29.000Z,0001851492,S,9148.0,0.0,0.0,1.0
0001209191-23-042896,2023-07-20T20:16:29.000Z,0001851492,S,7754.0,0.0,0.0,1.0
0001209191-23-042896,2023-07-20T20:16:29.000Z,0001851492,S,5269.0,0.0,0.0,1.0
0001209191-23-042896,2023-07-20T20:16:29.000Z,0001851492,S,700.0,0.0,0.0,1.0
0001209191-23-042567,2023-07-18T20:20:25.000Z,0001589043,S,4580.0,106.65,488457.0,1.0
0001209191-23-042425,2023-07-17T20:30:38.000Z,0001851432,S,9897.0,100.0,989700.0,1.0
0001209191-23-042422,2023-07-17T20:25:55.000Z,0001851414,S,11922.0,0.0,0.0,1.0
0001209191-23-042422,2023-07-17T20:25:55.000Z,0001851414,S,3573.0,0.0,0.0,1.0
0001209191-23-042421,2023-07-17T20:24:19.000Z,0001851492,S,6133.0,0.0,0.0,1.0
0001209191-23-042421,2023-07-17T20:24:19.000Z,0001851492,S,4523.0,0.0,0.0,1.0
0001209191-23-042421,2023-07-17T20:24:19.000Z,0001851492,S,1475.0,0.0,0.0,1.0
0001209191-23-042421,2023-07-17T20:24:19.000Z,0001851492,S,1125.0,0.0,0.0,1.0
0001209191-23-042421,2023-07-17T20:24:19.000Z,0001851492,S,1375.0,0.0,0.0,1.0
0001209191-23-042421,2023-07-17T20:24:19.000Z,0001851492,S,12461.0,0.0,0.0,1.0
0001209191-23-042421,2023-07-17T20:24:19.000Z,0001851492,S,495.0,0.0,0.0,1.0
0001209191-23-042074,2023-07-12T20:15:38.000Z,0001589043,S,1145.0,79.08,90546.59999999999,1.0
0001209191-23-041538,2023-07-06T20:19:24.000Z,0001589043,S,4580.0,0.0,0.0,1.0
0001209191-23-041537,2023-07-06T20:18:13.000Z,0001851432,S,7335.0,75.0,550125.0,1.0
0001209191-23-041534,2023-07-06T20:16:36.000Z,0001851414,S,1818.0,0.0,0.0,1.0
0001209191-23-041531,2023-07-06T20:15:36.000Z,0001851492,S,1895.0,0.0,0.0,1.0
0001209191-23-041531,2023-07-06T20:15:36.000Z,0001851492,S,2749.0,0.0,0.0,1.0
0001209191-23-041531,2023-07-06T20:15:36.000Z,0001851492,S,5052.0,0.0,0.0,1.0
0001209191-23-041531,2023-07-06T20:15:36.000Z,0001851492,S,14736.0,0.0,0.0,1.0
0001209191-23-041531,2023-07-06T20:15:36.000Z,0001851492,S,5298.0,0.0,0.0,1.0
0001209191-23-041531,2023-07-06T20:15:36.000Z,0001851492,S,9080.0,0.0,0.0,1.0
0001209191-23-041531,2023-07-06T20:15:36.000Z,0001851492,S,15129.0,0.0,0.0,1.0
0001209191-23-041531,2023-07-06T20:15:36.000Z,0001851492,S,18128.0,0.0,0.0,1.0
0001209191-23-041531,2023-07-06T20:15:36.000Z,0001851492,S,2258.0,0.0,0.0,1.0
0001679788-23-000099,2023-06-29T20:11:16.000Z,0001851432,S,74375.0,70.0,5206250.0,1.0
0001679788-23-000098,2023-06-22T20:19:26.000Z,0001851492,S,3519.0,0.0,0.0,1.0
0001679788-23-000098,2023-06-22T20:19:26.000Z,0001851492,S,8880.0,0.0,0.0,1.0
0001679788-23-000098,2023-06-22T20:19:26.000Z,0001851492,S,7636.0,0.0,0.0,1.0
0001679788-23-000098,2023-06-22T20:19:26.000Z,0001851492,S,9095.0,0.0,0.0,1.0
0001679788-23-000098,2023-06-22T20:19:26.000Z,0001851492,S,600.0,0.0,0.0,1.0
0001679788-23-000097,2023-06-21T20:28:51.000Z,,-,,,,
0001679788-23-000096,2023-06-21T20:27:23.000Z,,-,,,,
0001679788-23-000095,2023-06-21T20:26:15.000Z,,-,,,,
0001679788-23-000094,2023-06-21T20:24:35.000Z,,-,,,,
0001679788-23-000093,2023-06-21T20:23:02.000Z,,-,,,,
0001679788-23-000090,2023-06-08T01:50:30.000Z,0001851492,S,3400.0,0.0,0.0,1.0
0001679788-23-000090,2023-06-08T01:50:30.000Z,0001851492,S,8598.0,0.0,0.0,1.0
0001679788-23-000090,2023-06-08T01:50:30.000Z,0001851492,S,2992.0,0.0,0.0,1.0
0001679788-23-000090,2023-06-08T01:50:30.000Z,0001851492,S,1000.0,0.0,0.0,1.0
0001679788-23-000090,2023-06-08T01:50:30.000Z,0001851492,S,1750.0,0.0,0.0,1.0
0001679788-23-000090,2023-06-08T01:50:30.000Z,0001851492,S,7702.0,0.0,0.0,1.0
0001679788-23-000090,2023-06-08T01:50:30.000Z,0001851492,S,3500.0,0.0,0.0,1.0
0001679788-23-000090,2023-06-08T01:50:30.000Z,0001851492,S,788.0,0.0,0.0,1.0
0001679788-23-000089,2023-06-07T01:53:23.000Z,0001851432,S,1704.0,65.0,110760.0,1.0
0001679788-23-000088,2023-06-05T20:30:01.000Z,,-,,,,
0001679788-23-000087,2023-06-05T20:25:46.000Z,,-,,,,
0001679788-23-000086,2023-06-05T20:24:11.000Z,,-,,,,
0001679788-23-000085,2023-06-05T20:22:53.000Z,,-,,,,
0001679788-23-000084,2023-06-05T20:21:17.000Z,0001589043,S,1145.0,65.0,74425.0,1.0
0001679788-23-000083,2023-05-30T20:23:40.000Z,0001851414,S,1318.0,0.0,0.0,1.0
0001679788-23-000083,2023-05-30T20:23:40.000Z,0001851414,S,320.0,0.0,0.0,1.0
0001679788-23-000083,2023-05-30T20:23:40.000Z,0001851414,S,180.0,0.0,0.0,1.0
0001679788-23-000082,2023-05-26T20:18:00.000Z,0001851492,S,11846.0,0.0,0.0,1.0
0001679788-23-000082,2023-05-26T20:18:00.000Z,0001851492,S,17218.0,0.0,0.0,1.0
0001679788-23-000082,2023-05-26T20:18:00.000Z,0001851492,S,666.0,0.0,0.0,1.0
0001679788-23-000081,2023-05-26T20:15:44.000Z,0001963975,S,14207.0,57.8339,821646.2173,1.0
0001679788-23-000080,2023-05-23T20:23:15.000Z,,-,,,,
0001679788-23-000079,2023-05-23T20:22:02.000Z,,-,,,,
0001679788-23-000078,2023-05-23T20:20:47.000Z,,-,,,,
0001679788-23-000077,2023-05-23T20:19:37.000Z,,-,,,,
0001679788-23-000076,2023-05-23T20:18:27.000Z,,-,,,,
0001209191-23-028859,2023-05-12T00:03:40.000Z,0001851442,P,60000.0,0.0,0.0,0.0
0001209191-23-028859,2023-05-12T00:03:40.000Z,0001851442,P,40000.0,0.0,0.0,0.0
0001209191-23-028859,2023-05-12T00:03:40.000Z,0001851442,P,65200.0,0.0,0.0,0.0
0001209191-23-028859,2023-05-12T00:03:40.000Z,0001851442,P,168202.0,0.0,0.0,0.0
0001209191-23-028859,2023-05-12T00:03:40.000Z,0001851442,P,425216.0,0.0,0.0,0.0
0001209191-23-028859,2023-05-12T00:03:40.000Z,0001851442,P,51382.0,0.0,0.0,0.0
0001679788-23-000074,2023-05-09T20:16:21.000Z,0001851492,S,9961.0,0.0,0.0,1.0
0001679788-23-000074,2023-05-09T20:16:21.000Z,0001851492,S,4639.0,0.0,0.0,1.0
0001679788-23-000074,2023-05-09T20:16:21.000Z,0001851492,S,9128.0,0.0,0.0,1.0
0001679788-23-000074,2023-05-09T20:16:21.000Z,0001851492,S,6002.0,0.0,0.0,1.0
0001679788-23-000055,2023-04-26T20:22:05.000Z,0001851492,S,18939.0,0.0,0.0,1.0
0001679788-23-000055,2023-04-26T20:22:05.000Z,0001851492,S,3210.0,0.0,0.0,1.0
0001679788-23-000055,2023-04-26T20:22:05.000Z,0001851492,S,1654.0,0.0,0.0,1.0
0001679788-23-000055,2023-04-26T20:22:05.000Z,0001851492,S,4927.0,0.0,0.0,1.0
0001679788-23-000055,2023-04-26T20:22:05.000Z,0001851492,S,1000.0,0.0,0.0,1.0
0001679788-23-000054,2023-04-12T20:17:00.000Z,0001851492,S,7751.0,0.0,0.0,1.0
0001679788-23-000054,2023-04-12T20:17:00.000Z,0001851492,S,5251.0,0.0,0.0,1.0
0001679788-23-000054,2023-04-12T20:17:00.000Z,0001851492,S,5415.0,0.0,0.0,1.0
0001679788-23-000054,2023-04-12T20:17:00.000Z,0001851492,S,4657.0,0.0,0.0,1.0
0001679788-23-000054,2023-04-12T20:17:00.000Z,0001851492,S,4221.0,0.0,0.0,1.0
0001679788-23-000054,2023-04-12T20:17:00.000Z,0001851492,S,2435.0,0.0,0.0,1.0
0001679788-23-000053,2023-03-29T20:14:26.000Z,0001851492,S,7391.0,0.0,0.0,1.0
0001679788-23-000053,2023-03-29T20:14:26.000Z,0001851492,S,10034.0,0.0,0.0,1.0
0001679788-23-000053,2023-03-29T20:14:26.000Z,0001851492,S,4164.0,0.0,0.0,1.0
0001679788-23-000053,2023-03-29T20:14:26.000Z,0001851492,S,3448.0,0.0,0.0,1.0
0001679788-23-000053,2023-03-29T20:14:26.000Z,0001851492,S,4343.0,0.0,0.0,1.0
0001679788-23-000053,2023-03-29T20:14:26.000Z,0001851492,S,350.0,0.0,0.0,1.0
0001679788-23-000052,2023-03-23T01:53:10.000Z,0001851414,S,1485.0,77.0,114345.0,1.0
0001679788-23-000052,2023-03-23T01:53:10.000Z,0001851414,S,840.0,0.0,0.0,1.0
0001679788-23-000047,2023-03-21T20:15:26.000Z,0001851492,S,22886.0,0.0,0.0,1.0
0001679788-23-000047,2023-03-21T20:15:26.000Z,0001851492,S,5140.0,0.0,0.0,1.0
0001679788-23-000047,2023-03-21T20:15:26.000Z,0001851492,S,1606.0,0.0,0.0,1.0
0001679788-23-000047,2023-03-21T20:15:26.000Z,0001851492,S,100.0,0.0,0.0,1.0
0001679788-23-000046,2023-03-15T20:17:41.000Z,0001851492,S,1400.0,0.0,0.0,0.0
0001679788-23-000046,2023-03-15T20:17:41.000Z,0001851492,S,900.0,0.0,0.0,0.0
0001679788-23-000046,2023-03-15T20:17:41.000Z,0001851492,S,700.0,0.0,0.0,0.0
0001679788-23-000046,2023-03-15T20:17:41.000Z,0001851492,S,2734.0,0.0,0.0,0.0
0001679788-23-000046,2023-03-15T20:17:41.000Z,0001851492,S,2800.0,0.0,0.0,0.0
0001679788-23-000046,2023-03-15T20:17:41.000Z,0001851492,S,3500.0,0.0,0.0,0.0
0001679788-23-000046,2023-03-15T20:17:41.000Z,0001851492,S,2300.0,0.0,0.0,0.0
0001679788-23-000046,2023-03-15T20:17:41.000Z,0001851492,S,8372.0,0.0,0.0,0.0
0001679788-23-000046,2023-03-15T20:17:41.000Z,0001851492,S,5725.0,0.0,0.0,0.0
0001679788-23-000046,2023-03-15T20:17:41.000Z,0001851492,S,1301.0,0.0,0.0,0.0
0001679788-23-000045,2023-03-03T22:30:58.000Z,0001851492,S,11415.0,0.0,0.0,0.0
0001679788-23-000045,2023-03-03T22:30:58.000Z,0001851492,S,14717.0,0.0,0.0,0.0
0001679788-23-000045,2023-03-03T22:30:58.000Z,0001851492,S,3200.0,0.0,0.0,0.0
0001679788-23-000045,2023-03-03T22:30:58.000Z,0001851492,S,400.0,0.0,0.0,0.0
0001679788-23-000044,2023-03-01T21:16:01.000Z,0001851414,S,1438.0,0.0,0.0,0.0
0001679788-23-000044,2023-03-01T21:16:01.000Z,0001851414,S,811.0,0.0,0.0,0.0
0001679788-23-000044,2023-03-01T21:16:01.000Z,0001851414,S,76.0,0.0,0.0,0.0
0001679788-23-000043,2023-02-27T21:15:29.000Z,0001851432,S,1600.0,0.0,0.0,0.0
0001679788-23-000043,2023-02-27T21:15:29.000Z,0001851432,S,2427.0,0.0,0.0,0.0
0001679788-23-000043,2023-02-27T21:15:29.000Z,0001851432,S,3115.0,0.0,0.0,0.0
0001679788-23-000043,2023-02-27T21:15:29.000Z,0001851432,S,1055.0,0.0,0.0,0.0
0001679788-23-000042,2023-02-24T21:18:08.000Z,0001963975,S,16215.0,59.4565,964087.1475,0.0
0001679788-23-000041,2023-02-22T21:31:22.000Z,,-,,,,
0001679788-23-000040,2023-02-22T21:29:35.000Z,,-,,,,
0001679788-23-000039,2023-02-22T21:28:15.000Z,,-,,,,
0001679788-23-000038,2023-02-22T21:27:09.000Z,,-,,,,
0001679788-23-000037,2023-02-22T21:24:49.000Z,,-,,,,
0001679788-23-000036,2023-02-22T21:23:14.000Z,,-,,,,
0001679788-23-000035,2023-02-22T21:21:53.000Z,,-,,,,
0001679788-23-000034,2023-02-22T21:18:55.000Z,,-,,,,
0001679788-23-000023,2023-02-16T21:11:56.000Z,0001851492,S,2400.0,0.0,0.0,0.0
0001679788-23-000023,2023-02-16T21:11:56.000Z,0001851492,S,6932.0,0.0,0.0,0.0
0001679788-23-000023,2023-02-16T21:11:56.000Z,0001851492,S,8211.0,0.0,0.0,0.0
0001679788-23-000023,2023-02-16T21:11:56.000Z,0001851492,S,7381.0,0.0,0.0,0.0
0001679788-23-000023,2023-02-16T21:11:56.000Z,0001851492,S,3208.0,0.0,0.0,0.0
0001679788-23-000023,2023-02-16T21:11:56.000Z,0001851492,S,1600.0,0.0,0.0,0.0
0001679788-23-000020,2023-02-09T21:15:54.000Z,0001666546,P,4960.0,72.95,361832.0,0.0
0001679788-23-000019,2023-02-07T21:30:55.000Z,,-,,,,
0001679788-23-000018,2023-02-07T21:29:20.000Z,,-,,,,
0001679788-23-000017,2023-02-07T21:27:07.000Z,,-,,,,
0001679788-23-000016,2023-02-07T21:25:43.000Z,,-,,,,
0001679788-23-000014,2023-02-06T21:23:08.000Z,0001851414,S,1818.0,0.0,0.0,0.0
0001679788-23-000013,2023-02-06T21:18:24.000Z,0001851492,S,3000.0,0.0,0.0,0.0
0001679788-23-000013,2023-02-06T21:18:24.000Z,0001851492,S,1200.0,0.0,0.0,0.0
0001679788-23-000013,2023-02-06T21:18:24.000Z,0001851492,S,8001.0,0.0,0.0,0.0
0001679788-23-000013,2023-02-06T21:18:24.000Z,0001851492,S,9690.0,0.0,0.0,0.0
0001679788-23-000013,2023-02-06T21:18:24.000Z,0001851492,S,10605.0,0.0,0.0,0.0
0001679788-23-000013,2023-02-06T21:18:24.000Z,0001851492,S,4768.0,0.0,0.0,0.0
0001679788-23-000013,2023-02-06T21:18:24.000Z,0001851492,S,5451.0,0.0,0.0,0.0
0001679788-23-000013,2023-02-06T21:18:24.000Z,0001851492,S,700.0,0.0,0.0,0.0
0001679788-23-000013,2023-02-06T21:18:24.000Z,0001851492,S,883.0,0.0,0.0,0.0
0001679788-23-000013,2023-02-06T21:18:24.000Z,0001851492,S,300.0,0.0,0.0,0.0
0001679788-23-000012,2023-02-02T21:20:38.000Z,0001666546,P,6588.0,57.7,380127.60000000003,0.0
0001679788-23-000010,2023-02-01T21:13:58.000Z,0001851492,S,1656.0,0.0,0.0,0.0
0001679788-23-000010,2023-02-01T21:13:58.000Z,0001851492,S,6421.0,0.0,0.0,0.0
0001679788-23-000010,2023-02-01T21:13:58.000Z,0001851492,S,10026.0,0.0,0.0,0.0
0001679788-23-000010,2023-02-01T21:13:58.000Z,0001851492,S,5264.0,0.0,0.0,0.0
0001679788-23-000010,2023-02-01T21:13:58.000Z,0001851492,S,4842.0,0.0,0.0,0.0
0001679788-23-000010,2023-02-01T21:13:58.000Z,0001851492,S,1523.0,0.0,0.0,0.0
0001679788-23-000008,2023-01-26T21:18:30.000Z,0001666546,P,6612.0,54.38,359560.56,0.0
0001679788-23-000007,2023-01-20T21:12:21.000Z,0001666546,P,6834.0,54.21,370471.14,0.0
0001679788-23-000006,2023-01-18T21:19:47.000Z,0001851492,S,58053.0,0.0,0.0,0.0
0001679788-23-000006,2023-01-18T21:19:47.000Z,0001851492,S,4450.0,0.0,0.0,0.0
0001679788-23-000006,2023-01-18T21:19:47.000Z,0001851492,S,12610.0,0.0,0.0,0.0
0001679788-23-000006,2023-01-18T21:19:47.000Z,0001851492,S,7343.0,0.0,0.0,0.0
0001679788-23-000006,2023-01-18T21:19:47.000Z,0001851492,S,6540.0,0.0,0.0,0.0
0001679788-23-000006,2023-01-18T21:19:47.000Z,0001851492,S,200.0,0.0,0.0,0.0
0001679788-23-000005,2023-01-12T21:28:58.000Z,0001668711,S,50230.0,0.0,0.0,0.0
0001679788-23-000005,2023-01-12T21:28:58.000Z,0001668711,S,31039.0,0.0,0.0,0.0
0001679788-23-000005,2023-01-12T21:28:58.000Z,0001668711,S,6731.0,0.0,0.0,0.0
0001679788-23-000004,2023-01-12T21:24:13.000Z,0001666546,P,9668.0,37.76,365063.68,0.0
0001679788-23-000002,2023-01-06T21:18:46.000Z,0001851492,S,2700.0,0.0,0.0,0.0
0001679788-23-000002,2023-01-06T21:18:46.000Z,0001851492,S,2612.0,0.0,0.0,0.0
0001679788-23-000002,2023-01-06T21:18:46.000Z,0001851492,S,4850.0,0.0,0.0,0.0
0001679788-23-000002,2023-01-06T21:18:46.000Z,0001851492,S,4704.0,0.0,0.0,0.0
0001679788-23-000001,2023-01-06T21:15:31.000Z,0001666546,P,11012.0,34.62,381235.43999999994,0.0
0001679788-22-000143,2022-12-29T23:53:15.000Z,0001666546,P,11332.0,32.58,369196.56,0.0
0001679788-22-000142,2022-12-29T23:50:52.000Z,0001668711,S,63069.0,0.0,0.0,0.0
0001679788-22-000142,2022-12-29T23:50:52.000Z,0001668711,S,30931.0,0.0,0.0,0.0
0001679788-22-000141,2022-12-22T21:10:47.000Z,0001851492,S,10116.0,0.0,0.0,0.0
0001679788-22-000141,2022-12-22T21:10:47.000Z,0001851492,S,4250.0,0.0,0.0,0.0
0001679788-22-000141,2022-12-22T21:10:47.000Z,0001851492,S,500.0,0.0,0.0,0.0
0001679788-22-000140,2022-12-22T21:08:22.000Z,0001666546,P,10520.0,34.75,365570.0,0.0
0001679788-22-000139,2022-12-15T23:05:37.000Z,0001666546,P,8685.0,46.04,399857.39999999997,0.0
0001679788-22-000138,2022-12-15T23:04:00.000Z,0001668711,S,37538.0,0.0,0.0,0.0
0001679788-22-000138,2022-12-15T23:04:00.000Z,0001668711,S,24162.0,0.0,0.0,0.0
0001679788-22-000138,2022-12-15T23:04:00.000Z,0001668711,S,30300.0,0.0,0.0,0.0
0001679788-22-000137,2022-12-08T22:28:57.000Z,0001666546,P,8704.0,43.05,374707.19999999995,0.0
0001679788-22-000137,2022-12-08T22:28:57.000Z,0001666546,P,8043.0,45.73,367806.38999999996,0.0
0001679788-22-000136,2022-12-07T22:16:59.000Z,0001851492,S,7019.0,0.0,0.0,0.0
0001679788-22-000136,2022-12-07T22:16:59.000Z,0001851492,S,5347.0,0.0,0.0,0.0
0001679788-22-000136,2022-12-07T22:16:59.000Z,0001851492,S,1900.0,0.0,0.0,0.0
0001679788-22-000136,2022-12-07T22:16:59.000Z,0001851492,S,600.0,0.0,0.0,0.0
0001679788-22-000135,2022-12-02T21:20:01.000Z,,-,,,,
0001679788-22-000132,2022-11-29T22:04:45.000Z,0001851414,S,1818.0,0.0,0.0,0.0
0001679788-22-000131,2022-11-28T22:00:21.000Z,0001851432,S,2175.0,43.85,95373.75,0.0
0001679788-22-000130,2022-11-23T22:55:11.000Z,0001668711,S,12749.0,42.35,539920.15,0.0
0001679788-22-000129,2022-11-23T22:12:29.000Z,0001851492,S,7375.0,0.0,0.0,0.0
0001679788-22-000129,2022-11-23T22:12:29.000Z,0001851492,S,4201.0,0.0,0.0,0.0
0001679788-22-000129,2022-11-23T22:12:29.000Z,0001851492,S,1300.0,0.0,0.0,0.0
0001679788-22-000129,2022-11-23T22:12:29.000Z,0001851492,S,1990.0,0.0,0.0,0.0
0001679788-22-000128,2022-11-23T22:09:57.000Z,0001666546,P,8974.0,42.35,380048.9,0.0
0001679788-22-000127,2022-11-23T01:57:22.000Z,0001668711,S,92659.0,0.0,0.0,0.0
0001679788-22-000127,2022-11-23T01:57:22.000Z,0001668711,S,11200.0,0.0,0.0,0.0
0001679788-22-000126,2022-11-23T01:56:03.000Z,,-,,,,
0001679788-22-000125,2022-11-23T01:54:12.000Z,,-,,,,
0001679788-22-000124,2022-11-23T01:52:45.000Z,,-,,,,
0001679788-22-000123,2022-11-23T01:51:18.000Z,,-,,,,
0001679788-22-000122,2022-11-23T01:50:01.000Z,,-,,,,
0001679788-22-000121,2022-11-17T22:12:28.000Z,0001666546,P,6952.0,55.0,382360.0,0.0
0001679788-22-000120,2022-11-15T22:12:43.000Z,0001851492,S,300.0,0.0,0.0,0.0
0001679788-22-000120,2022-11-15T22:12:43.000Z,0001851492,S,700.0,0.0,0.0,0.0
0001679788-22-000120,2022-11-15T22:12:43.000Z,0001851492,S,500.0,0.0,0.0,0.0
0001679788-22-000120,2022-11-15T22:12:43.000Z,0001851492,S,1083.0,0.0,0.0,0.0
0001679788-22-000120,2022-11-15T22:12:43.000Z,0001851492,S,1600.0,0.0,0.0,0.0
0001679788-22-000120,2022-11-15T22:12:43.000Z,0001851492,S,2090.0,0.0,0.0,0.0
0001679788-22-000120,2022-11-15T22:12:43.000Z,0001851492,S,4310.0,0.0,0.0,0.0
0001679788-22-000120,2022-11-15T22:12:43.000Z,0001851492,S,3700.0,0.0,0.0,0.0
0001679788-22-000120,2022-11-15T22:12:43.000Z,0001851492,S,5204.0,0.0,0.0,0.0
0001679788-22-000120,2022-11-15T22:12:43.000Z,0001851492,S,6990.0,0.0,0.0,0.0
0001679788-22-000120,2022-11-15T22:12:43.000Z,0001851492,S,2755.0,0.0,0.0,0.0
0001679788-22-000120,2022-11-15T22:12:43.000Z,0001851492,S,500.0,0.0,0.0,0.0
0001679788-22-000119,2022-11-10T22:11:14.000Z,0001666546,P,6495.0,54.5,353977.5,0.0
0001679788-22-000118,2022-11-08T22:14:50.000Z,,-,,,,
0001679788-22-000117,2022-11-03T21:18:09.000Z,0001666546,P,5585.0,68.99,385309.14999999997,0.0
0001679788-22-000109,2022-10-27T21:01:41.000Z,0001666546,P,5573.0,66.96,373168.07999999996,0.0
0001679788-22-000108,2022-10-20T21:00:06.000Z,0001666546,P,5349.0,72.9,389942.10000000003,0.0
0001679788-22-000107,2022-10-13T21:02:55.000Z,0001666546,P,5519.0,67.61,373139.59,0.0
0001679788-22-000106,2022-10-06T20:08:25.000Z,0001666546,P,5610.0,69.09,387594.9,0.0
