accession,accepted,owner,code,shares,price,value,plan
0000950103-26-014886,2026-09-30T22:22:17.000Z,1564475.0,S,946.0,750.425,709902.0499999999,1.0
0000950103-26-014886,2026-09-30T22:22:17.000Z,1564475.0,S,82.0,748.91,61410.62,1.0
0000950103-26-014886,2026-09-30T22:22:17.000Z,1564475.0,S,57.0,748.91,42687.87,1.0
0000950103-26-014886,2026-09-30T22:22:17.000Z,1564475.0,S,82.0,748.91,61410.62,1.0
0000950103-26-014886,2026-09-30T22:22:17.000Z,1564475.0,S,408.0,748.91,305555.28,1.0
0000950103-26-014647,2026-09-28T23:47:03.000Z,1548760.0,S,2093.0,0.0,0.0,1.0
0000950103-26-014647,2026-09-28T23:47:03.000Z,1548760.0,S,2516.0,0.0,0.0,1.0
0000950103-26-014647,2026-09-28T23:47:03.000Z,1548760.0,S,7607.0,0.0,0.0,1.0
0000950103-26-014647,2026-09-28T23:47:03.000Z,1548760.0,S,4324.0,0.0,0.0,1.0
0000950103-26-014647,2026-09-28T23:47:03.000Z,1548760.0,S,600.0,0.0,0.0,1.0
0000950103-26-014647,2026-09-28T23:47:03.000Z,1548760.0,S,1133.0,0.0,0.0,1.0
0000950103-26-014647,2026-09-28T23:47:03.000Z,1548760.0,S,1769.0,0.0,0.0,1.0
0000950103-26-014647,2026-09-28T23:47:03.000Z,1548760.0,S,4810.0,0.0,0.0,1.0
0000950103-26-014647,2026-09-28T23:47:03.000Z,1548760.0,S,2146.0,0.0,0.0,1.0
0000950103-26-014647,2026-09-28T23:47:03.000Z,1548760.0,S,476.0,0.0,0.0,1.0
0000950103-26-014403,2026-09-23T22:15:10.000Z,1607459.0,S,20000.0,0.0,0.0,1.0
0000950103-26-014403,2026-09-23T22:15:10.000Z,1607459.0,S,20000.0,0.0,0.0,1.0
0000950103-26-014402,2026-09-23T22:14:54.000Z,1564475.0,S,946.0,680.27,643535.4199999999,1.0
0000950103-26-014402,2026-09-23T22:14:54.000Z,1564475.0,S,82.0,680.27,55782.14,1.0
0000950103-26-014402,2026-09-23T22:14:54.000Z,1564475.0,S,57.0,680.27,38775.39,1.0
0000950103-26-014402,2026-09-23T22:14:54.000Z,1564475.0,S,82.0,680.27,55782.14,1.0
0000950103-26-014402,2026-09-23T22:14:54.000Z,1564475.0,S,408.0,680.27,277550.16,1.0
0000950103-26-014140,2026-09-17T22:19:36.000Z,1607459.0,S,20000.0,0.0,0.0,1.0
0000950103-26-014061,2026-09-16T22:15:03.000Z,1564475.0,S,946.0,657.73,622212.5800000001,1.0
0000950103-26-014061,2026-09-16T22:15:03.000Z,1564475.0,S,82.0,657.73,53933.86,1.0
0000950103-26-014061,2026-09-16T22:15:03.000Z,1564475.0,S,57.0,657.73,37490.61,1.0
0000950103-26-014061,2026-09-16T22:15:03.000Z,1564475.0,S,82.0,657.73,53933.86,1.0
0000950103-26-014061,2026-09-16T22:15:03.000Z,1564475.0,S,408.0,657.73,268353.84,1.0
0000950103-26-013860,2026-09-11T22:19:38.000Z,1607459.0,S,18578.0,0.0,0.0,1.0
0000950103-26-013860,2026-09-11T22:19:38.000Z,1607459.0,S,1422.0,0.0,0.0,1.0
0000950103-26-013794,2026-09-10T22:36:43.000Z,1564475.0,S,258.0,0.0,0.0,1.0
0000950103-26-013794,2026-09-10T22:36:43.000Z,1564475.0,S,117.0,0.0,0.0,1.0
0000950103-26-013794,2026-09-10T22:36:43.000Z,1564475.0,S,262.0,0.0,0.0,1.0
0000950103-26-013794,2026-09-10T22:36:43.000Z,1564475.0,S,855.0,0.0,0.0,1.0
0000950103-26-013794,2026-09-10T22:36:43.000Z,1564475.0,S,555.0,0.0,0.0,1.0
0000950103-26-013794,2026-09-10T22:36:43.000Z,1564475.0,S,529.0,0.0,0.0,1.0
0000950103-26-013794,2026-09-10T22:36:43.000Z,1564475.0,S,120.0,0.0,0.0,1.0
0000950103-26-013794,2026-09-10T22:36:43.000Z,1564475.0,S,78.0,0.0,0.0,1.0
0000950103-26-013794,2026-09-10T22:36:43.000Z,1564475.0,S,40.0,621.03,24841.2,1.0
0000950103-26-013794,2026-09-10T22:36:43.000Z,1564475.0,S,24.0,622.99,14951.76,1.0
0000950103-26-013794,2026-09-10T22:36:43.000Z,1564475.0,S,328.0,616.06,202067.68,1.0
0000950103-26-013794,2026-09-10T22:36:43.000Z,1564475.0,S,228.0,616.06,140461.68,1.0
0000950103-26-013794,2026-09-10T22:36:43.000Z,1564475.0,S,328.0,616.06,202067.68,1.0
0000950103-26-013794,2026-09-10T22:36:43.000Z,1564475.0,S,52.0,0.0,0.0,1.0
0000950103-26-013794,2026-09-10T22:36:43.000Z,1564475.0,S,40.0,0.0,0.0,1.0
0000950103-26-013794,2026-09-10T22:36:43.000Z,1564475.0,S,200.0,0.0,0.0,1.0
0000950103-26-013794,2026-09-10T22:36:43.000Z,1564475.0,S,354.0,0.0,0.0,1.0
0000950103-26-013794,2026-09-10T22:36:43.000Z,1564475.0,S,473.0,0.0,0.0,1.0
0000950103-26-013794,2026-09-10T22:36:43.000Z,1564475.0,S,304.0,0.0,0.0,1.0
0000950103-26-013794,2026-09-10T22:36:43.000Z,1564475.0,S,157.0,0.0,0.0,1.0
0000950103-26-013794,2026-09-10T22:36:43.000Z,1564475.0,S,52.0,0.0,0.0,1.0
0000950103-26-013672,2026-09-08T22:06:12.000Z,1645073.0,S,3240.0,0.0,0.0,1.0
0000950103-26-012729,2026-08-20T22:37:07.000Z,2105423.0,S,1559.0,558.0,869922.0,1.0
0000950103-26-012727,2026-08-20T22:33:20.000Z,1739092.0,S,1845.0,0.0,0.0,1.0
0000950103-26-012727,2026-08-20T22:33:20.000Z,1739092.0,S,1864.0,0.0,0.0,1.0
0000950103-26-012727,2026-08-20T22:33:20.000Z,1739092.0,S,1219.0,0.0,0.0,1.0
0000950103-26-012727,2026-08-20T22:33:20.000Z,1739092.0,S,708.0,0.0,0.0,1.0
0000950103-26-012727,2026-08-20T22:33:20.000Z,1739092.0,S,1031.0,0.0,0.0,1.0
0000950103-26-012727,2026-08-20T22:33:20.000Z,1739092.0,S,561.0,0.0,0.0,1.0
0000950103-26-012727,2026-08-20T22:33:20.000Z,1739092.0,S,768.0,0.0,0.0,1.0
0000950103-26-012727,2026-08-20T22:33:20.000Z,1739092.0,S,160.0,0.0,0.0,1.0
0000950103-26-012727,2026-08-20T22:33:20.000Z,1739092.0,S,40.0,555.83,22233.2,1.0
0000950103-26-012727,2026-08-20T22:33:20.000Z,1739092.0,S,720.0,0.0,0.0,1.0
0000950103-26-012727,2026-08-20T22:33:20.000Z,1739092.0,S,120.0,0.0,0.0,1.0
0000950103-26-012727,2026-08-20T22:33:20.000Z,1739092.0,S,40.0,559.59,22383.6,1.0
0000950103-26-012727,2026-08-20T22:33:20.000Z,1739092.0,S,120.0,560.63,67275.6,1.0
0000950103-26-012726,2026-08-20T22:29:43.000Z,1917373.0,S,7848.0,558.0,4379184.0,1.0
0000950103-26-012610,2026-08-19T00:55:54.000Z,,-,,,,
0000950103-26-012609,2026-08-19T00:55:52.000Z,,-,,,,
0000950103-26-012608,2026-08-19T00:55:11.000Z,,-,,,,
0000950103-26-012607,2026-08-19T00:52:56.000Z,1739092.0,S,0.0,689.85,0.0,0.0
0000950103-26-012606,2026-08-19T00:52:12.000Z,,-,,,,
0000950103-26-012605,2026-08-19T00:52:10.000Z,,-,,,,
0000950103-26-012604,2026-08-19T00:50:29.000Z,,-,,,,
0000950103-26-012603,2026-08-19T00:49:20.000Z,,-,,,,
0000950103-26-012602,2026-08-19T00:47:53.000Z,,-,,,,
0000950103-26-012600,2026-08-19T00:45:55.000Z,,-,,,,
0000950103-26-012599,2026-08-19T00:45:06.000Z,,-,,,,
0000950103-26-012279,2026-08-13T00:37:22.000Z,1564475.0,S,149.0,600.0,89400.0,1.0
0000950103-26-012279,2026-08-13T00:37:22.000Z,1564475.0,S,113.0,0.0,0.0,1.0
0000950103-26-012279,2026-08-13T00:37:22.000Z,1564475.0,S,92.0,0.0,0.0,1.0
0000950103-26-012279,2026-08-13T00:37:22.000Z,1564475.0,S,40.0,605.97,24238.800000000003,1.0
0000950103-26-012279,2026-08-13T00:37:22.000Z,1564475.0,S,40.0,607.14,24285.6,1.0
0000950103-26-012279,2026-08-13T00:37:22.000Z,1564475.0,S,164.0,600.0,98400.0,1.0
0000950103-26-012279,2026-08-13T00:37:22.000Z,1564475.0,S,114.0,600.0,68400.0,1.0
0000950103-26-012279,2026-08-13T00:37:22.000Z,1564475.0,S,164.0,600.0,98400.0,1.0
0000950103-26-012279,2026-08-13T00:37:22.000Z,1564475.0,S,816.0,600.0,489600.0,1.0
0001160077-26-000008,2026-08-07T01:53:04.000Z,1160077.0,S,250.0,0.0,0.0,0.0
0001160077-26-000008,2026-08-07T01:53:04.000Z,1160077.0,S,87.0,0.0,0.0,0.0
0001160077-26-000008,2026-08-07T01:53:04.000Z,1160077.0,S,44.0,0.0,0.0,0.0
0001160077-26-000008,2026-08-07T01:53:04.000Z,1160077.0,S,45.0,0.0,0.0,0.0
0000950103-26-011964,2026-08-05T22:37:36.000Z,1181218.0,S,500.0,561.56,280780.0,1.0
0000950103-26-011909,2026-08-04T22:18:06.000Z,1736236.0,S,464.0,543.56,252211.84,1.0
0000950103-26-011908,2026-08-04T22:16:44.000Z,,-,,,,
0000950103-26-011342,2026-07-29T22:17:17.000Z,1564475.0,S,837.0,607.85,508770.45,1.0
0000950103-26-011342,2026-07-29T22:17:17.000Z,1564475.0,S,82.0,607.85,49843.7,1.0
0000950103-26-011342,2026-07-29T22:17:17.000Z,1564475.0,S,57.0,607.85,34647.450000000004,1.0
0000950103-26-011342,2026-07-29T22:17:17.000Z,1564475.0,S,82.0,607.85,49843.7,1.0
0000950103-26-011342,2026-07-29T22:17:17.000Z,1564475.0,S,408.0,607.85,248002.8,1.0
0000950103-26-011028,2026-07-22T22:40:11.000Z,1564475.0,S,837.0,645.85,540576.4500000001,1.0
0000950103-26-011028,2026-07-22T22:40:11.000Z,1564475.0,S,82.0,645.85,52959.7,1.0
0000950103-26-011028,2026-07-22T22:40:11.000Z,1564475.0,S,57.0,645.85,36813.45,1.0
0000950103-26-011028,2026-07-22T22:40:11.000Z,1564475.0,S,82.0,645.85,52959.7,1.0
0000950103-26-011028,2026-07-22T22:40:11.000Z,1564475.0,S,408.0,645.85,263506.8,1.0
0000950103-26-010694,2026-07-16T00:26:24.000Z,1564475.0,S,1534.0,660.9755,1013936.417,1.0
0000950103-26-010694,2026-07-16T00:26:24.000Z,1564475.0,S,82.0,661.13,54212.66,1.0
0000950103-26-010694,2026-07-16T00:26:24.000Z,1564475.0,S,57.0,661.13,37684.41,1.0
0000950103-26-010694,2026-07-16T00:26:24.000Z,1564475.0,S,82.0,661.13,54212.66,1.0
0000950103-26-010694,2026-07-16T00:26:24.000Z,1564475.0,S,408.0,661.13,269741.04,1.0
0000950103-26-010417,2026-07-08T23:13:22.000Z,1564475.0,S,2076.0,0.0,0.0,1.0
0000950103-26-010417,2026-07-08T23:13:22.000Z,1564475.0,S,816.0,0.0,0.0,1.0
0000950103-26-010417,2026-07-08T23:13:22.000Z,1564475.0,S,376.0,0.0,0.0,1.0
0000950103-26-010417,2026-07-08T23:13:22.000Z,1564475.0,S,80.0,603.14,48251.2,1.0
0000950103-26-010417,2026-07-08T23:13:22.000Z,1564475.0,S,246.0,600.0,147600.0,1.0
0000950103-26-010417,2026-07-08T23:13:22.000Z,1564475.0,S,171.0,600.0,102600.0,1.0
0000950103-26-010417,2026-07-08T23:13:22.000Z,1564475.0,S,246.0,600.0,147600.0,1.0
0000950103-26-010417,2026-07-08T23:13:22.000Z,1564475.0,S,736.0,0.0,0.0,1.0
0000950103-26-010417,2026-07-08T23:13:22.000Z,1564475.0,S,314.0,0.0,0.0,1.0
0000950103-26-010417,2026-07-08T23:13:22.000Z,1564475.0,S,174.0,0.0,0.0,1.0
0000950103-26-010283,2026-07-06T22:28:05.000Z,1181218.0,S,500.0,607.75,303875.0,1.0
0000950103-26-009177,2026-06-17T22:25:06.000Z,,-,,,,
0000950103-26-009174,2026-06-17T22:21:45.000Z,,-,,,,
0000950103-26-009173,2026-06-17T22:21:21.000Z,,-,,,,
0000950103-26-009172,2026-06-17T22:20:18.000Z,,-,,,,
0000950103-26-009171,2026-06-17T22:19:14.000Z,,-,,,,
0000950103-26-009170,2026-06-17T22:16:30.000Z,,-,,,,
0000950103-26-009169,2026-06-17T22:15:20.000Z,,-,,,,
0000950103-26-009168,2026-06-17T22:15:19.000Z,,-,,,,
0000950103-26-009167,2026-06-17T22:14:38.000Z,,-,,,,
0000950103-26-009166,2026-06-17T22:13:22.000Z,,-,,,,
0000950103-26-009165,2026-06-17T22:12:07.000Z,,-,,,,
0000950103-26-009164,2026-06-17T22:09:42.000Z,1564475.0,S,140.0,600.0,84000.0,1.0
0000950103-26-009164,2026-06-17T22:09:42.000Z,1564475.0,S,164.0,600.0,98400.0,1.0
0000950103-26-009164,2026-06-17T22:09:42.000Z,1564475.0,S,114.0,600.0,68400.0,1.0
0000950103-26-009164,2026-06-17T22:09:42.000Z,1564475.0,S,164.0,600.0,98400.0,1.0
0000950103-26-009164,2026-06-17T22:09:42.000Z,1564475.0,S,816.0,600.0,489600.0,1.0
0000950103-26-008488,2026-06-03T23:45:36.000Z,1181218.0,S,504.0,629.29,317162.16,1.0
0000950103-26-008487,2026-06-03T23:42:18.000Z,1564475.0,S,837.0,629.29,526715.73,1.0
0000950103-26-008487,2026-06-03T23:42:18.000Z,1564475.0,S,82.0,629.29,51601.78,1.0
0000950103-26-008487,2026-06-03T23:42:18.000Z,1564475.0,S,57.0,629.29,35869.53,1.0
0000950103-26-008487,2026-06-03T23:42:18.000Z,1564475.0,S,82.0,629.29,51601.78,1.0
0000950103-26-008487,2026-06-03T23:42:18.000Z,1564475.0,S,408.0,629.29,256750.32,1.0
0000950103-26-008089,2026-05-29T22:51:23.000Z,2105423.0,S,2079.0,609.92,1268023.68,1.0
0000950103-26-007988,2026-05-28T22:49:12.000Z,1564475.0,S,837.0,608.98,509716.26,1.0
0000950103-26-007988,2026-05-28T22:49:12.000Z,1564475.0,S,82.0,608.98,49936.36,1.0
0000950103-26-007988,2026-05-28T22:49:12.000Z,1564475.0,S,57.0,608.98,34711.86,1.0
0000950103-26-007988,2026-05-28T22:49:12.000Z,1564475.0,S,82.0,608.98,49936.36,1.0
0000950103-26-007988,2026-05-28T22:49:12.000Z,1564475.0,S,408.0,608.98,248463.84,1.0
0000950103-26-007496,2026-05-20T00:58:24.000Z,,-,,,,
0000950103-26-007493,2026-05-20T00:55:35.000Z,1564475.0,S,837.0,609.35,510025.95,1.0
0000950103-26-007493,2026-05-20T00:55:35.000Z,1564475.0,S,82.0,609.35,49966.7,1.0
0000950103-26-007493,2026-05-20T00:55:35.000Z,1564475.0,S,57.0,609.35,34732.950000000004,1.0
0000950103-26-007493,2026-05-20T00:55:35.000Z,1564475.0,S,82.0,609.35,49966.7,1.0
0000950103-26-007493,2026-05-20T00:55:35.000Z,1564475.0,S,408.0,609.35,248614.8,1.0
0000950103-26-007492,2026-05-20T00:53:10.000Z,,-,,,,
0000950103-26-007491,2026-05-20T00:52:13.000Z,,-,,,,
0000950103-26-007490,2026-05-20T00:52:08.000Z,1917373.0,S,400.0,0.0,0.0,1.0
0000950103-26-007490,2026-05-20T00:52:08.000Z,1917373.0,S,800.0,0.0,0.0,1.0
0000950103-26-007490,2026-05-20T00:52:08.000Z,1917373.0,S,1149.0,0.0,0.0,1.0
0000950103-26-007490,2026-05-20T00:52:08.000Z,1917373.0,S,2230.0,0.0,0.0,1.0
0000950103-26-007490,2026-05-20T00:52:08.000Z,1917373.0,S,1011.0,0.0,0.0,1.0
0000950103-26-007490,2026-05-20T00:52:08.000Z,1917373.0,S,2003.0,0.0,0.0,1.0
0000950103-26-007490,2026-05-20T00:52:08.000Z,1917373.0,S,200.0,0.0,0.0,1.0
0000950103-26-007490,2026-05-20T00:52:08.000Z,1917373.0,S,54.0,0.0,0.0,1.0
0000950103-26-007489,2026-05-20T00:51:39.000Z,1739092.0,S,0.0,618.43,0.0,1.0
0000950103-26-007489,2026-05-20T00:51:39.000Z,1739092.0,S,526.0,0.0,0.0,1.0
0000950103-26-007489,2026-05-20T00:51:39.000Z,1739092.0,S,1236.0,0.0,0.0,1.0
0000950103-26-007489,2026-05-20T00:51:39.000Z,1739092.0,S,2050.0,0.0,0.0,1.0
0000950103-26-007489,2026-05-20T00:51:39.000Z,1739092.0,S,1809.0,0.0,0.0,1.0
0000950103-26-007489,2026-05-20T00:51:39.000Z,1739092.0,S,2344.0,0.0,0.0,1.0
0000950103-26-007489,2026-05-20T00:51:39.000Z,1739092.0,S,1148.0,0.0,0.0,1.0
0000950103-26-007489,2026-05-20T00:51:39.000Z,1739092.0,S,82.0,0.0,0.0,1.0
0000950103-26-007488,2026-05-20T00:49:59.000Z,,-,,,,
0000950103-26-007478,2026-05-20T00:31:07.000Z,,-,,,,
0000950103-26-007475,2026-05-20T00:29:01.000Z,,-,,,,
0000950103-26-007474,2026-05-20T00:27:05.000Z,,-,,,,
0000950103-26-007472,2026-05-20T00:24:36.000Z,,-,,,,
0000950103-26-007470,2026-05-20T00:22:34.000Z,,-,,,,
0000950103-26-007469,2026-05-20T00:19:16.000Z,,-,,,,
0000950103-26-007468,2026-05-20T00:17:16.000Z,,-,,,,
0000950103-26-007466,2026-05-20T00:15:28.000Z,,-,,,,
0000950103-26-007464,2026-05-20T00:13:29.000Z,,-,,,,
0000950103-26-007463,2026-05-20T00:08:09.000Z,,-,,,,
0000950103-26-007462,2026-05-20T00:06:22.000Z,,-,,,,
0000950103-26-007460,2026-05-20T00:04:13.000Z,,-,,,,
0000950103-26-007458,2026-05-20T00:01:50.000Z,,-,,,,
0000950103-26-007167,2026-05-13T22:12:42.000Z,1564475.0,S,926.0,604.57,559831.8200000001,1.0
0000950103-26-007167,2026-05-13T22:12:42.000Z,1564475.0,S,82.0,604.57,49574.740000000005,1.0
0000950103-26-007167,2026-05-13T22:12:42.000Z,1564475.0,S,57.0,604.57,34460.490000000005,1.0
0000950103-26-007167,2026-05-13T22:12:42.000Z,1564475.0,S,82.0,604.57,49574.740000000005,1.0
0000950103-26-007167,2026-05-13T22:12:42.000Z,1564475.0,S,408.0,604.57,246664.56000000003,1.0
0000950103-26-007078,2026-05-12T00:40:41.000Z,,-,,,,
0000950103-26-006913,2026-05-06T22:48:14.000Z,1564475.0,S,926.0,607.74,562767.24,1.0
0000950103-26-006913,2026-05-06T22:48:14.000Z,1564475.0,S,82.0,607.74,49834.68,1.0
0000950103-26-006913,2026-05-06T22:48:14.000Z,1564475.0,S,57.0,607.74,34641.18,1.0
0000950103-26-006913,2026-05-06T22:48:14.000Z,1564475.0,S,82.0,607.74,49834.68,1.0
0000950103-26-006913,2026-05-06T22:48:14.000Z,1564475.0,S,408.0,607.74,247957.92,1.0
0000950103-26-006874,2026-05-05T22:20:13.000Z,1736236.0,S,409.0,614.53,251342.77,1.0
0000950103-26-006451,2026-04-29T23:32:34.000Z,1564475.0,S,926.0,670.84,621197.8400000001,1.0
0000950103-26-006451,2026-04-29T23:32:34.000Z,1564475.0,S,82.0,670.84,55008.880000000005,1.0
0000950103-26-006451,2026-04-29T23:32:34.000Z,1564475.0,S,57.0,670.84,38237.880000000005,1.0
0000950103-26-006451,2026-04-29T23:32:34.000Z,1564475.0,S,82.0,670.84,55008.880000000005,1.0
0000950103-26-006451,2026-04-29T23:32:34.000Z,1564475.0,S,408.0,670.84,273702.72000000003,1.0
0000950103-26-006068,2026-04-22T22:31:15.000Z,1564475.0,S,926.0,680.09,629763.3400000001,1.0
0000950103-26-006068,2026-04-22T22:31:15.000Z,1564475.0,S,82.0,680.09,55767.380000000005,1.0
0000950103-26-006068,2026-04-22T22:31:15.000Z,1564475.0,S,57.0,680.09,38765.130000000005,1.0
0000950103-26-006068,2026-04-22T22:31:15.000Z,1564475.0,S,82.0,680.09,55767.380000000005,1.0
0000950103-26-006068,2026-04-22T22:31:15.000Z,1564475.0,S,408.0,680.09,277476.72000000003,1.0
0000950103-26-005904,2026-04-17T22:16:53.000Z,1181218.0,S,580.0,667.0,386860.0,1.0
0000950103-26-005766,2026-04-15T22:31:24.000Z,1564475.0,S,513.0,0.0,0.0,1.0
0000950103-26-005766,2026-04-15T22:31:24.000Z,1564475.0,S,647.0,0.0,0.0,1.0
0000950103-26-005766,2026-04-15T22:31:24.000Z,1564475.0,S,142.0,0.0,0.0,1.0
0000950103-26-005766,2026-04-15T22:31:24.000Z,1564475.0,S,516.0,0.0,0.0,1.0
0000950103-26-005766,2026-04-15T22:31:24.000Z,1564475.0,S,183.0,0.0,0.0,1.0
0000950103-26-005766,2026-04-15T22:31:24.000Z,1564475.0,S,181.0,0.0,0.0,1.0
0000950103-26-005766,2026-04-15T22:31:24.000Z,1564475.0,S,281.0,0.0,0.0,1.0
0000950103-26-005766,2026-04-15T22:31:24.000Z,1564475.0,S,159.0,0.0,0.0,1.0
0000950103-26-005766,2026-04-15T22:31:24.000Z,1564475.0,S,156.0,0.0,0.0,1.0
0000950103-26-005766,2026-04-15T22:31:24.000Z,1564475.0,S,246.0,629.53,154864.38,1.0
0000950103-26-005766,2026-04-15T22:31:24.000Z,1564475.0,S,171.0,629.53,107649.63,1.0
0000950103-26-005766,2026-04-15T22:31:24.000Z,1564475.0,S,246.0,629.53,154864.38,1.0
0000950103-26-005766,2026-04-15T22:31:24.000Z,1564475.0,S,244.0,0.0,0.0,1.0
0000950103-26-005766,2026-04-15T22:31:24.000Z,1564475.0,S,188.0,0.0,0.0,1.0
0000950103-26-005766,2026-04-15T22:31:24.000Z,1564475.0,S,168.0,0.0,0.0,1.0
0000950103-26-005766,2026-04-15T22:31:24.000Z,1564475.0,S,203.0,0.0,0.0,1.0
0000950103-26-005766,2026-04-15T22:31:24.000Z,1564475.0,S,122.0,0.0,0.0,1.0
0000950103-26-005766,2026-04-15T22:31:24.000Z,1564475.0,S,150.0,0.0,0.0,1.0
0000950103-26-005766,2026-04-15T22:31:24.000Z,1564475.0,S,60.0,0.0,0.0,1.0
0000950103-26-005766,2026-04-15T22:31:24.000Z,1564475.0,S,89.0,0.0,0.0,1.0
0000950103-26-004660,2026-03-25T22:32:50.000Z,1564475.0,S,926.0,605.38,560581.88,1.0
0000950103-26-004660,2026-03-25T22:32:50.000Z,1564475.0,S,82.0,605.38,49641.16,1.0
0000950103-26-004660,2026-03-25T22:32:50.000Z,1564475.0,S,57.0,605.38,34506.66,1.0
0000950103-26-004660,2026-03-25T22:32:50.000Z,1564475.0,S,82.0,605.38,49641.16,1.0
0000950103-26-004660,2026-03-25T22:32:50.000Z,1564475.0,S,408.0,605.38,246995.04,1.0
0000950103-26-004604,2026-03-25T01:46:15.000Z,,-,,,,
0000950103-26-004603,2026-03-25T01:44:34.000Z,,-,,,,
0000950103-26-004602,2026-03-25T01:42:01.000Z,,-,,,,
0000950103-26-004601,2026-03-25T01:40:44.000Z,,-,,,,
0000950103-26-004600,2026-03-25T01:38:35.000Z,,-,,,,
0000950103-26-004599,2026-03-25T01:33:53.000Z,,-,,,,
0000950103-26-004598,2026-03-25T01:26:46.000Z,,-,,,,
0000950103-26-004335,2026-03-18T22:14:31.000Z,1181218.0,S,580.0,632.02,366571.6,1.0
0000950103-26-004334,2026-03-18T22:09:42.000Z,1564475.0,S,926.0,632.02,585250.52,1.0
0000950103-26-004334,2026-03-18T22:09:42.000Z,1564475.0,S,82.0,632.02,51825.64,1.0
0000950103-26-004334,2026-03-18T22:09:42.000Z,1564475.0,S,57.0,632.02,36025.14,1.0
0000950103-26-004334,2026-03-18T22:09:42.000Z,1564475.0,S,82.0,632.02,51825.64,1.0
0000950103-26-004334,2026-03-18T22:09:42.000Z,1564475.0,S,408.0,632.02,257864.16,1.0
0000950103-26-003623,2026-03-11T22:17:24.000Z,1564475.0,S,926.0,634.94,587954.4400000001,1.0
0000950103-26-003623,2026-03-11T22:17:24.000Z,1564475.0,S,82.0,634.94,52065.08,1.0
0000950103-26-003623,2026-03-11T22:17:24.000Z,1564475.0,S,57.0,634.94,36191.58,1.0
0000950103-26-003623,2026-03-11T22:17:24.000Z,1564475.0,S,82.0,634.94,52065.08,1.0
0000950103-26-003623,2026-03-11T22:17:24.000Z,1564475.0,S,408.0,634.94,259055.52,1.0
0000950103-26-003256,2026-03-05T00:12:22.000Z,1564475.0,S,926.0,637.21,590056.4600000001,1.0
0000950103-26-003256,2026-03-05T00:12:22.000Z,1564475.0,S,82.0,637.21,52251.22,1.0
0000950103-26-003256,2026-03-05T00:12:22.000Z,1564475.0,S,57.0,637.21,36320.97,1.0
0000950103-26-003256,2026-03-05T00:12:22.000Z,1564475.0,S,82.0,637.21,52251.22,1.0
0000950103-26-003256,2026-03-05T00:12:22.000Z,1564475.0,S,408.0,637.21,259981.68,1.0
0000950103-26-003174,2026-03-03T23:23:59.000Z,1739092.0,S,1426.0,0.0,0.0,1.0
0000950103-26-003174,2026-03-03T23:23:59.000Z,1739092.0,S,4176.0,0.0,0.0,1.0
0000950103-26-003174,2026-03-03T23:23:59.000Z,1739092.0,S,5515.0,0.0,0.0,1.0
0000950103-26-003174,2026-03-03T23:23:59.000Z,1739092.0,S,7392.0,0.0,0.0,1.0
0000950103-26-003174,2026-03-03T23:23:59.000Z,1739092.0,S,6733.0,0.0,0.0,1.0
0000950103-26-003174,2026-03-03T23:23:59.000Z,1739092.0,S,11306.0,0.0,0.0,1.0
0000950103-26-003174,2026-03-03T23:23:59.000Z,1739092.0,S,11744.0,0.0,0.0,1.0
0000950103-26-003174,2026-03-03T23:23:59.000Z,1739092.0,S,5135.0,0.0,0.0,1.0
0000950103-26-003174,2026-03-03T23:23:59.000Z,1739092.0,S,1530.0,0.0,0.0,1.0
0000950103-26-003174,2026-03-03T23:23:59.000Z,1739092.0,S,1614.0,0.0,0.0,1.0
0000950103-26-002886,2026-02-27T23:36:18.000Z,1736236.0,S,392.0,643.0,252056.0,1.0
0000950103-26-002789,2026-02-26T23:24:09.000Z,1739092.0,S,2766.0,630.309,1743434.694,1.0
0000950103-26-002789,2026-02-26T23:24:09.000Z,1739092.0,S,11252.0,631.0046,7100063.7592,1.0
0000950103-26-002789,2026-02-26T23:24:09.000Z,1739092.0,S,10436.0,631.9422,6594948.799199999,1.0
0000950103-26-002789,2026-02-26T23:24:09.000Z,1739092.0,S,4948.0,633.0255,3132210.174,1.0
0000950103-26-002789,2026-02-26T23:24:09.000Z,1739092.0,S,4141.0,634.1031,2625820.9371,1.0
0000950103-26-002789,2026-02-26T23:24:09.000Z,1739092.0,S,8138.0,635.0597,5168115.8386,1.0
0000950103-26-002789,2026-02-26T23:24:09.000Z,1739092.0,S,5182.0,635.8868,3295165.3976,1.0
0000950103-26-002789,2026-02-26T23:24:09.000Z,1739092.0,S,7439.0,637.2223,4740296.6897,1.0
0000950103-26-002789,2026-02-26T23:24:09.000Z,1739092.0,S,1400.0,637.9421,893118.94,1.0
0000950103-26-002662,2026-02-25T23:21:41.000Z,1564475.0,S,926.0,652.68,604381.6799999999,1.0
0000950103-26-002662,2026-02-25T23:21:41.000Z,1564475.0,S,82.0,652.68,53519.76,1.0
0000950103-26-002662,2026-02-25T23:21:41.000Z,1564475.0,S,57.0,652.68,37202.76,1.0
0000950103-26-002662,2026-02-25T23:21:41.000Z,1564475.0,S,82.0,652.68,53519.76,1.0
0000950103-26-002662,2026-02-25T23:21:41.000Z,1564475.0,S,408.0,652.68,266293.44,1.0
0000950103-26-002589,2026-02-24T23:58:07.000Z,1739092.0,S,18789.0,650.0,12212850.0,1.0
0000950103-26-002463,2026-02-21T02:37:38.000Z,,-,,,,
0000950103-26-002462,2026-02-21T02:33:20.000Z,,-,,,,
0000950103-26-002460,2026-02-20T23:34:29.000Z,1917373.0,S,4329.0,0.0,0.0,1.0
0000950103-26-002460,2026-02-20T23:34:29.000Z,1917373.0,S,3320.0,0.0,0.0,1.0
0000950103-26-002460,2026-02-20T23:34:29.000Z,1917373.0,S,440.0,0.0,0.0,1.0
0000950103-26-002413,2026-02-19T23:24:09.000Z,1181218.0,S,580.0,639.18,370724.4,1.0
0000950103-26-002357,2026-02-19T02:54:47.000Z,,-,,,,
0000950103-26-002352,2026-02-18T23:51:26.000Z,,-,,,,
0000950103-26-002351,2026-02-18T23:49:43.000Z,,-,,,,
0000950103-26-002350,2026-02-18T23:48:25.000Z,,-,,,,
0000950103-26-002349,2026-02-18T23:46:51.000Z,,-,,,,
0000950103-26-002348,2026-02-18T23:45:20.000Z,,-,,,,
0000950103-26-002346,2026-02-18T23:43:57.000Z,,-,,,,
0000950103-26-002345,2026-02-18T23:42:36.000Z,,-,,,,
0000950103-26-002344,2026-02-18T23:41:18.000Z,,-,,,,
0000950103-26-002343,2026-02-18T23:39:35.000Z,,-,,,,
0000950103-26-002342,2026-02-18T23:37:23.000Z,,-,,,,
0000950103-26-002341,2026-02-18T23:34:16.000Z,1739092.0,S,0.0,639.77,0.0,0.0
0000950103-26-002341,2026-02-18T23:34:16.000Z,1739092.0,S,0.0,639.77,0.0,0.0
0000950103-26-002340,2026-02-18T23:27:23.000Z,1564475.0,S,0.0,639.77,0.0,1.0
0000950103-26-002340,2026-02-18T23:27:23.000Z,1564475.0,S,172.0,639.18,109938.96,1.0
0000950103-26-002340,2026-02-18T23:27:23.000Z,1564475.0,S,82.0,639.18,52412.76,1.0
0000950103-26-002340,2026-02-18T23:27:23.000Z,1564475.0,S,57.0,639.18,36433.26,1.0
0000950103-26-002340,2026-02-18T23:27:23.000Z,1564475.0,S,82.0,639.18,52412.76,1.0
0000950103-26-002340,2026-02-18T23:27:23.000Z,1564475.0,S,408.0,639.18,260785.44,1.0
0000950103-26-001988,2026-02-11T23:17:22.000Z,1564475.0,S,517.0,663.19,342869.23000000004,1.0
0000950103-26-001644,2026-02-04T23:13:40.000Z,1564475.0,S,517.0,714.6,369448.2,1.0
0000950103-26-001116,2026-01-28T23:36:36.000Z,1564475.0,S,517.0,665.0,343805.0,1.0
0000950103-26-000868,2026-01-22T23:52:51.000Z,1564475.0,S,517.0,608.35,314516.95,1.0
0000950103-26-000701,2026-01-20T23:38:05.000Z,1181218.0,S,580.0,618.28,358602.4,1.0
0000950103-26-000506,2026-01-14T23:21:01.000Z,1564475.0,S,517.0,653.0,337601.0,1.0
0000950103-26-000239,2026-01-07T23:16:22.000Z,1564475.0,S,517.0,650.41,336261.97,1.0
0000950103-25-016699,2025-12-30T23:59:01.000Z,1780525.0,S,519.0,658.69,341860.11000000004,1.0
0000950103-25-016698,2025-12-30T23:39:36.000Z,1564475.0,S,517.0,658.14,340258.38,1.0
0000950103-25-016524,2025-12-23T23:39:49.000Z,1564475.0,S,517.0,661.11,341793.87,1.0
0000950103-25-016523,2025-12-23T23:38:24.000Z,1780525.0,S,519.0,659.38,342218.22,1.0
0000950103-25-016348,2025-12-18T23:18:41.000Z,1780525.0,S,519.0,643.23,333836.37,1.0
0000950103-25-016257,2025-12-17T23:22:50.000Z,1564475.0,S,517.0,646.0,333982.0,1.0
0000950103-25-016256,2025-12-17T23:21:13.000Z,1181218.0,S,580.0,646.0,374680.0,1.0
0000950103-25-016043,2025-12-11T23:07:07.000Z,1780525.0,S,519.0,664.16,344699.04,1.0
0000950103-25-015976,2025-12-10T23:05:05.000Z,1564475.0,S,517.0,669.63,346198.71,1.0
0000950103-25-015761,2025-12-04T23:39:11.000Z,1780525.0,S,519.0,642.22,333312.18,1.0
0000950103-25-015703,2025-12-03T23:17:42.000Z,1564475.0,S,517.0,0.0,0.0,1.0
0000950103-25-015482,2025-11-28T23:04:03.000Z,,-,,,,
0000950103-25-015373,2025-11-26T23:23:36.000Z,1564475.0,S,517.0,598.54,309445.18,1.0
0000950103-25-015372,2025-11-26T23:19:03.000Z,1780525.0,S,519.0,624.14,323928.66,1.0
0000950103-25-015185,2025-11-24T23:13:08.000Z,,-,,,,
0000950103-25-015120,2025-11-20T23:09:43.000Z,1917373.0,S,310.0,0.0,0.0,1.0
0000950103-25-015120,2025-11-20T23:09:43.000Z,1917373.0,S,3188.0,0.0,0.0,1.0
0000950103-25-015120,2025-11-20T23:09:43.000Z,1917373.0,S,4066.0,0.0,0.0,1.0
0000950103-25-015120,2025-11-20T23:09:43.000Z,1917373.0,S,929.0,0.0,0.0,1.0
0000950103-25-015120,2025-11-20T23:09:43.000Z,1917373.0,S,1750.0,0.0,0.0,1.0
0000950103-25-015120,2025-11-20T23:09:43.000Z,1917373.0,S,964.0,0.0,0.0,1.0
0000950103-25-015120,2025-11-20T23:09:43.000Z,1917373.0,S,483.0,0.0,0.0,1.0
0000950103-25-015119,2025-11-20T23:07:38.000Z,1780525.0,S,519.0,591.6,307040.4,1.0
0000950103-25-015117,2025-11-20T23:05:47.000Z,1645073.0,S,726.0,591.6,429501.6,1.0
0000950103-25-015039,2025-11-19T23:46:14.000Z,1181218.0,S,600.0,609.35,365610.0,1.0
0000950103-25-014967,2025-11-19T00:06:55.000Z,1564475.0,S,0.0,609.46,0.0,1.0
0000950103-25-014967,2025-11-19T00:06:55.000Z,1564475.0,S,517.0,604.2285,312386.13450000004,1.0
0000950103-25-014966,2025-11-19T00:05:33.000Z,1739092.0,S,0.0,609.46,0.0,0.0
0000950103-25-014966,2025-11-19T00:05:33.000Z,1739092.0,S,0.0,609.46,0.0,0.0
0000950103-25-014965,2025-11-19T00:04:09.000Z,,-,,,,
0000950103-25-014964,2025-11-19T00:03:45.000Z,1917373.0,S,0.0,609.46,0.0,0.0
0000950103-25-014963,2025-11-19T00:02:00.000Z,,-,,,,
0000950103-25-014962,2025-11-19T00:01:30.000Z,,-,,,,
0000950103-25-014961,2025-11-19T00:00:16.000Z,,-,,,,
0000950103-25-014960,2025-11-18T23:58:33.000Z,,-,,,,
0000950103-25-014959,2025-11-18T23:56:52.000Z,,-,,,,
0000950103-25-014958,2025-11-18T23:55:04.000Z,,-,,,,
0000950103-25-014957,2025-11-18T23:50:54.000Z,,-,,,,
0000950103-25-014956,2025-11-18T23:48:10.000Z,,-,,,,
0000950103-25-014955,2025-11-18T23:46:17.000Z,,-,,,,
0000950103-25-014954,2025-11-18T23:44:20.000Z,,-,,,,
0000950103-25-014638,2025-11-12T23:25:51.000Z,1564475.0,S,517.0,631.0,326227.0,1.0
0000950103-25-014637,2025-11-12T23:20:52.000Z,1780525.0,S,516.0,631.0,325596.0,1.0
0000950103-25-014438,2025-11-06T23:12:37.000Z,1780525.0,S,519.0,628.0,325932.0,1.0
0000950103-25-014374,2025-11-05T23:48:37.000Z,1564475.0,S,517.0,656.0,339152.0,1.0
0000950103-25-014304,2025-11-04T23:43:46.000Z,,-,,,,
0000950103-25-014302,2025-11-04T23:20:43.000Z,1736236.0,S,601.0,674.4,405314.4,1.0
0000950103-25-013997,2025-10-30T22:53:15.000Z,1780525.0,S,519.0,753.0,390807.0,1.0
0000950103-25-013838,2025-10-29T22:38:49.000Z,1564475.0,S,517.0,749.57,387527.69,1.0
0000950103-25-013596,2025-10-23T22:04:15.000Z,1780525.0,S,519.0,736.37,382176.03,1.0
0000950103-25-013541,2025-10-22T22:36:56.000Z,1564475.0,S,517.0,721.3,372912.1,1.0
0000950103-25-013359,2025-10-17T22:24:13.000Z,1181218.0,S,465.0,716.97,333391.05,1.0
0000950103-25-013288,2025-10-16T22:31:44.000Z,1780525.0,S,519.0,707.85,367374.15,1.0
0000950103-25-013233,2025-10-15T22:11:24.000Z,1564475.0,S,517.0,713.34,368796.78,1.0
0000950103-25-013052,2025-10-09T22:29:21.000Z,1780525.0,S,519.0,716.98,372112.62,1.0
0000950103-25-012989,2025-10-08T22:31:38.000Z,1564475.0,S,517.0,704.81,364386.77,1.0
0000950103-25-012794,2025-10-02T22:15:43.000Z,1780525.0,S,519.0,741.5,384838.5,1.0
0000950103-25-012701,2025-10-02T00:50:06.000Z,1564475.0,S,517.0,748.72,387088.24,1.0
0000950103-25-012242,2025-09-25T23:15:13.000Z,1780525.0,S,519.0,769.2,399214.8000000001,1.0
0000950103-25-012157,2025-09-24T22:09:34.000Z,1564475.0,S,517.0,781.33,403947.61,1.0
0000950103-25-011843,2025-09-18T22:26:23.000Z,1780525.0,S,519.0,767.16,398156.04,1.0
0000950103-25-011787,2025-09-17T22:51:07.000Z,1564475.0,S,517.0,757.47,391611.99,1.0
0000950103-25-011785,2025-09-17T22:33:02.000Z,1181218.0,S,465.0,757.47,352223.55,1.0
0000950103-25-011556,2025-09-11T23:58:59.000Z,1780525.0,S,519.0,757.5,393142.5,1.0
0000950103-25-011509,2025-09-10T22:15:39.000Z,1564475.0,S,517.0,755.65,390671.05,1.0
0000950103-25-011299,2025-09-04T22:24:24.000Z,1780525.0,S,519.0,726.25,376923.75,1.0
0000950103-25-011298,2025-09-04T22:20:10.000Z,1564475.0,S,517.0,726.25,375471.25,1.0
0000950103-25-010935,2025-08-28T22:37:29.000Z,,-,,,,
0000950103-25-010933,2025-08-28T22:33:19.000Z,1780525.0,S,519.0,750.47,389493.93,1.0
0000950103-25-010816,2025-08-27T22:14:47.000Z,1564475.0,S,517.0,755.11,390391.87,1.0
0000950103-25-010488,2025-08-20T00:00:06.000Z,,-,,,,
0000950103-25-010487,2025-08-19T23:58:10.000Z,1780525.0,S,519.0,775.0,402225.0,1.0
0000950103-25-010486,2025-08-19T23:57:39.000Z,,-,,,,
0000950103-25-010485,2025-08-19T23:55:10.000Z,,-,,,,
0000950103-25-010484,2025-08-19T23:53:48.000Z,,-,,,,
0000950103-25-010483,2025-08-19T23:52:28.000Z,1181218.0,S,465.0,784.32,364708.8000000001,1.0
0000950103-25-010482,2025-08-19T23:50:18.000Z,,-,,,,
0000950103-25-010481,2025-08-19T23:48:17.000Z,,-,,,,
0000950103-25-010480,2025-08-19T23:46:09.000Z,,-,,,,
0000950103-25-010479,2025-08-19T23:44:17.000Z,,-,,,,
0000950103-25-010478,2025-08-19T23:42:13.000Z,,-,,,,
0000950103-25-010477,2025-08-19T23:40:22.000Z,,-,,,,
0000950103-25-010476,2025-08-19T23:38:11.000Z,1917373.0,S,0.0,782.13,0.0,1.0
0000950103-25-010476,2025-08-19T23:38:11.000Z,1917373.0,S,11694.0,775.0,9062850.0,1.0
0000950103-25-010475,2025-08-19T23:12:04.000Z,1739092.0,S,0.0,782.13,0.0,1.0
0000950103-25-010475,2025-08-19T23:12:04.000Z,1739092.0,S,0.0,782.13,0.0,1.0
0000950103-25-010475,2025-08-19T23:12:04.000Z,1739092.0,S,1701.0,0.0,0.0,1.0
0000950103-25-010475,2025-08-19T23:12:04.000Z,1739092.0,S,2207.0,0.0,0.0,1.0
0000950103-25-010475,2025-08-19T23:12:04.000Z,1739092.0,S,1278.0,0.0,0.0,1.0
0000950103-25-010475,2025-08-19T23:12:04.000Z,1739092.0,S,1967.0,0.0,0.0,1.0
0000950103-25-010475,2025-08-19T23:12:04.000Z,1739092.0,S,2857.0,0.0,0.0,1.0
0000950103-25-010475,2025-08-19T23:12:04.000Z,1739092.0,S,922.0,0.0,0.0,1.0
0000950103-25-010475,2025-08-19T23:12:04.000Z,1739092.0,S,2681.0,0.0,0.0,1.0
0000950103-25-010475,2025-08-19T23:12:04.000Z,1739092.0,S,1039.0,0.0,0.0,1.0
0000950103-25-010475,2025-08-19T23:12:04.000Z,1739092.0,S,100.0,767.85,76785.0,1.0
0000950103-25-010475,2025-08-19T23:12:04.000Z,1739092.0,S,539.0,0.0,0.0,1.0
0000950103-25-010475,2025-08-19T23:12:04.000Z,1739092.0,S,1729.0,0.0,0.0,1.0
0000950103-25-010475,2025-08-19T23:12:04.000Z,1739092.0,S,605.0,0.0,0.0,1.0
0000950103-25-010475,2025-08-19T23:12:04.000Z,1739092.0,S,707.0,0.0,0.0,1.0
0000950103-25-010474,2025-08-19T23:07:35.000Z,1564475.0,S,0.0,782.13,0.0,1.0
0000950103-25-010474,2025-08-19T23:07:35.000Z,1564475.0,S,517.0,775.0,400675.0,1.0
0000950103-25-010271,2025-08-14T00:34:50.000Z,1548760.0,S,26.0,778.57,20242.82,1.0
0000950103-25-010271,2025-08-14T00:34:50.000Z,1548760.0,S,96.0,0.0,0.0,1.0
0000950103-25-010271,2025-08-14T00:34:50.000Z,1548760.0,S,126.0,0.0,0.0,1.0
0000950103-25-010271,2025-08-14T00:34:50.000Z,1548760.0,S,52.0,0.0,0.0,1.0
0000950103-25-010271,2025-08-14T00:34:50.000Z,1548760.0,S,158.0,0.0,0.0,1.0
0000950103-25-010271,2025-08-14T00:34:50.000Z,1548760.0,S,182.0,0.0,0.0,1.0
0000950103-25-010271,2025-08-14T00:34:50.000Z,1548760.0,S,27.0,0.0,0.0,1.0
0000950103-25-010271,2025-08-14T00:34:50.000Z,1548760.0,S,104.0,0.0,0.0,1.0
0000950103-25-010271,2025-08-14T00:34:50.000Z,1548760.0,S,106.0,0.0,0.0,1.0
0000950103-25-010271,2025-08-14T00:34:50.000Z,1548760.0,S,80.0,0.0,0.0,1.0
0000950103-25-010271,2025-08-14T00:34:50.000Z,1548760.0,S,52.0,0.0,0.0,1.0
0000950103-25-010271,2025-08-14T00:34:50.000Z,1548760.0,S,28.0,0.0,0.0,1.0
0000950103-25-010270,2025-08-14T00:30:56.000Z,1548760.0,S,80.0,773.45,61876.0,1.0
0000950103-25-010270,2025-08-14T00:30:56.000Z,1548760.0,S,180.0,0.0,0.0,1.0
0000950103-25-010270,2025-08-14T00:30:56.000Z,1548760.0,S,420.0,0.0,0.0,1.0
0000950103-25-010270,2025-08-14T00:30:56.000Z,1548760.0,S,502.0,0.0,0.0,1.0
0000950103-25-010270,2025-08-14T00:30:56.000Z,1548760.0,S,400.0,0.0,0.0,1.0
0000950103-25-010270,2025-08-14T00:30:56.000Z,1548760.0,S,200.0,0.0,0.0,1.0
0000950103-25-010270,2025-08-14T00:30:56.000Z,1548760.0,S,350.0,0.0,0.0,1.0
0000950103-25-010270,2025-08-14T00:30:56.000Z,1548760.0,S,310.0,0.0,0.0,1.0
0000950103-25-010270,2025-08-14T00:30:56.000Z,1548760.0,S,534.0,0.0,0.0,1.0
0000950103-25-010270,2025-08-14T00:30:56.000Z,1548760.0,S,1076.0,0.0,0.0,1.0
0000950103-25-010270,2025-08-14T00:30:56.000Z,1548760.0,S,1448.0,0.0,0.0,1.0
0000950103-25-010270,2025-08-14T00:30:56.000Z,1548760.0,S,1200.0,0.0,0.0,1.0
0000950103-25-010270,2025-08-14T00:30:56.000Z,1548760.0,S,1706.0,0.0,0.0,1.0
0000950103-25-010270,2025-08-14T00:30:56.000Z,1548760.0,S,2815.0,0.0,0.0,1.0
0000950103-25-010270,2025-08-14T00:30:56.000Z,1548760.0,S,2100.0,0.0,0.0,1.0
0000950103-25-010270,2025-08-14T00:30:56.000Z,1548760.0,S,1160.0,0.0,0.0,1.0
0000950103-25-010270,2025-08-14T00:30:56.000Z,1548760.0,S,1045.0,0.0,0.0,1.0
0000950103-25-010270,2025-08-14T00:30:56.000Z,1548760.0,S,321.0,0.0,0.0,1.0
0000950103-25-010269,2025-08-14T00:24:48.000Z,1548760.0,S,1157.0,0.0,0.0,1.0
0000950103-25-010269,2025-08-14T00:24:48.000Z,1548760.0,S,1397.0,0.0,0.0,1.0
0000950103-25-010269,2025-08-14T00:24:48.000Z,1548760.0,S,2934.0,0.0,0.0,1.0
0000950103-25-010269,2025-08-14T00:24:48.000Z,1548760.0,S,2776.0,0.0,0.0,1.0
0000950103-25-010269,2025-08-14T00:24:48.000Z,1548760.0,S,2171.0,0.0,0.0,1.0
0000950103-25-010269,2025-08-14T00:24:48.000Z,1548760.0,S,1747.0,0.0,0.0,1.0
0000950103-25-010269,2025-08-14T00:24:48.000Z,1548760.0,S,2705.0,0.0,0.0,1.0
0000950103-25-010269,2025-08-14T00:24:48.000Z,1548760.0,S,960.0,0.0,0.0,1.0
0000950103-25-010258,2025-08-13T22:33:12.000Z,1564475.0,S,517.0,770.0,398090.0,1.0
0000950103-25-010158,2025-08-11T22:14:04.000Z,1548760.0,S,792.0,0.0,0.0,1.0
0000950103-25-010158,2025-08-11T22:14:04.000Z,1548760.0,S,1760.0,0.0,0.0,1.0
0000950103-25-010158,2025-08-11T22:14:04.000Z,1548760.0,S,1063.0,0.0,0.0,1.0
0000950103-25-010158,2025-08-11T22:14:04.000Z,1548760.0,S,1245.0,0.0,0.0,1.0
0000950103-25-010158,2025-08-11T22:14:04.000Z,1548760.0,S,750.0,0.0,0.0,1.0
0000950103-25-010158,2025-08-11T22:14:04.000Z,1548760.0,S,741.0,0.0,0.0,1.0
0000950103-25-010158,2025-08-11T22:14:04.000Z,1548760.0,S,974.0,0.0,0.0,1.0
0000950103-25-010158,2025-08-11T22:14:04.000Z,1548760.0,S,860.0,0.0,0.0,1.0
0000950103-25-010158,2025-08-11T22:14:04.000Z,1548760.0,S,1175.0,0.0,0.0,1.0
0000950103-25-010158,2025-08-11T22:14:04.000Z,1548760.0,S,2766.0,0.0,0.0,1.0
0000950103-25-010158,2025-08-11T22:14:04.000Z,1548760.0,S,1244.0,0.0,0.0,1.0
0000950103-25-010158,2025-08-11T22:14:04.000Z,1548760.0,S,1079.0,0.0,0.0,1.0
0000950103-25-010158,2025-08-11T22:14:04.000Z,1548760.0,S,1085.0,0.0,0.0,1.0
0000950103-25-010158,2025-08-11T22:14:04.000Z,1548760.0,S,313.0,0.0,0.0,1.0
0000950103-25-010157,2025-08-11T22:12:49.000Z,1548760.0,S,100.0,759.63,75963.0,1.0
0000950103-25-010157,2025-08-11T22:12:49.000Z,1548760.0,S,1341.0,0.0,0.0,1.0
0000950103-25-010157,2025-08-11T22:12:49.000Z,1548760.0,S,2343.0,0.0,0.0,1.0
0000950103-25-010157,2025-08-11T22:12:49.000Z,1548760.0,S,2245.0,0.0,0.0,1.0
0000950103-25-010157,2025-08-11T22:12:49.000Z,1548760.0,S,2039.0,0.0,0.0,1.0
0000950103-25-010157,2025-08-11T22:12:49.000Z,1548760.0,S,2009.0,0.0,0.0,1.0
0000950103-25-010157,2025-08-11T22:12:49.000Z,1548760.0,S,1195.0,0.0,0.0,1.0
0000950103-25-010157,2025-08-11T22:12:49.000Z,1548760.0,S,1430.0,0.0,0.0,1.0
0000950103-25-010157,2025-08-11T22:12:49.000Z,1548760.0,S,2205.0,0.0,0.0,1.0
0000950103-25-010157,2025-08-11T22:12:49.000Z,1548760.0,S,940.0,0.0,0.0,1.0
0000950103-25-010127,2025-08-08T22:35:08.000Z,1607459.0,S,2266.0,0.0,0.0,1.0
0000950103-25-010127,2025-08-08T22:35:08.000Z,1607459.0,S,983.0,0.0,0.0,1.0
0000950103-25-010127,2025-08-08T22:35:08.000Z,1607459.0,S,2451.0,0.0,0.0,1.0
0000950103-25-010127,2025-08-08T22:35:08.000Z,1607459.0,S,1421.0,0.0,0.0,1.0
0000950103-25-010127,2025-08-08T22:35:08.000Z,1607459.0,S,5921.0,0.0,0.0,1.0
0000950103-25-010127,2025-08-08T22:35:08.000Z,1607459.0,S,1560.0,0.0,0.0,1.0
0000950103-25-010127,2025-08-08T22:35:08.000Z,1607459.0,S,398.0,0.0,0.0,1.0
0000950103-25-010077,2025-08-07T22:28:48.000Z,1780525.0,S,515.0,776.38,399835.7,1.0
0000950103-25-010076,2025-08-07T22:26:28.000Z,1607459.0,S,4040.0,0.0,0.0,1.0
0000950103-25-010076,2025-08-07T22:26:28.000Z,1607459.0,S,22468.0,0.0,0.0,1.0
0000950103-25-010076,2025-08-07T22:26:28.000Z,1607459.0,S,19012.0,0.0,0.0,1.0
0000950103-25-010076,2025-08-07T22:26:28.000Z,1607459.0,S,12005.0,0.0,0.0,1.0
0000950103-25-010076,2025-08-07T22:26:28.000Z,1607459.0,S,1675.0,0.0,0.0,1.0
0000950103-25-010076,2025-08-07T22:26:28.000Z,1607459.0,S,800.0,0.0,0.0,1.0
0000950103-25-010038,2025-08-07T01:06:35.000Z,1548760.0,S,680.0,0.0,0.0,1.0
0000950103-25-010038,2025-08-07T01:06:35.000Z,1548760.0,S,500.0,0.0,0.0,1.0
0000950103-25-010038,2025-08-07T01:06:35.000Z,1548760.0,S,781.0,0.0,0.0,1.0
0000950103-25-010038,2025-08-07T01:06:35.000Z,1548760.0,S,781.0,0.0,0.0,1.0
0000950103-25-010038,2025-08-07T01:06:35.000Z,1548760.0,S,1090.0,0.0,0.0,1.0
0000950103-25-010038,2025-08-07T01:06:35.000Z,1548760.0,S,1317.0,0.0,0.0,1.0
0000950103-25-010038,2025-08-07T01:06:35.000Z,1548760.0,S,1047.0,0.0,0.0,1.0
0000950103-25-010038,2025-08-07T01:06:35.000Z,1548760.0,S,1240.0,0.0,0.0,1.0
0000950103-25-010038,2025-08-07T01:06:35.000Z,1548760.0,S,2143.0,0.0,0.0,1.0
0000950103-25-010038,2025-08-07T01:06:35.000Z,1548760.0,S,3656.0,0.0,0.0,1.0
0000950103-25-010038,2025-08-07T01:06:35.000Z,1548760.0,S,2522.0,0.0,0.0,1.0
0000950103-25-010038,2025-08-07T01:06:35.000Z,1548760.0,S,90.0,773.45,69610.5,1.0
0000950103-25-010037,2025-08-07T01:03:41.000Z,1548760.0,S,982.0,0.0,0.0,1.0
0000950103-25-010037,2025-08-07T01:03:41.000Z,1548760.0,S,2211.0,0.0,0.0,1.0
0000950103-25-010037,2025-08-07T01:03:41.000Z,1548760.0,S,1814.0,0.0,0.0,1.0
0000950103-25-010037,2025-08-07T01:03:41.000Z,1548760.0,S,1942.0,0.0,0.0,1.0
0000950103-25-010037,2025-08-07T01:03:41.000Z,1548760.0,S,1763.0,0.0,0.0,1.0
0000950103-25-010037,2025-08-07T01:03:41.000Z,1548760.0,S,1506.0,0.0,0.0,1.0
0000950103-25-010037,2025-08-07T01:03:41.000Z,1548760.0,S,347.0,0.0,0.0,1.0
0000950103-25-010037,2025-08-07T01:03:41.000Z,1548760.0,S,302.0,0.0,0.0,1.0
0000950103-25-010037,2025-08-07T01:03:41.000Z,1548760.0,S,190.0,0.0,0.0,1.0
0000950103-25-010037,2025-08-07T01:03:41.000Z,1548760.0,S,563.0,0.0,0.0,1.0
0000950103-25-010037,2025-08-07T01:03:41.000Z,1548760.0,S,710.0,0.0,0.0,1.0
0000950103-25-010037,2025-08-07T01:03:41.000Z,1548760.0,S,768.0,0.0,0.0,1.0
0000950103-25-010037,2025-08-07T01:03:41.000Z,1548760.0,S,717.0,0.0,0.0,1.0
0000950103-25-010037,2025-08-07T01:03:41.000Z,1548760.0,S,769.0,0.0,0.0,1.0
0000950103-25-010037,2025-08-07T01:03:41.000Z,1548760.0,S,873.0,0.0,0.0,1.0
0000950103-25-010037,2025-08-07T01:03:41.000Z,1548760.0,S,100.0,781.0,78100.0,1.0
0000950103-25-010037,2025-08-07T01:03:41.000Z,1548760.0,S,290.0,0.0,0.0,1.0
0000950103-25-010036,2025-08-07T01:00:22.000Z,1548760.0,S,170.0,0.0,0.0,1.0
0000950103-25-010036,2025-08-07T01:00:22.000Z,1548760.0,S,255.0,0.0,0.0,1.0
0000950103-25-010036,2025-08-07T01:00:22.000Z,1548760.0,S,1630.0,0.0,0.0,1.0
0000950103-25-010036,2025-08-07T01:00:22.000Z,1548760.0,S,1620.0,0.0,0.0,1.0
0000950103-25-010036,2025-08-07T01:00:22.000Z,1548760.0,S,1515.0,0.0,0.0,1.0
0000950103-25-010036,2025-08-07T01:00:22.000Z,1548760.0,S,776.0,0.0,0.0,1.0
0000950103-25-010036,2025-08-07T01:00:22.000Z,1548760.0,S,90.0,766.015,68941.35,1.0
0000950103-25-010036,2025-08-07T01:00:22.000Z,1548760.0,S,700.0,0.0,0.0,1.0
0000950103-25-010036,2025-08-07T01:00:22.000Z,1548760.0,S,510.0,0.0,0.0,1.0
0000950103-25-010036,2025-08-07T01:00:22.000Z,1548760.0,S,670.0,0.0,0.0,1.0
0000950103-25-010036,2025-08-07T01:00:22.000Z,1548760.0,S,2188.0,0.0,0.0,1.0
0000950103-25-010036,2025-08-07T01:00:22.000Z,1548760.0,S,1792.0,0.0,0.0,1.0
0000950103-25-010036,2025-08-07T01:00:22.000Z,1548760.0,S,892.0,0.0,0.0,1.0
0000950103-25-010036,2025-08-07T01:00:22.000Z,1548760.0,S,1850.0,0.0,0.0,1.0
0000950103-25-010036,2025-08-07T01:00:22.000Z,1548760.0,S,1189.0,0.0,0.0,1.0
0000950103-25-010027,2025-08-06T23:03:55.000Z,1564475.0,S,517.0,760.26,393054.42,1.0
0000950103-25-009976,2025-08-05T22:37:47.000Z,,-,,,,
0000950103-25-009975,2025-08-05T22:36:33.000Z,1736236.0,S,518.0,760.8,394094.4,1.0
0000950103-25-009864,2025-08-04T22:41:44.000Z,1548760.0,S,6454.0,0.0,0.0,1.0
0000950103-25-009864,2025-08-04T22:41:44.000Z,1548760.0,S,335.0,0.0,0.0,1.0
0000950103-25-009864,2025-08-04T22:41:44.000Z,1548760.0,S,1570.0,0.0,0.0,1.0
0000950103-25-009864,2025-08-04T22:41:44.000Z,1548760.0,S,2571.0,0.0,0.0,1.0
0000950103-25-009864,2025-08-04T22:41:44.000Z,1548760.0,S,1540.0,0.0,0.0,1.0
0000950103-25-009864,2025-08-04T22:41:44.000Z,1548760.0,S,527.0,0.0,0.0,1.0
0000950103-25-009864,2025-08-04T22:41:44.000Z,1548760.0,S,1244.0,0.0,0.0,1.0
0000950103-25-009864,2025-08-04T22:41:44.000Z,1548760.0,S,880.0,0.0,0.0,1.0
0000950103-25-009864,2025-08-04T22:41:44.000Z,1548760.0,S,290.0,0.0,0.0,1.0
0000950103-25-009864,2025-08-04T22:41:44.000Z,1548760.0,S,100.0,0.0,0.0,1.0
0000950103-25-009864,2025-08-04T22:41:44.000Z,1548760.0,S,100.0,762.4,76240.0,1.0
0000950103-25-009864,2025-08-04T22:41:44.000Z,1548760.0,S,236.0,0.0,0.0,1.0
0000950103-25-009863,2025-08-04T22:39:13.000Z,1548760.0,S,200.0,0.0,0.0,1.0
0000950103-25-009863,2025-08-04T22:39:13.000Z,1548760.0,S,444.0,0.0,0.0,1.0
0000950103-25-009863,2025-08-04T22:39:13.000Z,1548760.0,S,1047.0,0.0,0.0,1.0
0000950103-25-009863,2025-08-04T22:39:13.000Z,1548760.0,S,1251.0,0.0,0.0,1.0
0000950103-25-009863,2025-08-04T22:39:13.000Z,1548760.0,S,2012.0,0.0,0.0,1.0
0000950103-25-009863,2025-08-04T22:39:13.000Z,1548760.0,S,1035.0,0.0,0.0,1.0
0000950103-25-009863,2025-08-04T22:39:13.000Z,1548760.0,S,1982.0,0.0,0.0,1.0
0000950103-25-009863,2025-08-04T22:39:13.000Z,1548760.0,S,1986.0,0.0,0.0,1.0
0000950103-25-009863,2025-08-04T22:39:13.000Z,1548760.0,S,2370.0,0.0,0.0,1.0
0000950103-25-009863,2025-08-04T22:39:13.000Z,1548760.0,S,1632.0,0.0,0.0,1.0
0000950103-25-009863,2025-08-04T22:39:13.000Z,1548760.0,S,987.0,0.0,0.0,1.0
0000950103-25-009863,2025-08-04T22:39:13.000Z,1548760.0,S,610.0,0.0,0.0,1.0
0000950103-25-009863,2025-08-04T22:39:13.000Z,1548760.0,S,291.0,0.0,0.0,1.0
0000950103-25-009651,2025-07-31T22:46:48.000Z,1780525.0,S,519.0,719.86,373607.34,1.0
0000950103-25-009573,2025-07-30T22:15:31.000Z,1564475.0,S,517.0,715.0,369655.0,1.0
0000950103-25-009255,2025-07-24T22:35:56.000Z,1780525.0,S,519.0,716.1,371655.9,1.0
0000950103-25-009192,2025-07-23T22:59:59.000Z,1564475.0,S,517.0,706.41,365213.97,1.0
0000950103-25-008957,2025-07-17T22:35:27.000Z,1181218.0,S,465.0,723.08,336232.2,1.0
0000950103-25-008956,2025-07-17T22:04:54.000Z,1780525.0,S,519.0,723.08,375278.52,1.0
0000950103-25-008895,2025-07-16T22:33:00.000Z,1564475.0,S,517.0,717.5,370947.5,1.0
0000950103-25-008693,2025-07-10T22:18:21.000Z,1780525.0,S,519.0,721.57,374494.83,1.0
0000950103-25-008624,2025-07-09T22:21:26.000Z,1564475.0,S,517.0,717.51,370952.67,1.0
0000950103-25-008480,2025-07-03T22:12:23.000Z,1780525.0,S,519.0,737.0,382503.0,1.0
0000950103-25-008410,2025-07-03T00:36:09.000Z,1548760.0,S,408.0,0.0,0.0,1.0
0000950103-25-008410,2025-07-03T00:36:09.000Z,1548760.0,S,366.0,0.0,0.0,1.0
0000950103-25-008410,2025-07-03T00:36:09.000Z,1548760.0,S,376.0,0.0,0.0,1.0
0000950103-25-008410,2025-07-03T00:36:09.000Z,1548760.0,S,304.0,0.0,0.0,1.0
0000950103-25-008410,2025-07-03T00:36:09.000Z,1548760.0,S,663.0,0.0,0.0,1.0
0000950103-25-008410,2025-07-03T00:36:09.000Z,1548760.0,S,244.0,0.0,0.0,1.0
0000950103-25-008409,2025-07-03T00:32:38.000Z,1548760.0,S,326.0,0.0,0.0,1.0
0000950103-25-008409,2025-07-03T00:32:38.000Z,1548760.0,S,854.0,0.0,0.0,1.0
0000950103-25-008409,2025-07-03T00:32:38.000Z,1548760.0,S,1332.0,0.0,0.0,1.0
0000950103-25-008409,2025-07-03T00:32:38.000Z,1548760.0,S,2415.0,0.0,0.0,1.0
0000950103-25-008409,2025-07-03T00:32:38.000Z,1548760.0,S,2034.0,0.0,0.0,1.0
0000950103-25-008409,2025-07-03T00:32:38.000Z,1548760.0,S,1717.0,0.0,0.0,1.0
0000950103-25-008409,2025-07-03T00:32:38.000Z,1548760.0,S,611.0,0.0,0.0,1.0
0000950103-25-008409,2025-07-03T00:32:38.000Z,1548760.0,S,146.0,0.0,0.0,1.0
0000950103-25-008409,2025-07-03T00:32:38.000Z,1548760.0,S,281.0,0.0,0.0,1.0
0000950103-25-008409,2025-07-03T00:32:38.000Z,1548760.0,S,396.0,0.0,0.0,1.0
0000950103-25-008409,2025-07-03T00:32:38.000Z,1548760.0,S,96.0,727.28,69818.88,1.0
0000950103-25-008409,2025-07-03T00:32:38.000Z,1548760.0,S,147.0,0.0,0.0,1.0
0000950103-25-008409,2025-07-03T00:32:38.000Z,1548760.0,S,104.0,0.0,0.0,1.0
0000950103-25-008409,2025-07-03T00:32:38.000Z,1548760.0,S,450.0,0.0,0.0,1.0
0000950103-25-008409,2025-07-03T00:32:38.000Z,1548760.0,S,584.0,0.0,0.0,1.0
0000950103-25-008409,2025-07-03T00:32:38.000Z,1548760.0,S,1884.0,0.0,0.0,1.0
0000950103-25-008409,2025-07-03T00:32:38.000Z,1548760.0,S,196.0,0.0,0.0,1.0
0000950103-25-008409,2025-07-03T00:32:38.000Z,1548760.0,S,220.0,0.0,0.0,1.0
0000950103-25-008408,2025-07-03T00:31:46.000Z,1548760.0,S,779.0,0.0,0.0,1.0
0000950103-25-008408,2025-07-03T00:31:46.000Z,1548760.0,S,1298.0,0.0,0.0,1.0
0000950103-25-008408,2025-07-03T00:31:46.000Z,1548760.0,S,1168.0,0.0,0.0,1.0
0000950103-25-008408,2025-07-03T00:31:46.000Z,1548760.0,S,1339.0,0.0,0.0,1.0
0000950103-25-008408,2025-07-03T00:31:46.000Z,1548760.0,S,2440.0,0.0,0.0,1.0
0000950103-25-008408,2025-07-03T00:31:46.000Z,1548760.0,S,2565.0,0.0,0.0,1.0
0000950103-25-008408,2025-07-03T00:31:46.000Z,1548760.0,S,1730.0,0.0,0.0,1.0
0000950103-25-008408,2025-07-03T00:31:46.000Z,1548760.0,S,888.0,0.0,0.0,1.0
0000950103-25-008408,2025-07-03T00:31:46.000Z,1548760.0,S,948.0,0.0,0.0,1.0
0000950103-25-008408,2025-07-03T00:31:46.000Z,1548760.0,S,292.0,0.0,0.0,1.0
0000950103-25-008408,2025-07-03T00:31:46.000Z,1548760.0,S,196.0,0.0,0.0,1.0
0000950103-25-008408,2025-07-03T00:31:46.000Z,1548760.0,S,150.0,0.0,0.0,1.0
0000950103-25-008406,2025-07-02T22:43:17.000Z,1564475.0,S,13.0,0.0,0.0,1.0
0000950103-25-008406,2025-07-02T22:43:17.000Z,1564475.0,S,175.0,0.0,0.0,1.0
0000950103-25-008406,2025-07-02T22:43:17.000Z,1564475.0,S,304.0,0.0,0.0,1.0
0000950103-25-008406,2025-07-02T22:43:17.000Z,1564475.0,S,25.0,744.17,18604.25,1.0
0000950103-25-008164,2025-06-30T22:28:55.000Z,1548760.0,S,286.0,0.0,0.0,1.0
0000950103-25-008164,2025-06-30T22:28:55.000Z,1548760.0,S,514.0,0.0,0.0,1.0
0000950103-25-008164,2025-06-30T22:28:55.000Z,1548760.0,S,3474.0,0.0,0.0,1.0
0000950103-25-008164,2025-06-30T22:28:55.000Z,1548760.0,S,3357.0,0.0,0.0,1.0
0000950103-25-008164,2025-06-30T22:28:55.000Z,1548760.0,S,3718.0,0.0,0.0,1.0
0000950103-25-008164,2025-06-30T22:28:55.000Z,1548760.0,S,983.0,0.0,0.0,1.0
0000950103-25-008164,2025-06-30T22:28:55.000Z,1548760.0,S,1001.0,0.0,0.0,1.0
0000950103-25-008164,2025-06-30T22:28:55.000Z,1548760.0,S,460.0,0.0,0.0,1.0
0000950103-25-008163,2025-06-30T22:15:57.000Z,1548760.0,S,1008.0,0.0,0.0,1.0
0000950103-25-008163,2025-06-30T22:15:57.000Z,1548760.0,S,529.0,0.0,0.0,1.0
0000950103-25-008163,2025-06-30T22:15:57.000Z,1548760.0,S,355.0,0.0,0.0,1.0
0000950103-25-008163,2025-06-30T22:15:57.000Z,1548760.0,S,200.0,0.0,0.0,1.0
0000950103-25-008163,2025-06-30T22:15:57.000Z,1548760.0,S,300.0,0.0,0.0,1.0
0000950103-25-008163,2025-06-30T22:15:57.000Z,1548760.0,S,492.0,0.0,0.0,1.0
0000950103-25-008163,2025-06-30T22:15:57.000Z,1548760.0,S,585.0,0.0,0.0,1.0
0000950103-25-008163,2025-06-30T22:15:57.000Z,1548760.0,S,1093.0,0.0,0.0,1.0
0000950103-25-008163,2025-06-30T22:15:57.000Z,1548760.0,S,687.0,0.0,0.0,1.0
0000950103-25-008163,2025-06-30T22:15:57.000Z,1548760.0,S,892.0,0.0,0.0,1.0
0000950103-25-008163,2025-06-30T22:15:57.000Z,1548760.0,S,1242.0,0.0,0.0,1.0
0000950103-25-008163,2025-06-30T22:15:57.000Z,1548760.0,S,839.0,0.0,0.0,1.0
0000950103-25-008163,2025-06-30T22:15:57.000Z,1548760.0,S,2755.0,0.0,0.0,1.0
0000950103-25-008163,2025-06-30T22:15:57.000Z,1548760.0,S,2288.0,0.0,0.0,1.0
0000950103-25-008163,2025-06-30T22:15:57.000Z,1548760.0,S,528.0,0.0,0.0,1.0
0000950103-25-007921,2025-06-26T22:12:56.000Z,1780525.0,S,519.0,704.89,365837.91,1.0
0000950103-25-007850,2025-06-26T00:30:31.000Z,1548760.0,S,884.0,0.0,0.0,1.0
0000950103-25-007850,2025-06-26T00:30:31.000Z,1548760.0,S,1286.0,0.0,0.0,1.0
0000950103-25-007850,2025-06-26T00:30:31.000Z,1548760.0,S,2428.0,0.0,0.0,1.0
0000950103-25-007850,2025-06-26T00:30:31.000Z,1548760.0,S,2731.0,0.0,0.0,1.0
0000950103-25-007850,2025-06-26T00:30:31.000Z,1548760.0,S,442.0,0.0,0.0,1.0
0000950103-25-007850,2025-06-26T00:30:31.000Z,1548760.0,S,1745.0,0.0,0.0,1.0
0000950103-25-007850,2025-06-26T00:30:31.000Z,1548760.0,S,2353.0,0.0,0.0,1.0
0000950103-25-007850,2025-06-26T00:30:31.000Z,1548760.0,S,1177.0,0.0,0.0,1.0
0000950103-25-007850,2025-06-26T00:30:31.000Z,1548760.0,S,643.0,0.0,0.0,1.0
0000950103-25-007850,2025-06-26T00:30:31.000Z,1548760.0,S,104.0,0.0,0.0,1.0
0000950103-25-007849,2025-06-26T00:30:02.000Z,1548760.0,S,1290.0,0.0,0.0,1.0
0000950103-25-007849,2025-06-26T00:30:02.000Z,1548760.0,S,674.0,0.0,0.0,1.0
0000950103-25-007849,2025-06-26T00:30:02.000Z,1548760.0,S,1612.0,0.0,0.0,1.0
0000950103-25-007849,2025-06-26T00:30:02.000Z,1548760.0,S,1189.0,0.0,0.0,1.0
0000950103-25-007849,2025-06-26T00:30:02.000Z,1548760.0,S,1192.0,0.0,0.0,1.0
0000950103-25-007849,2025-06-26T00:30:02.000Z,1548760.0,S,1388.0,0.0,0.0,1.0
0000950103-25-007849,2025-06-26T00:30:02.000Z,1548760.0,S,3046.0,0.0,0.0,1.0
0000950103-25-007849,2025-06-26T00:30:02.000Z,1548760.0,S,2347.0,0.0,0.0,1.0
0000950103-25-007849,2025-06-26T00:30:02.000Z,1548760.0,S,1055.0,0.0,0.0,1.0
0000950103-25-007836,2025-06-25T22:19:57.000Z,1564475.0,S,517.0,683.47,353353.99,1.0
0000950103-25-007714,2025-06-23T22:40:45.000Z,1548760.0,S,444.0,0.0,0.0,1.0
0000950103-25-007714,2025-06-23T22:40:45.000Z,1548760.0,S,56.0,701.0,39256.0,1.0
0000950103-25-007680,2025-06-20T22:08:07.000Z,1780525.0,S,519.0,701.99,364332.81,1.0
0000950103-25-007639,2025-06-19T01:06:02.000Z,1548760.0,S,2468.0,0.0,0.0,1.0
0000950103-25-007639,2025-06-19T01:06:02.000Z,1548760.0,S,285.0,0.0,0.0,1.0
0000950103-25-007638,2025-06-19T01:03:41.000Z,1548760.0,S,2880.0,0.0,0.0,1.0
0000950103-25-007638,2025-06-19T01:03:41.000Z,1548760.0,S,1666.0,0.0,0.0,1.0
0000950103-25-007638,2025-06-19T01:03:41.000Z,1548760.0,S,1238.0,0.0,0.0,1.0
0000950103-25-007638,2025-06-19T01:03:41.000Z,1548760.0,S,806.0,0.0,0.0,1.0
0000950103-25-007638,2025-06-19T01:03:41.000Z,1548760.0,S,1430.0,0.0,0.0,1.0
0000950103-25-007638,2025-06-19T01:03:41.000Z,1548760.0,S,292.0,0.0,0.0,1.0
0000950103-25-007637,2025-06-19T01:00:46.000Z,1548760.0,S,2922.0,0.0,0.0,1.0
0000950103-25-007637,2025-06-19T01:00:46.000Z,1548760.0,S,4947.0,0.0,0.0,1.0
0000950103-25-007637,2025-06-19T01:00:46.000Z,1548760.0,S,3053.0,0.0,0.0,1.0
0000950103-25-007637,2025-06-19T01:00:46.000Z,1548760.0,S,1765.0,0.0,0.0,1.0
0000950103-25-007637,2025-06-19T01:00:46.000Z,1548760.0,S,583.0,0.0,0.0,1.0
0000950103-25-007637,2025-06-19T01:00:46.000Z,1548760.0,S,474.0,0.0,0.0,1.0
0000950103-25-007637,2025-06-19T01:00:46.000Z,1548760.0,S,49.0,0.0,0.0,1.0
0000950103-25-007635,2025-06-19T00:44:44.000Z,,-,,,,
0000950103-25-007634,2025-06-19T00:37:47.000Z,,-,,,,
0000950103-25-007633,2025-06-19T00:35:57.000Z,,-,,,,
0000950103-25-007632,2025-06-19T00:35:39.000Z,,-,,,,
0000950103-25-007631,2025-06-19T00:33:40.000Z,,-,,,,
0000950103-25-007630,2025-06-19T00:33:16.000Z,,-,,,,
0000950103-25-007629,2025-06-19T00:33:08.000Z,1181218.0,S,465.0,699.27,325160.55,1.0
0000950103-25-007628,2025-06-19T00:31:07.000Z,,-,,,,
0000950103-25-007627,2025-06-19T00:30:13.000Z,,-,,,,
0000950103-25-007626,2025-06-19T00:26:39.000Z,,-,,,,
0000950103-25-007625,2025-06-19T00:24:07.000Z,,-,,,,
0000950103-25-007624,2025-06-19T00:23:48.000Z,,-,,,,
0000950103-25-007623,2025-06-19T00:22:13.000Z,,-,,,,
0000950103-25-007622,2025-06-19T00:20:31.000Z,,-,,,,
0000950103-25-007621,2025-06-19T00:15:06.000Z,1564475.0,S,517.0,699.27,361522.59,1.0
0000950103-25-007336,2025-06-12T22:20:58.000Z,1780525.0,S,519.0,701.0,363819.0,1.0
0000950103-25-007275,2025-06-12T01:09:37.000Z,1548760.0,S,2587.0,0.0,0.0,1.0
0000950103-25-007275,2025-06-12T01:09:37.000Z,1548760.0,S,1648.0,0.0,0.0,1.0
0000950103-25-007275,2025-06-12T01:09:37.000Z,1548760.0,S,1654.0,0.0,0.0,1.0
0000950103-25-007275,2025-06-12T01:09:37.000Z,1548760.0,S,1419.0,0.0,0.0,1.0
0000950103-25-007275,2025-06-12T01:09:37.000Z,1548760.0,S,298.0,0.0,0.0,1.0
0000950103-25-007275,2025-06-12T01:09:37.000Z,1548760.0,S,96.0,705.2,67699.20000000001,1.0
0000950103-25-007275,2025-06-12T01:09:37.000Z,1548760.0,S,100.0,707.45,70745.0,1.0
0000950103-25-007273,2025-06-12T01:04:08.000Z,1548760.0,S,7431.0,0.0,0.0,1.0
0000950103-25-007273,2025-06-12T01:04:08.000Z,1548760.0,S,3435.0,0.0,0.0,1.0
0000950103-25-007273,2025-06-12T01:04:08.000Z,1548760.0,S,2927.0,0.0,0.0,1.0
0000950103-25-007272,2025-06-12T00:59:34.000Z,1548760.0,S,4022.0,0.0,0.0,1.0
0000950103-25-007272,2025-06-12T00:59:34.000Z,1548760.0,S,1495.0,0.0,0.0,1.0
0000950103-25-007272,2025-06-12T00:59:34.000Z,1548760.0,S,1636.0,0.0,0.0,1.0
0000950103-25-007272,2025-06-12T00:59:34.000Z,1548760.0,S,114.0,0.0,0.0,1.0
0000950103-25-007272,2025-06-12T00:59:34.000Z,1548760.0,S,199.0,0.0,0.0,1.0
0000950103-25-007268,2025-06-11T22:17:30.000Z,1564475.0,S,517.0,698.0,360866.0,1.0
0000950103-25-007166,2025-06-09T22:35:49.000Z,1548760.0,S,670.0,0.0,0.0,1.0
0000950103-25-007166,2025-06-09T22:35:49.000Z,1548760.0,S,528.0,0.0,0.0,1.0
0000950103-25-007166,2025-06-09T22:35:49.000Z,1548760.0,S,264.0,0.0,0.0,1.0
0000950103-25-007078,2025-06-05T22:39:34.000Z,1780525.0,S,519.0,671.0,348249.0,1.0
0000950103-25-007028,2025-06-04T22:09:08.000Z,1564475.0,S,517.0,644.93,333428.81,1.0
0000950103-25-006667,2025-05-29T22:13:26.000Z,1780525.0,S,519.0,635.41,329777.79,1.0
0000950103-25-006666,2025-05-29T22:08:37.000Z,1564475.0,S,517.0,635.41,328506.97,1.0
0000950103-25-006356,2025-05-22T22:11:44.000Z,1780525.0,S,519.0,635.5,329824.5,1.0
0000950103-25-006316,2025-05-21T23:03:15.000Z,1564475.0,S,517.0,628.25,324805.25,1.0
0000950103-25-006310,2025-05-21T22:34:57.000Z,1181218.0,S,475.0,628.25,298418.75,1.0
0000950103-25-006264,2025-05-20T23:12:44.000Z,,-,,,,
0000950103-25-006213,2025-05-20T01:18:07.000Z,1780525.0,S,60.0,0.0,0.0,1.0
0000950103-25-006213,2025-05-20T01:18:07.000Z,1780525.0,S,30.0,634.585,19037.550000000003,1.0
0000950103-25-006213,2025-05-20T01:18:07.000Z,1780525.0,S,60.0,0.0,0.0,1.0
0000950103-25-006213,2025-05-20T01:18:07.000Z,1780525.0,S,185.0,0.0,0.0,1.0
0000950103-25-006213,2025-05-20T01:18:07.000Z,1780525.0,S,175.0,0.0,0.0,1.0
0000950103-25-006213,2025-05-20T01:18:07.000Z,1780525.0,S,9.0,0.0,0.0,1.0
0000950103-25-006212,2025-05-20T01:09:26.000Z,,-,,,,
0000950103-25-006209,2025-05-20T00:23:13.000Z,1917373.0,S,0.0,659.36,0.0,1.0
0000950103-25-006209,2025-05-20T00:23:13.000Z,1917373.0,S,2180.0,0.0,0.0,1.0
0000950103-25-006209,2025-05-20T00:23:13.000Z,1917373.0,S,2055.0,0.0,0.0,1.0
0000950103-25-006209,2025-05-20T00:23:13.000Z,1917373.0,S,1877.0,0.0,0.0,1.0
0000950103-25-006209,2025-05-20T00:23:13.000Z,1917373.0,S,2941.0,0.0,0.0,1.0
0000950103-25-006209,2025-05-20T00:23:13.000Z,1917373.0,S,10999.0,0.0,0.0,1.0
0000950103-25-006209,2025-05-20T00:23:13.000Z,1917373.0,S,2126.0,0.0,0.0,1.0
0000950103-25-006209,2025-05-20T00:23:13.000Z,1917373.0,S,271.0,0.0,0.0,1.0
0000950103-25-006208,2025-05-20T00:21:13.000Z,1739092.0,S,0.0,659.36,0.0,0.0
0000950103-25-006208,2025-05-20T00:21:13.000Z,1739092.0,S,0.0,659.36,0.0,0.0
0000950103-25-006207,2025-05-20T00:20:55.000Z,1564475.0,S,0.0,659.36,0.0,0.0
0000950103-25-006206,2025-05-20T00:19:10.000Z,,-,,,,
0000950103-25-006205,2025-05-20T00:18:05.000Z,,-,,,,
0000950103-25-006204,2025-05-20T00:16:46.000Z,,-,,,,
0000950103-25-006203,2025-05-20T00:16:05.000Z,,-,,,,
0000950103-25-006202,2025-05-20T00:13:09.000Z,,-,,,,
0000950103-25-006201,2025-05-20T00:13:01.000Z,,-,,,,
0000950103-25-006200,2025-05-20T00:10:09.000Z,,-,,,,
0000950103-25-006199,2025-05-20T00:08:53.000Z,,-,,,,
0000950103-25-006198,2025-05-20T00:06:05.000Z,,-,,,,
0000950103-25-006197,2025-05-20T00:01:31.000Z,,-,,,,
0000950103-25-006195,2025-05-19T23:58:45.000Z,,-,,,,
0000950103-25-006194,2025-05-19T23:49:23.000Z,,-,,,,
0000950103-25-006193,2025-05-19T23:46:21.000Z,,-,,,,
0000950103-25-006192,2025-05-19T23:44:24.000Z,,-,,,,
0000950103-25-006089,2025-05-15T22:42:45.000Z,1780525.0,S,907.0,645.77,585713.39,1.0
0000950103-25-006017,2025-05-14T22:14:16.000Z,1564475.0,S,608.0,631.25,383800.0,1.0
0000950103-25-005855,2025-05-08T22:17:53.000Z,1780525.0,S,921.0,592.52,545710.9199999999,1.0
0000950103-25-005824,2025-05-07T22:07:30.000Z,1564475.0,S,608.0,592.0,359936.0,1.0
0000950103-25-005792,2025-05-06T22:36:42.000Z,,-,,,,
0000950103-25-005791,2025-05-06T22:21:37.000Z,1736236.0,S,700.0,0.0,0.0,1.0
0000950103-25-005594,2025-05-01T22:45:54.000Z,1780525.0,S,921.0,545.17,502101.57,1.0
0000950103-25-005509,2025-04-30T22:15:58.000Z,1564475.0,S,608.0,555.54,337768.31999999995,1.0
0000950103-25-005235,2025-04-24T23:27:58.000Z,1780525.0,S,921.0,491.87,453012.27,1.0
0000950103-25-005210,2025-04-23T22:40:05.000Z,1564475.0,S,406.0,491.69,199626.14,1.0
0000950103-25-005210,2025-04-23T22:40:05.000Z,1564475.0,S,202.0,500.0,101000.0,1.0
0000950103-25-005022,2025-04-17T22:06:12.000Z,1780525.0,S,921.0,531.22,489253.62000000005,1.0
0000950103-25-004964,2025-04-16T22:16:21.000Z,1564475.0,S,608.0,556.45,338321.60000000003,1.0
0000950103-25-004696,2025-04-10T22:37:47.000Z,1780525.0,S,921.0,543.39,500462.19,1.0
0000950103-25-004632,2025-04-09T22:09:51.000Z,1564475.0,S,406.0,482.3,195813.8,1.0
0000950103-25-004632,2025-04-09T22:09:51.000Z,1564475.0,S,202.0,500.0,101000.0,1.0
0000950103-25-004375,2025-04-04T00:02:10.000Z,1780525.0,S,921.0,570.66,525577.86,1.0
0000950103-25-004324,2025-04-02T22:14:14.000Z,1564475.0,S,608.0,563.03,342322.24,1.0
0000950103-25-003927,2025-03-27T22:06:44.000Z,1780525.0,S,921.0,627.05,577513.0499999999,1.0
0000950103-25-003849,2025-03-26T22:31:08.000Z,1564475.0,S,608.0,614.97,373901.76,1.0
0000950103-25-003761,2025-03-25T00:36:16.000Z,,-,,,,
0000950103-25-003760,2025-03-25T00:33:39.000Z,,-,,,,
0000950103-25-003759,2025-03-25T00:32:19.000Z,,-,,,,
0000950103-25-003758,2025-03-25T00:28:01.000Z,,-,,,,
0000950103-25-003757,2025-03-25T00:27:36.000Z,,-,,,,
0000950103-25-003756,2025-03-25T00:24:44.000Z,,-,,,,
0000950103-25-003699,2025-03-20T22:18:54.000Z,1780525.0,S,921.0,600.25,552830.25,1.0
0000950103-25-003648,2025-03-19T22:17:09.000Z,1564475.0,S,608.0,607.5,369360.0,1.0
0000950103-25-003430,2025-03-13T22:20:44.000Z,1780525.0,S,921.0,595.0,547995.0,1.0
0000950103-25-003349,2025-03-12T23:39:09.000Z,1564475.0,S,608.0,609.0,370272.0,1.0
0000950103-25-003130,2025-03-06T23:32:22.000Z,1780525.0,S,921.0,644.0,593124.0,1.0
0000950103-25-003069,2025-03-05T23:29:25.000Z,1564475.0,S,608.0,673.96,409767.68000000005,1.0
0000950103-25-002981,2025-03-05T00:40:55.000Z,1607459.0,S,400.0,0.0,0.0,1.0
0000950103-25-002981,2025-03-05T00:40:55.000Z,1607459.0,S,300.0,0.0,0.0,1.0
0000950103-25-002981,2025-03-05T00:40:55.000Z,1607459.0,S,200.0,0.0,0.0,1.0
0000950103-25-002981,2025-03-05T00:40:55.000Z,1607459.0,S,531.0,0.0,0.0,1.0
0000950103-25-002981,2025-03-05T00:40:55.000Z,1607459.0,S,709.0,0.0,0.0,1.0
0000950103-25-002981,2025-03-05T00:40:55.000Z,1607459.0,S,734.0,0.0,0.0,1.0
0000950103-25-002981,2025-03-05T00:40:55.000Z,1607459.0,S,1310.0,0.0,0.0,1.0
0000950103-25-002981,2025-03-05T00:40:55.000Z,1607459.0,S,1422.0,0.0,0.0,1.0
0000950103-25-002981,2025-03-05T00:40:55.000Z,1607459.0,S,2215.0,0.0,0.0,1.0
0000950103-25-002981,2025-03-05T00:40:55.000Z,1607459.0,S,4915.0,0.0,0.0,1.0
0000950103-25-002981,2025-03-05T00:40:55.000Z,1607459.0,S,4719.0,0.0,0.0,1.0
0000950103-25-002981,2025-03-05T00:40:55.000Z,1607459.0,S,515.0,0.0,0.0,1.0
0000950103-25-002981,2025-03-05T00:40:55.000Z,1607459.0,S,200.0,656.305,131261.0,1.0
0000950103-25-002981,2025-03-05T00:40:55.000Z,1607459.0,S,1830.0,0.0,0.0,1.0
0000950103-25-002857,2025-03-03T23:25:16.000Z,1607459.0,S,626.0,0.0,0.0,1.0
0000950103-25-002857,2025-03-03T23:25:16.000Z,1607459.0,S,1400.0,0.0,0.0,1.0
0000950103-25-002857,2025-03-03T23:25:16.000Z,1607459.0,S,500.0,0.0,0.0,1.0
0000950103-25-002857,2025-03-03T23:25:16.000Z,1607459.0,S,301.0,0.0,0.0,1.0
0000950103-25-002857,2025-03-03T23:25:16.000Z,1607459.0,S,500.0,0.0,0.0,1.0
0000950103-25-002857,2025-03-03T23:25:16.000Z,1607459.0,S,1400.0,0.0,0.0,1.0
0000950103-25-002857,2025-03-03T23:25:16.000Z,1607459.0,S,600.0,0.0,0.0,1.0
0000950103-25-002857,2025-03-03T23:25:16.000Z,1607459.0,S,400.0,0.0,0.0,1.0
0000950103-25-002857,2025-03-03T23:25:16.000Z,1607459.0,S,500.0,0.0,0.0,1.0
0000950103-25-002857,2025-03-03T23:25:16.000Z,1607459.0,S,1500.0,0.0,0.0,1.0
0000950103-25-002857,2025-03-03T23:25:16.000Z,1607459.0,S,1440.0,0.0,0.0,1.0
0000950103-25-002857,2025-03-03T23:25:16.000Z,1607459.0,S,300.0,0.0,0.0,1.0
0000950103-25-002857,2025-03-03T23:25:16.000Z,1607459.0,S,600.0,0.0,0.0,1.0
0000950103-25-002857,2025-03-03T23:25:16.000Z,1607459.0,S,700.0,0.0,0.0,1.0
0000950103-25-002857,2025-03-03T23:25:16.000Z,1607459.0,S,1209.0,0.0,0.0,1.0
0000950103-25-002857,2025-03-03T23:25:16.000Z,1607459.0,S,800.0,0.0,0.0,1.0
0000950103-25-002857,2025-03-03T23:25:16.000Z,1607459.0,S,1682.0,0.0,0.0,1.0
0000950103-25-002857,2025-03-03T23:25:16.000Z,1607459.0,S,2455.0,0.0,0.0,1.0
0000950103-25-002857,2025-03-03T23:25:16.000Z,1607459.0,S,1887.0,0.0,0.0,1.0
0000950103-25-002857,2025-03-03T23:25:16.000Z,1607459.0,S,900.0,0.0,0.0,1.0
0000950103-25-002857,2025-03-03T23:25:16.000Z,1607459.0,S,300.0,0.0,0.0,1.0
0000950103-25-002758,2025-02-28T23:30:06.000Z,1607459.0,S,1200.0,0.0,0.0,1.0
0000950103-25-002758,2025-02-28T23:30:06.000Z,1607459.0,S,3640.0,0.0,0.0,1.0
0000950103-25-002758,2025-02-28T23:30:06.000Z,1607459.0,S,478.0,0.0,0.0,1.0
0000950103-25-002758,2025-02-28T23:30:06.000Z,1607459.0,S,474.0,0.0,0.0,1.0
0000950103-25-002758,2025-02-28T23:30:06.000Z,1607459.0,S,691.0,0.0,0.0,1.0
0000950103-25-002758,2025-02-28T23:30:06.000Z,1607459.0,S,2693.0,0.0,0.0,1.0
0000950103-25-002758,2025-02-28T23:30:06.000Z,1607459.0,S,3421.0,0.0,0.0,1.0
0000950103-25-002758,2025-02-28T23:30:06.000Z,1607459.0,S,1409.0,0.0,0.0,1.0
0000950103-25-002758,2025-02-28T23:30:06.000Z,1607459.0,S,306.0,0.0,0.0,1.0
0000950103-25-002758,2025-02-28T23:30:06.000Z,1607459.0,S,2280.0,0.0,0.0,1.0
0000950103-25-002758,2025-02-28T23:30:06.000Z,1607459.0,S,500.0,0.0,0.0,1.0
0000950103-25-002758,2025-02-28T23:30:06.000Z,1607459.0,S,2100.0,0.0,0.0,1.0
0000950103-25-002758,2025-02-28T23:30:06.000Z,1607459.0,S,808.0,0.0,0.0,1.0
0000950103-25-002644,2025-02-27T23:40:30.000Z,1780525.0,S,921.0,665.75,613155.75,1.0
0000950103-25-002502,2025-02-26T23:48:41.000Z,1564475.0,S,608.0,686.28,417258.24,1.0
0000950103-25-002363,2025-02-24T23:17:27.000Z,1548760.0,S,2120.0,0.0,0.0,1.0
0000950103-25-002363,2025-02-24T23:17:27.000Z,1548760.0,S,790.0,0.0,0.0,1.0
0000950103-25-002363,2025-02-24T23:17:27.000Z,1548760.0,S,493.0,0.0,0.0,1.0
0000950103-25-002363,2025-02-24T23:17:27.000Z,1548760.0,S,120.0,0.0,0.0,1.0
0000950103-25-002362,2025-02-24T23:12:50.000Z,1548760.0,S,1500.0,0.0,0.0,1.0
0000950103-25-002362,2025-02-24T23:12:50.000Z,1548760.0,S,843.0,0.0,0.0,1.0
0000950103-25-002362,2025-02-24T23:12:50.000Z,1548760.0,S,677.0,0.0,0.0,1.0
0000950103-25-002362,2025-02-24T23:12:50.000Z,1548760.0,S,400.0,0.0,0.0,1.0
0000950103-25-002362,2025-02-24T23:12:50.000Z,1548760.0,S,143.0,0.0,0.0,1.0
0000950103-25-002202,2025-02-20T01:39:36.000Z,1548760.0,S,1124.0,0.0,0.0,1.0
0000950103-25-002202,2025-02-20T01:39:36.000Z,1548760.0,S,2139.0,0.0,0.0,1.0
0000950103-25-002202,2025-02-20T01:39:36.000Z,1548760.0,S,6248.0,0.0,0.0,1.0
0000950103-25-002202,2025-02-20T01:39:36.000Z,1548760.0,S,4183.0,0.0,0.0,1.0
0000950103-25-002202,2025-02-20T01:39:36.000Z,1548760.0,S,4582.0,0.0,0.0,1.0
0000950103-25-002202,2025-02-20T01:39:36.000Z,1548760.0,S,1292.0,0.0,0.0,1.0
0000950103-25-002202,2025-02-20T01:39:36.000Z,1548760.0,S,100.0,706.28,70628.0,1.0
0000950103-25-002201,2025-02-20T01:33:53.000Z,1548760.0,S,569.0,0.0,0.0,1.0
0000950103-25-002201,2025-02-20T01:33:53.000Z,1548760.0,S,2191.0,0.0,0.0,1.0
0000950103-25-002201,2025-02-20T01:33:53.000Z,1548760.0,S,1562.0,0.0,0.0,1.0
0000950103-25-002201,2025-02-20T01:33:53.000Z,1548760.0,S,728.0,0.0,0.0,1.0
0000950103-25-002201,2025-02-20T01:33:53.000Z,1548760.0,S,614.0,0.0,0.0,1.0
0000950103-25-002201,2025-02-20T01:33:53.000Z,1548760.0,S,611.0,0.0,0.0,1.0
0000950103-25-002201,2025-02-20T01:33:53.000Z,1548760.0,S,299.0,0.0,0.0,1.0
0000950103-25-002201,2025-02-20T01:33:53.000Z,1548760.0,S,490.0,0.0,0.0,1.0
0000950103-25-002201,2025-02-20T01:33:53.000Z,1548760.0,S,2202.0,0.0,0.0,1.0
0000950103-25-002201,2025-02-20T01:33:53.000Z,1548760.0,S,2074.0,0.0,0.0,1.0
0000950103-25-002201,2025-02-20T01:33:53.000Z,1548760.0,S,1942.0,0.0,0.0,1.0
0000950103-25-002201,2025-02-20T01:33:53.000Z,1548760.0,S,780.0,0.0,0.0,1.0
0000950103-25-002201,2025-02-20T01:33:53.000Z,1548760.0,S,1404.0,0.0,0.0,1.0
0000950103-25-002201,2025-02-20T01:33:53.000Z,1548760.0,S,522.0,0.0,0.0,1.0
0000950103-25-002201,2025-02-20T01:33:53.000Z,1548760.0,S,407.0,0.0,0.0,1.0
0000950103-25-002201,2025-02-20T01:33:53.000Z,1548760.0,S,680.0,0.0,0.0,1.0
0000950103-25-002201,2025-02-20T01:33:53.000Z,1548760.0,S,461.0,0.0,0.0,1.0
0000950103-25-002201,2025-02-20T01:33:53.000Z,1548760.0,S,290.0,0.0,0.0,1.0
0000950103-25-002201,2025-02-20T01:33:53.000Z,1548760.0,S,294.0,0.0,0.0,1.0
0000950103-25-002201,2025-02-20T01:33:53.000Z,1548760.0,S,256.0,0.0,0.0,1.0
0000950103-25-002201,2025-02-20T01:33:53.000Z,1548760.0,S,119.0,0.0,0.0,1.0
0000950103-25-002201,2025-02-20T01:33:53.000Z,1548760.0,S,108.0,0.0,0.0,1.0
0000950103-25-002201,2025-02-20T01:33:53.000Z,1548760.0,S,200.0,0.0,0.0,1.0
0000950103-25-002201,2025-02-20T01:33:53.000Z,1548760.0,S,356.0,0.0,0.0,1.0
0000950103-25-002201,2025-02-20T01:33:53.000Z,1548760.0,S,297.0,0.0,0.0,1.0
0000950103-25-002201,2025-02-20T01:33:53.000Z,1548760.0,S,212.0,0.0,0.0,1.0
0000950103-25-002197,2025-02-19T23:18:23.000Z,,-,,,,
0000950103-25-002196,2025-02-19T23:17:55.000Z,,-,,,,
0000950103-25-002195,2025-02-19T23:17:00.000Z,1564475.0,S,0.0,736.67,0.0,1.0
0000950103-25-002195,2025-02-19T23:17:00.000Z,1564475.0,S,608.0,736.07,447530.56000000006,1.0
0000950103-25-002194,2025-02-19T23:15:35.000Z,1780525.0,S,921.0,736.07,677920.4700000001,1.0
0000950103-25-002193,2025-02-19T23:15:24.000Z,,-,,,,
0000950103-25-002192,2025-02-19T23:14:18.000Z,1739092.0,S,0.0,736.67,0.0,0.0
0000950103-25-002192,2025-02-19T23:14:18.000Z,1739092.0,S,0.0,736.67,0.0,0.0
0000950103-25-002191,2025-02-19T23:11:53.000Z,1917373.0,S,0.0,736.67,0.0,0.0
0000950103-25-002190,2025-02-19T23:09:41.000Z,,-,,,,
0000950103-25-002189,2025-02-19T23:08:45.000Z,,-,,,,
0000950103-25-002122,2025-02-18T23:36:07.000Z,1548760.0,S,190.0,0.0,0.0,1.0
0000950103-25-002122,2025-02-18T23:36:07.000Z,1548760.0,S,770.0,0.0,0.0,1.0
0000950103-25-002122,2025-02-18T23:36:07.000Z,1548760.0,S,1854.0,0.0,0.0,1.0
0000950103-25-002122,2025-02-18T23:36:07.000Z,1548760.0,S,1665.0,0.0,0.0,1.0
0000950103-25-002122,2025-02-18T23:36:07.000Z,1548760.0,S,1775.0,0.0,0.0,1.0
0000950103-25-002122,2025-02-18T23:36:07.000Z,1548760.0,S,970.0,0.0,0.0,1.0
0000950103-25-002122,2025-02-18T23:36:07.000Z,1548760.0,S,613.0,0.0,0.0,1.0
0000950103-25-002122,2025-02-18T23:36:07.000Z,1548760.0,S,1825.0,0.0,0.0,1.0
0000950103-25-002122,2025-02-18T23:36:07.000Z,1548760.0,S,1430.0,0.0,0.0,1.0
0000950103-25-002122,2025-02-18T23:36:07.000Z,1548760.0,S,2311.0,0.0,0.0,1.0
0000950103-25-002122,2025-02-18T23:36:07.000Z,1548760.0,S,1993.0,0.0,0.0,1.0
0000950103-25-002122,2025-02-18T23:36:07.000Z,1548760.0,S,2753.0,0.0,0.0,1.0
0000950103-25-002122,2025-02-18T23:36:07.000Z,1548760.0,S,1417.0,0.0,0.0,1.0
0000950103-25-002122,2025-02-18T23:36:07.000Z,1548760.0,S,102.0,0.0,0.0,1.0
0000950103-25-002121,2025-02-18T23:34:24.000Z,1548760.0,S,1014.0,0.0,0.0,1.0
0000950103-25-002121,2025-02-18T23:34:24.000Z,1548760.0,S,870.0,0.0,0.0,1.0
0000950103-25-002121,2025-02-18T23:34:24.000Z,1548760.0,S,2035.0,0.0,0.0,1.0
0000950103-25-002121,2025-02-18T23:34:24.000Z,1548760.0,S,2119.0,0.0,0.0,1.0
0000950103-25-002121,2025-02-18T23:34:24.000Z,1548760.0,S,3327.0,0.0,0.0,1.0
0000950103-25-002121,2025-02-18T23:34:24.000Z,1548760.0,S,2958.0,0.0,0.0,1.0
0000950103-25-002121,2025-02-18T23:34:24.000Z,1548760.0,S,2667.0,0.0,0.0,1.0
0000950103-25-002121,2025-02-18T23:34:24.000Z,1548760.0,S,1213.0,0.0,0.0,1.0
0000950103-25-002121,2025-02-18T23:34:24.000Z,1548760.0,S,1525.0,0.0,0.0,1.0
0000950103-25-002121,2025-02-18T23:34:24.000Z,1548760.0,S,1474.0,0.0,0.0,1.0
0000950103-25-002121,2025-02-18T23:34:24.000Z,1548760.0,S,466.0,0.0,0.0,1.0
0000950103-25-001998,2025-02-13T23:23:38.000Z,1780525.0,S,902.0,713.32,643414.64,1.0
0000950103-25-001935,2025-02-13T01:41:43.000Z,1548760.0,S,200.0,0.0,0.0,1.0
0000950103-25-001935,2025-02-13T01:41:43.000Z,1548760.0,S,400.0,0.0,0.0,1.0
0000950103-25-001935,2025-02-13T01:41:43.000Z,1548760.0,S,1281.0,0.0,0.0,1.0
0000950103-25-001935,2025-02-13T01:41:43.000Z,1548760.0,S,705.0,0.0,0.0,1.0
0000950103-25-001935,2025-02-13T01:41:43.000Z,1548760.0,S,2158.0,0.0,0.0,1.0
0000950103-25-001935,2025-02-13T01:41:43.000Z,1548760.0,S,2008.0,0.0,0.0,1.0
0000950103-25-001935,2025-02-13T01:41:43.000Z,1548760.0,S,1634.0,0.0,0.0,1.0
0000950103-25-001935,2025-02-13T01:41:43.000Z,1548760.0,S,1262.0,0.0,0.0,1.0
0000950103-25-001935,2025-02-13T01:41:43.000Z,1548760.0,S,1685.0,0.0,0.0,1.0
0000950103-25-001935,2025-02-13T01:41:43.000Z,1548760.0,S,2780.0,0.0,0.0,1.0
0000950103-25-001935,2025-02-13T01:41:43.000Z,1548760.0,S,4161.0,0.0,0.0,1.0
0000950103-25-001935,2025-02-13T01:41:43.000Z,1548760.0,S,1094.0,0.0,0.0,1.0
0000950103-25-001935,2025-02-13T01:41:43.000Z,1548760.0,S,300.0,0.0,0.0,1.0
0000950103-25-001934,2025-02-13T01:39:18.000Z,1548760.0,S,100.0,710.21,71021.0,1.0
0000950103-25-001934,2025-02-13T01:39:18.000Z,1548760.0,S,1287.0,0.0,0.0,1.0
0000950103-25-001934,2025-02-13T01:39:18.000Z,1548760.0,S,1327.0,0.0,0.0,1.0
0000950103-25-001934,2025-02-13T01:39:18.000Z,1548760.0,S,2796.0,0.0,0.0,1.0
0000950103-25-001934,2025-02-13T01:39:18.000Z,1548760.0,S,1751.0,0.0,0.0,1.0
0000950103-25-001934,2025-02-13T01:39:18.000Z,1548760.0,S,2537.0,0.0,0.0,1.0
0000950103-25-001934,2025-02-13T01:39:18.000Z,1548760.0,S,2630.0,0.0,0.0,1.0
0000950103-25-001934,2025-02-13T01:39:18.000Z,1548760.0,S,690.0,0.0,0.0,1.0
0000950103-25-001934,2025-02-13T01:39:18.000Z,1548760.0,S,1144.0,0.0,0.0,1.0
0000950103-25-001934,2025-02-13T01:39:18.000Z,1548760.0,S,2306.0,0.0,0.0,1.0
0000950103-25-001934,2025-02-13T01:39:18.000Z,1548760.0,S,1155.0,0.0,0.0,1.0
0000950103-25-001934,2025-02-13T01:39:18.000Z,1548760.0,S,1855.0,0.0,0.0,1.0
0000950103-25-001934,2025-02-13T01:39:18.000Z,1548760.0,S,90.0,723.54,65118.6,1.0
0000950103-25-001933,2025-02-13T01:36:10.000Z,1548760.0,S,586.0,0.0,0.0,1.0
0000950103-25-001933,2025-02-13T01:36:10.000Z,1548760.0,S,1382.0,0.0,0.0,1.0
0000950103-25-001933,2025-02-13T01:36:10.000Z,1548760.0,S,6640.0,0.0,0.0,1.0
0000950103-25-001933,2025-02-13T01:36:10.000Z,1548760.0,S,7419.0,0.0,0.0,1.0
0000950103-25-001933,2025-02-13T01:36:10.000Z,1548760.0,S,5185.0,0.0,0.0,1.0
0000950103-25-001933,2025-02-13T01:36:10.000Z,1548760.0,S,5368.0,0.0,0.0,1.0
0000950103-25-001933,2025-02-13T01:36:10.000Z,1548760.0,S,2809.0,0.0,0.0,1.0
0000950103-25-001933,2025-02-13T01:36:10.000Z,1548760.0,S,1075.0,0.0,0.0,1.0
0000950103-25-001933,2025-02-13T01:36:10.000Z,1548760.0,S,235.0,0.0,0.0,1.0
0000950103-25-001933,2025-02-13T01:36:10.000Z,1548760.0,S,192.0,0.0,0.0,1.0
0000950103-25-001933,2025-02-13T01:36:10.000Z,1548760.0,S,1199.0,0.0,0.0,1.0
0000950103-25-001933,2025-02-13T01:36:10.000Z,1548760.0,S,1461.0,0.0,0.0,1.0
0000950103-25-001933,2025-02-13T01:36:10.000Z,1548760.0,S,727.0,0.0,0.0,1.0
0000950103-25-001933,2025-02-13T01:36:10.000Z,1548760.0,S,970.0,0.0,0.0,1.0
0000950103-25-001933,2025-02-13T01:36:10.000Z,1548760.0,S,472.0,0.0,0.0,1.0
0000950103-25-001933,2025-02-13T01:36:10.000Z,1548760.0,S,75.0,720.38,54028.5,1.0
0000950103-25-001930,2025-02-12T23:09:20.000Z,,-,,,,
0000950103-25-001836,2025-02-10T23:15:09.000Z,1548760.0,S,1180.0,0.0,0.0,1.0
0000950103-25-001836,2025-02-10T23:15:09.000Z,1548760.0,S,3693.0,0.0,0.0,1.0
0000950103-25-001836,2025-02-10T23:15:09.000Z,1548760.0,S,9300.0,0.0,0.0,1.0
0000950103-25-001836,2025-02-10T23:15:09.000Z,1548760.0,S,8105.0,0.0,0.0,1.0
0000950103-25-001836,2025-02-10T23:15:09.000Z,1548760.0,S,5451.0,0.0,0.0,1.0
0000950103-25-001836,2025-02-10T23:15:09.000Z,1548760.0,S,2413.0,0.0,0.0,1.0
0000950103-25-001836,2025-02-10T23:15:09.000Z,1548760.0,S,807.0,0.0,0.0,1.0
0000950103-25-001836,2025-02-10T23:15:09.000Z,1548760.0,S,2447.0,0.0,0.0,1.0
0000950103-25-001836,2025-02-10T23:15:09.000Z,1548760.0,S,3133.0,0.0,0.0,1.0
0000950103-25-001836,2025-02-10T23:15:09.000Z,1548760.0,S,3326.0,0.0,0.0,1.0
0000950103-25-001836,2025-02-10T23:15:09.000Z,1548760.0,S,2159.0,0.0,0.0,1.0
0000950103-25-001836,2025-02-10T23:15:09.000Z,1548760.0,S,600.0,0.0,0.0,1.0
0000950103-25-001836,2025-02-10T23:15:09.000Z,1548760.0,S,196.0,0.0,0.0,1.0
0000950103-25-001836,2025-02-10T23:15:09.000Z,1548760.0,S,397.0,0.0,0.0,1.0
0000950103-25-001836,2025-02-10T23:15:09.000Z,1548760.0,S,1708.0,0.0,0.0,1.0
0000950103-25-001836,2025-02-10T23:15:09.000Z,1548760.0,S,3568.0,0.0,0.0,1.0
0000950103-25-001836,2025-02-10T23:15:09.000Z,1548760.0,S,1981.0,0.0,0.0,1.0
0000950103-25-001836,2025-02-10T23:15:09.000Z,1548760.0,S,971.0,0.0,0.0,1.0
0000950103-25-001836,2025-02-10T23:15:09.000Z,1548760.0,S,722.0,0.0,0.0,1.0
0000950103-25-001836,2025-02-10T23:15:09.000Z,1548760.0,S,485.0,0.0,0.0,1.0
0000950103-25-001836,2025-02-10T23:15:09.000Z,1548760.0,S,1216.0,0.0,0.0,1.0
0000950103-25-001836,2025-02-10T23:15:09.000Z,1548760.0,S,683.0,0.0,0.0,1.0
0000950103-25-001836,2025-02-10T23:15:09.000Z,1548760.0,S,784.0,0.0,0.0,1.0
0000950103-25-001836,2025-02-10T23:15:09.000Z,1548760.0,S,264.0,0.0,0.0,1.0
0000950103-25-001835,2025-02-10T23:11:13.000Z,1548760.0,S,1395.0,0.0,0.0,1.0
0000950103-25-001835,2025-02-10T23:11:13.000Z,1548760.0,S,3299.0,0.0,0.0,1.0
0000950103-25-001835,2025-02-10T23:11:13.000Z,1548760.0,S,2523.0,0.0,0.0,1.0
0000950103-25-001835,2025-02-10T23:11:13.000Z,1548760.0,S,1870.0,0.0,0.0,1.0
0000950103-25-001835,2025-02-10T23:11:13.000Z,1548760.0,S,5136.0,0.0,0.0,1.0
0000950103-25-001835,2025-02-10T23:11:13.000Z,1548760.0,S,2911.0,0.0,0.0,1.0
0000950103-25-001835,2025-02-10T23:11:13.000Z,1548760.0,S,3508.0,0.0,0.0,1.0
0000950103-25-001835,2025-02-10T23:11:13.000Z,1548760.0,S,6295.0,0.0,0.0,1.0
0000950103-25-001835,2025-02-10T23:11:13.000Z,1548760.0,S,3150.0,0.0,0.0,1.0
0000950103-25-001835,2025-02-10T23:11:13.000Z,1548760.0,S,2817.0,0.0,0.0,1.0
0000950103-25-001835,2025-02-10T23:11:13.000Z,1548760.0,S,4346.0,0.0,0.0,1.0
0000950103-25-001835,2025-02-10T23:11:13.000Z,1548760.0,S,2874.0,0.0,0.0,1.0
0000950103-25-001835,2025-02-10T23:11:13.000Z,1548760.0,S,2300.0,0.0,0.0,1.0
0000950103-25-001835,2025-02-10T23:11:13.000Z,1548760.0,S,190.0,0.0,0.0,1.0
0000950103-25-001835,2025-02-10T23:11:13.000Z,1548760.0,S,789.0,0.0,0.0,1.0
0000950103-25-001835,2025-02-10T23:11:13.000Z,1548760.0,S,937.0,0.0,0.0,1.0
0000950103-25-001835,2025-02-10T23:11:13.000Z,1548760.0,S,871.0,0.0,0.0,1.0
0000950103-25-001835,2025-02-10T23:11:13.000Z,1548760.0,S,1426.0,0.0,0.0,1.0
0000950103-25-001835,2025-02-10T23:11:13.000Z,1548760.0,S,935.0,0.0,0.0,1.0
0000950103-25-001835,2025-02-10T23:11:13.000Z,1548760.0,S,1290.0,0.0,0.0,1.0
0000950103-25-001835,2025-02-10T23:11:13.000Z,1548760.0,S,1583.0,0.0,0.0,1.0
0000950103-25-001835,2025-02-10T23:11:13.000Z,1548760.0,S,1392.0,0.0,0.0,1.0
0000950103-25-001835,2025-02-10T23:11:13.000Z,1548760.0,S,406.0,0.0,0.0,1.0
0000950103-25-001835,2025-02-10T23:11:13.000Z,1548760.0,S,1589.0,0.0,0.0,1.0
0000950103-25-001835,2025-02-10T23:11:13.000Z,1548760.0,S,970.0,0.0,0.0,1.0
0000950103-25-001835,2025-02-10T23:11:13.000Z,1548760.0,S,685.0,0.0,0.0,1.0
0000950103-25-001835,2025-02-10T23:11:13.000Z,1548760.0,S,102.0,0.0,0.0,1.0
0000950103-25-001720,2025-02-06T23:18:37.000Z,1780525.0,S,905.0,702.24,635527.2,1.0
0000950103-25-001664,2025-02-06T02:08:57.000Z,1548760.0,S,362.0,0.0,0.0,1.0
0000950103-25-001664,2025-02-06T02:08:57.000Z,1548760.0,S,633.0,0.0,0.0,1.0
0000950103-25-001664,2025-02-06T02:08:57.000Z,1548760.0,S,1759.0,0.0,0.0,1.0
0000950103-25-001664,2025-02-06T02:08:57.000Z,1548760.0,S,3283.0,0.0,0.0,1.0
0000950103-25-001664,2025-02-06T02:08:57.000Z,1548760.0,S,2170.0,0.0,0.0,1.0
0000950103-25-001664,2025-02-06T02:08:57.000Z,1548760.0,S,400.0,0.0,0.0,1.0
0000950103-25-001664,2025-02-06T02:08:57.000Z,1548760.0,S,267.0,0.0,0.0,1.0
0000950103-25-001664,2025-02-06T02:08:57.000Z,1548760.0,S,292.0,0.0,0.0,1.0
0000950103-25-001664,2025-02-06T02:08:57.000Z,1548760.0,S,1143.0,0.0,0.0,1.0
0000950103-25-001664,2025-02-06T02:08:57.000Z,1548760.0,S,488.0,0.0,0.0,1.0
0000950103-25-001664,2025-02-06T02:08:57.000Z,1548760.0,S,792.0,0.0,0.0,1.0
0000950103-25-001664,2025-02-06T02:08:57.000Z,1548760.0,S,310.0,0.0,0.0,1.0
0000950103-25-001664,2025-02-06T02:08:57.000Z,1548760.0,S,592.0,0.0,0.0,1.0
0000950103-25-001664,2025-02-06T02:08:57.000Z,1548760.0,S,484.0,0.0,0.0,1.0
0000950103-25-001663,2025-02-06T02:06:46.000Z,1548760.0,S,670.0,0.0,0.0,1.0
0000950103-25-001663,2025-02-06T02:06:46.000Z,1548760.0,S,1160.0,0.0,0.0,1.0
0000950103-25-001663,2025-02-06T02:06:46.000Z,1548760.0,S,2401.0,0.0,0.0,1.0
0000950103-25-001663,2025-02-06T02:06:46.000Z,1548760.0,S,6392.0,0.0,0.0,1.0
0000950103-25-001663,2025-02-06T02:06:46.000Z,1548760.0,S,12144.0,0.0,0.0,1.0
0000950103-25-001663,2025-02-06T02:06:46.000Z,1548760.0,S,4809.0,0.0,0.0,1.0
0000950103-25-001663,2025-02-06T02:06:46.000Z,1548760.0,S,1243.0,0.0,0.0,1.0
0000950103-25-001663,2025-02-06T02:06:46.000Z,1548760.0,S,667.0,0.0,0.0,1.0
0000950103-25-001663,2025-02-06T02:06:46.000Z,1548760.0,S,1373.0,0.0,0.0,1.0
0000950103-25-001663,2025-02-06T02:06:46.000Z,1548760.0,S,1499.0,0.0,0.0,1.0
0000950103-25-001663,2025-02-06T02:06:46.000Z,1548760.0,S,2037.0,0.0,0.0,1.0
0000950103-25-001663,2025-02-06T02:06:46.000Z,1548760.0,S,2661.0,0.0,0.0,1.0
0000950103-25-001663,2025-02-06T02:06:46.000Z,1548760.0,S,1229.0,0.0,0.0,1.0
0000950103-25-001663,2025-02-06T02:06:46.000Z,1548760.0,S,1349.0,0.0,0.0,1.0
0000950103-25-001663,2025-02-06T02:06:46.000Z,1548760.0,S,1776.0,0.0,0.0,1.0
0000950103-25-001663,2025-02-06T02:06:46.000Z,1548760.0,S,1004.0,0.0,0.0,1.0
0000950103-25-001663,2025-02-06T02:06:46.000Z,1548760.0,S,200.0,0.0,0.0,1.0
0000950103-25-001662,2025-02-06T02:03:14.000Z,1548760.0,S,72.0,675.69,48649.68000000001,1.0
0000950103-25-001662,2025-02-06T02:03:14.000Z,1548760.0,S,100.0,679.82,67982.0,1.0
0000950103-25-001662,2025-02-06T02:03:14.000Z,1548760.0,S,100.0,680.84,68084.0,1.0
0000950103-25-001662,2025-02-06T02:03:14.000Z,1548760.0,S,96.0,682.675,65536.79999999999,1.0
0000950103-25-001662,2025-02-06T02:03:14.000Z,1548760.0,S,296.0,0.0,0.0,1.0
0000950103-25-001662,2025-02-06T02:03:14.000Z,1548760.0,S,200.0,0.0,0.0,1.0
0000950103-25-001662,2025-02-06T02:03:14.000Z,1548760.0,S,300.0,0.0,0.0,1.0
0000950103-25-001662,2025-02-06T02:03:14.000Z,1548760.0,S,96.0,686.91,65943.36,1.0
0000950103-25-001662,2025-02-06T02:03:14.000Z,1548760.0,S,388.0,0.0,0.0,1.0
0000950103-25-001662,2025-02-06T02:03:14.000Z,1548760.0,S,292.0,0.0,0.0,1.0
0000950103-25-001662,2025-02-06T02:03:14.000Z,1548760.0,S,385.0,0.0,0.0,1.0
0000950103-25-001662,2025-02-06T02:03:14.000Z,1548760.0,S,563.0,0.0,0.0,1.0
0000950103-25-001662,2025-02-06T02:03:14.000Z,1548760.0,S,892.0,0.0,0.0,1.0
0000950103-25-001662,2025-02-06T02:03:14.000Z,1548760.0,S,544.0,0.0,0.0,1.0
0000950103-25-001662,2025-02-06T02:03:14.000Z,1548760.0,S,496.0,0.0,0.0,1.0
0000950103-25-001662,2025-02-06T02:03:14.000Z,1548760.0,S,1807.0,0.0,0.0,1.0
0000950103-25-001662,2025-02-06T02:03:14.000Z,1548760.0,S,1710.0,0.0,0.0,1.0
0000950103-25-001662,2025-02-06T02:03:14.000Z,1548760.0,S,1422.0,0.0,0.0,1.0
0000950103-25-001662,2025-02-06T02:03:14.000Z,1548760.0,S,1056.0,0.0,0.0,1.0
0000950103-25-001662,2025-02-06T02:03:14.000Z,1548760.0,S,1256.0,0.0,0.0,1.0
0000950103-25-001662,2025-02-06T02:03:14.000Z,1548760.0,S,904.0,0.0,0.0,1.0
0000950103-25-001661,2025-02-06T02:01:59.000Z,1548760.0,S,80.0,675.69,54055.2,1.0
0000950103-25-001661,2025-02-06T02:01:59.000Z,1548760.0,S,100.0,678.0,67800.0,1.0
0000950103-25-001661,2025-02-06T02:01:59.000Z,1548760.0,S,200.0,0.0,0.0,1.0
0000950103-25-001661,2025-02-06T02:01:59.000Z,1548760.0,S,200.0,0.0,0.0,1.0
0000950103-25-001661,2025-02-06T02:01:59.000Z,1548760.0,S,300.0,0.0,0.0,1.0
0000950103-25-001661,2025-02-06T02:01:59.000Z,1548760.0,S,470.0,0.0,0.0,1.0
0000950103-25-001661,2025-02-06T02:01:59.000Z,1548760.0,S,680.0,0.0,0.0,1.0
0000950103-25-001661,2025-02-06T02:01:59.000Z,1548760.0,S,430.0,0.0,0.0,1.0
0000950103-25-001661,2025-02-06T02:01:59.000Z,1548760.0,S,380.0,0.0,0.0,1.0
0000950103-25-001661,2025-02-06T02:01:59.000Z,1548760.0,S,780.0,0.0,0.0,1.0
0000950103-25-001661,2025-02-06T02:01:59.000Z,1548760.0,S,600.0,0.0,0.0,1.0
0000950103-25-001661,2025-02-06T02:01:59.000Z,1548760.0,S,1150.0,0.0,0.0,1.0
0000950103-25-001661,2025-02-06T02:01:59.000Z,1548760.0,S,1306.0,0.0,0.0,1.0
0000950103-25-001661,2025-02-06T02:01:59.000Z,1548760.0,S,1165.0,0.0,0.0,1.0
0000950103-25-001661,2025-02-06T02:01:59.000Z,1548760.0,S,702.0,0.0,0.0,1.0
0000950103-25-001661,2025-02-06T02:01:59.000Z,1548760.0,S,2643.0,0.0,0.0,1.0
0000950103-25-001661,2025-02-06T02:01:59.000Z,1548760.0,S,2834.0,0.0,0.0,1.0
0000950103-25-001661,2025-02-06T02:01:59.000Z,1548760.0,S,2298.0,0.0,0.0,1.0
0000950103-25-001661,2025-02-06T02:01:59.000Z,1548760.0,S,5011.0,0.0,0.0,1.0
0000950103-25-001661,2025-02-06T02:01:59.000Z,1548760.0,S,4390.0,0.0,0.0,1.0
0000950103-25-001661,2025-02-06T02:01:59.000Z,1548760.0,S,7004.0,0.0,0.0,1.0
0000950103-25-001661,2025-02-06T02:01:59.000Z,1548760.0,S,2639.0,0.0,0.0,1.0
0000950103-25-001661,2025-02-06T02:01:59.000Z,1548760.0,S,276.0,0.0,0.0,1.0
0000950103-25-001660,2025-02-06T01:59:22.000Z,1548760.0,S,877.0,0.0,0.0,1.0
0000950103-25-001660,2025-02-06T01:59:22.000Z,1548760.0,S,399.0,0.0,0.0,1.0
0000950103-25-001660,2025-02-06T01:59:22.000Z,1548760.0,S,750.0,0.0,0.0,1.0
0000950103-25-001660,2025-02-06T01:59:22.000Z,1548760.0,S,1020.0,0.0,0.0,1.0
0000950103-25-001660,2025-02-06T01:59:22.000Z,1548760.0,S,1368.0,0.0,0.0,1.0
0000950103-25-001660,2025-02-06T01:59:22.000Z,1548760.0,S,556.0,0.0,0.0,1.0
0000950103-25-001660,2025-02-06T01:59:22.000Z,1548760.0,S,600.0,0.0,0.0,1.0
0000950103-25-001660,2025-02-06T01:59:22.000Z,1548760.0,S,807.0,0.0,0.0,1.0
0000950103-25-001660,2025-02-06T01:59:22.000Z,1548760.0,S,1996.0,0.0,0.0,1.0
0000950103-25-001660,2025-02-06T01:59:22.000Z,1548760.0,S,1030.0,0.0,0.0,1.0
0000950103-25-001660,2025-02-06T01:59:22.000Z,1548760.0,S,4087.0,0.0,0.0,1.0
0000950103-25-001660,2025-02-06T01:59:22.000Z,1548760.0,S,10132.0,0.0,0.0,1.0
0000950103-25-001660,2025-02-06T01:59:22.000Z,1548760.0,S,7710.0,0.0,0.0,1.0
0000950103-25-001660,2025-02-06T01:59:22.000Z,1548760.0,S,9008.0,0.0,0.0,1.0
0000950103-25-001660,2025-02-06T01:59:22.000Z,1548760.0,S,2274.0,0.0,0.0,1.0
0000950103-25-001660,2025-02-06T01:59:22.000Z,1548760.0,S,500.0,0.0,0.0,1.0
0000950103-25-001660,2025-02-06T01:59:22.000Z,1548760.0,S,606.0,0.0,0.0,1.0
0000950103-25-001660,2025-02-06T01:59:22.000Z,1548760.0,S,300.0,0.0,0.0,1.0
0000950103-25-001660,2025-02-06T01:59:22.000Z,1548760.0,S,599.0,0.0,0.0,1.0
0000950103-25-001660,2025-02-06T01:59:22.000Z,1548760.0,S,578.0,0.0,0.0,1.0
0000950103-25-001660,2025-02-06T01:59:22.000Z,1548760.0,S,388.0,0.0,0.0,1.0
0000950103-25-001660,2025-02-06T01:59:22.000Z,1548760.0,S,261.0,0.0,0.0,1.0
0000950103-25-001660,2025-02-06T01:59:22.000Z,1548760.0,S,526.0,0.0,0.0,1.0
0000950103-25-001660,2025-02-06T01:59:22.000Z,1548760.0,S,502.0,0.0,0.0,1.0
0000950103-25-001660,2025-02-06T01:59:22.000Z,1548760.0,S,1128.0,0.0,0.0,1.0
0000950103-25-001660,2025-02-06T01:59:22.000Z,1548760.0,S,2641.0,0.0,0.0,1.0
0000950103-25-001660,2025-02-06T01:59:22.000Z,1548760.0,S,1759.0,0.0,0.0,1.0
0000950103-25-001660,2025-02-06T01:59:22.000Z,1548760.0,S,2598.0,0.0,0.0,1.0
0000950103-25-001660,2025-02-06T01:59:22.000Z,1548760.0,S,589.0,0.0,0.0,1.0
0000950103-25-001644,2025-02-05T23:22:10.000Z,1564475.0,S,413.0,676.0,279188.0,1.0
0000950103-25-001457,2025-02-03T23:37:04.000Z,1548760.0,S,392.0,0.0,0.0,1.0
0000950103-25-001457,2025-02-03T23:37:04.000Z,1548760.0,S,498.0,0.0,0.0,1.0
0000950103-25-001457,2025-02-03T23:37:04.000Z,1548760.0,S,1000.0,0.0,0.0,1.0
0000950103-25-001457,2025-02-03T23:37:04.000Z,1548760.0,S,779.0,0.0,0.0,1.0
0000950103-25-001457,2025-02-03T23:37:04.000Z,1548760.0,S,627.0,0.0,0.0,1.0
0000950103-25-001457,2025-02-03T23:37:04.000Z,1548760.0,S,400.0,0.0,0.0,1.0
0000950103-25-001457,2025-02-03T23:37:04.000Z,1548760.0,S,517.0,0.0,0.0,1.0
0000950103-25-001457,2025-02-03T23:37:04.000Z,1548760.0,S,600.0,0.0,0.0,1.0
0000950103-25-001457,2025-02-03T23:37:04.000Z,1548760.0,S,612.0,0.0,0.0,1.0
0000950103-25-001457,2025-02-03T23:37:04.000Z,1548760.0,S,688.0,0.0,0.0,1.0
0000950103-25-001457,2025-02-03T23:37:04.000Z,1548760.0,S,665.0,0.0,0.0,1.0
0000950103-25-001457,2025-02-03T23:37:04.000Z,1548760.0,S,1371.0,0.0,0.0,1.0
0000950103-25-001457,2025-02-03T23:37:04.000Z,1548760.0,S,1613.0,0.0,0.0,1.0
0000950103-25-001457,2025-02-03T23:37:04.000Z,1548760.0,S,1573.0,0.0,0.0,1.0
0000950103-25-001457,2025-02-03T23:37:04.000Z,1548760.0,S,780.0,0.0,0.0,1.0
0000950103-25-001457,2025-02-03T23:37:04.000Z,1548760.0,S,592.0,0.0,0.0,1.0
0000950103-25-001457,2025-02-03T23:37:04.000Z,1548760.0,S,172.0,0.0,0.0,1.0
0000950103-25-001457,2025-02-03T23:37:04.000Z,1548760.0,S,96.0,705.02,67681.92,1.0
0000950103-25-001455,2025-02-03T23:34:32.000Z,1548760.0,S,675.0,0.0,0.0,1.0
0000950103-25-001455,2025-02-03T23:34:32.000Z,1548760.0,S,734.0,0.0,0.0,1.0
0000950103-25-001455,2025-02-03T23:34:32.000Z,1548760.0,S,1762.0,0.0,0.0,1.0
0000950103-25-001455,2025-02-03T23:34:32.000Z,1548760.0,S,1474.0,0.0,0.0,1.0
0000950103-25-001455,2025-02-03T23:34:32.000Z,1548760.0,S,708.0,0.0,0.0,1.0
0000950103-25-001455,2025-02-03T23:34:32.000Z,1548760.0,S,517.0,0.0,0.0,1.0
0000950103-25-001455,2025-02-03T23:34:32.000Z,1548760.0,S,1111.0,0.0,0.0,1.0
0000950103-25-001455,2025-02-03T23:34:32.000Z,1548760.0,S,876.0,0.0,0.0,1.0
0000950103-25-001455,2025-02-03T23:34:32.000Z,1548760.0,S,1090.0,0.0,0.0,1.0
0000950103-25-001455,2025-02-03T23:34:32.000Z,1548760.0,S,834.0,0.0,0.0,1.0
0000950103-25-001455,2025-02-03T23:34:32.000Z,1548760.0,S,1111.0,0.0,0.0,1.0
0000950103-25-001455,2025-02-03T23:34:32.000Z,1548760.0,S,1709.0,0.0,0.0,1.0
0000950103-25-001455,2025-02-03T23:34:32.000Z,1548760.0,S,2623.0,0.0,0.0,1.0
0000950103-25-001455,2025-02-03T23:34:32.000Z,1548760.0,S,4922.0,0.0,0.0,1.0
0000950103-25-001455,2025-02-03T23:34:32.000Z,1548760.0,S,5839.0,0.0,0.0,1.0
0000950103-25-001455,2025-02-03T23:34:32.000Z,1548760.0,S,2790.0,0.0,0.0,1.0
0000950103-25-001455,2025-02-03T23:34:32.000Z,1548760.0,S,1593.0,0.0,0.0,1.0
0000950103-25-001455,2025-02-03T23:34:32.000Z,1548760.0,S,440.0,0.0,0.0,1.0
0000950103-25-001455,2025-02-03T23:34:32.000Z,1548760.0,S,100.0,704.93,70493.0,1.0
0000950103-25-001454,2025-02-03T23:34:04.000Z,1548760.0,S,96.0,676.7,64963.2,1.0
0000950103-25-001454,2025-02-03T23:34:04.000Z,1548760.0,S,99.0,0.0,0.0,1.0
0000950103-25-001454,2025-02-03T23:34:04.000Z,1548760.0,S,192.0,0.0,0.0,1.0
0000950103-25-001454,2025-02-03T23:34:04.000Z,1548760.0,S,265.0,0.0,0.0,1.0
0000950103-25-001454,2025-02-03T23:34:04.000Z,1548760.0,S,972.0,0.0,0.0,1.0
0000950103-25-001454,2025-02-03T23:34:04.000Z,1548760.0,S,1708.0,0.0,0.0,1.0
0000950103-25-001454,2025-02-03T23:34:04.000Z,1548760.0,S,1665.0,0.0,0.0,1.0
0000950103-25-001454,2025-02-03T23:34:04.000Z,1548760.0,S,1188.0,0.0,0.0,1.0
0000950103-25-001454,2025-02-03T23:34:04.000Z,1548760.0,S,1487.0,0.0,0.0,1.0
0000950103-25-001454,2025-02-03T23:34:04.000Z,1548760.0,S,397.0,0.0,0.0,1.0
0000950103-25-001454,2025-02-03T23:34:04.000Z,1548760.0,S,485.0,0.0,0.0,1.0
0000950103-25-001454,2025-02-03T23:34:04.000Z,1548760.0,S,254.0,0.0,0.0,1.0
0000950103-25-001454,2025-02-03T23:34:04.000Z,1548760.0,S,292.0,0.0,0.0,1.0
0000950103-25-001454,2025-02-03T23:34:04.000Z,1548760.0,S,192.0,0.0,0.0,1.0
0000950103-25-001454,2025-02-03T23:34:04.000Z,1548760.0,S,192.0,0.0,0.0,1.0
0000950103-25-001454,2025-02-03T23:34:04.000Z,1548760.0,S,366.0,0.0,0.0,1.0
0000950103-25-001454,2025-02-03T23:34:04.000Z,1548760.0,S,386.0,0.0,0.0,1.0
0000950103-25-001454,2025-02-03T23:34:04.000Z,1548760.0,S,801.0,0.0,0.0,1.0
0000950103-25-001454,2025-02-03T23:34:04.000Z,1548760.0,S,627.0,0.0,0.0,1.0
0000950103-25-001454,2025-02-03T23:34:04.000Z,1548760.0,S,488.0,0.0,0.0,1.0
0000950103-25-001454,2025-02-03T23:34:04.000Z,1548760.0,S,527.0,0.0,0.0,1.0
0000950103-25-001454,2025-02-03T23:34:04.000Z,1548760.0,S,100.0,708.0,70800.0,1.0
0000950103-25-001454,2025-02-03T23:34:04.000Z,1548760.0,S,196.0,0.0,0.0,1.0
0000950103-25-001452,2025-02-03T23:31:28.000Z,1548760.0,S,100.0,677.98,67798.0,1.0
0000950103-25-001452,2025-02-03T23:31:28.000Z,1548760.0,S,380.0,0.0,0.0,1.0
0000950103-25-001452,2025-02-03T23:31:28.000Z,1548760.0,S,300.0,0.0,0.0,1.0
0000950103-25-001452,2025-02-03T23:31:28.000Z,1548760.0,S,100.0,683.33,68333.0,1.0
0000950103-25-001452,2025-02-03T23:31:28.000Z,1548760.0,S,290.0,0.0,0.0,1.0
0000950103-25-001452,2025-02-03T23:31:28.000Z,1548760.0,S,980.0,0.0,0.0,1.0
0000950103-25-001452,2025-02-03T23:31:28.000Z,1548760.0,S,2807.0,0.0,0.0,1.0
0000950103-25-001452,2025-02-03T23:31:28.000Z,1548760.0,S,3099.0,0.0,0.0,1.0
0000950103-25-001452,2025-02-03T23:31:28.000Z,1548760.0,S,2154.0,0.0,0.0,1.0
0000950103-25-001452,2025-02-03T23:31:28.000Z,1548760.0,S,2714.0,0.0,0.0,1.0
0000950103-25-001452,2025-02-03T23:31:28.000Z,1548760.0,S,1194.0,0.0,0.0,1.0
0000950103-25-001452,2025-02-03T23:31:28.000Z,1548760.0,S,806.0,0.0,0.0,1.0
0000950103-25-001452,2025-02-03T23:31:28.000Z,1548760.0,S,1022.0,0.0,0.0,1.0
0000950103-25-001452,2025-02-03T23:31:28.000Z,1548760.0,S,100.0,693.56,69356.0,1.0
0000950103-25-001452,2025-02-03T23:31:28.000Z,1548760.0,S,409.0,0.0,0.0,1.0
0000950103-25-001452,2025-02-03T23:31:28.000Z,1548760.0,S,190.0,0.0,0.0,1.0
0000950103-25-001452,2025-02-03T23:31:28.000Z,1548760.0,S,100.0,698.0,69800.0,1.0
0000950103-25-001452,2025-02-03T23:31:28.000Z,1548760.0,S,920.0,0.0,0.0,1.0
0000950103-25-001452,2025-02-03T23:31:28.000Z,1548760.0,S,1750.0,0.0,0.0,1.0
0000950103-25-001452,2025-02-03T23:31:28.000Z,1548760.0,S,1728.0,0.0,0.0,1.0
0000950103-25-001452,2025-02-03T23:31:28.000Z,1548760.0,S,1439.0,0.0,0.0,1.0
0000950103-25-001452,2025-02-03T23:31:28.000Z,1548760.0,S,2128.0,0.0,0.0,1.0
0000950103-25-001452,2025-02-03T23:31:28.000Z,1548760.0,S,1360.0,0.0,0.0,1.0
0000950103-25-001452,2025-02-03T23:31:28.000Z,1548760.0,S,1275.0,0.0,0.0,1.0
0000950103-25-001452,2025-02-03T23:31:28.000Z,1548760.0,S,899.0,0.0,0.0,1.0
0000950103-25-001452,2025-02-03T23:31:28.000Z,1548760.0,S,305.0,0.0,0.0,1.0
0000950103-25-001200,2025-01-30T23:08:51.000Z,1780525.0,S,905.0,666.0,602730.0,1.0
0000950103-25-001077,2025-01-30T01:33:22.000Z,1548760.0,S,400.0,0.0,0.0,1.0
0000950103-25-001077,2025-01-30T01:33:22.000Z,1548760.0,S,723.0,0.0,0.0,1.0
0000950103-25-001077,2025-01-30T01:33:22.000Z,1548760.0,S,1150.0,0.0,0.0,1.0
0000950103-25-001077,2025-01-30T01:33:22.000Z,1548760.0,S,1162.0,0.0,0.0,1.0
0000950103-25-001077,2025-01-30T01:33:22.000Z,1548760.0,S,2708.0,0.0,0.0,1.0
0000950103-25-001077,2025-01-30T01:33:22.000Z,1548760.0,S,2921.0,0.0,0.0,1.0
0000950103-25-001077,2025-01-30T01:33:22.000Z,1548760.0,S,3706.0,0.0,0.0,1.0
0000950103-25-001077,2025-01-30T01:33:22.000Z,1548760.0,S,2638.0,0.0,0.0,1.0
0000950103-25-001077,2025-01-30T01:33:22.000Z,1548760.0,S,1341.0,0.0,0.0,1.0
0000950103-25-001077,2025-01-30T01:33:22.000Z,1548760.0,S,1128.0,0.0,0.0,1.0
0000950103-25-001077,2025-01-30T01:33:22.000Z,1548760.0,S,2675.0,0.0,0.0,1.0
0000950103-25-001077,2025-01-30T01:33:22.000Z,1548760.0,S,904.0,0.0,0.0,1.0
0000950103-25-001077,2025-01-30T01:33:22.000Z,1548760.0,S,1071.0,0.0,0.0,1.0
0000950103-25-001077,2025-01-30T01:33:22.000Z,1548760.0,S,419.0,0.0,0.0,1.0
0000950103-25-001077,2025-01-30T01:33:22.000Z,1548760.0,S,292.0,0.0,0.0,1.0
0000950103-25-001077,2025-01-30T01:33:22.000Z,1548760.0,S,328.0,0.0,0.0,1.0
0000950103-25-001077,2025-01-30T01:33:22.000Z,1548760.0,S,618.0,0.0,0.0,1.0
0000950103-25-001077,2025-01-30T01:33:22.000Z,1548760.0,S,966.0,0.0,0.0,1.0
0000950103-25-001077,2025-01-30T01:33:22.000Z,1548760.0,S,1831.0,0.0,0.0,1.0
0000950103-25-001077,2025-01-30T01:33:22.000Z,1548760.0,S,1562.0,0.0,0.0,1.0
0000950103-25-001077,2025-01-30T01:33:22.000Z,1548760.0,S,2362.0,0.0,0.0,1.0
0000950103-25-001077,2025-01-30T01:33:22.000Z,1548760.0,S,1194.0,0.0,0.0,1.0
0000950103-25-001077,2025-01-30T01:33:22.000Z,1548760.0,S,718.0,0.0,0.0,1.0
0000950103-25-001077,2025-01-30T01:33:22.000Z,1548760.0,S,995.0,0.0,0.0,1.0
0000950103-25-001077,2025-01-30T01:33:22.000Z,1548760.0,S,984.0,0.0,0.0,1.0
0000950103-25-001077,2025-01-30T01:33:22.000Z,1548760.0,S,584.0,0.0,0.0,1.0
0000950103-25-001077,2025-01-30T01:33:22.000Z,1548760.0,S,541.0,0.0,0.0,1.0
0000950103-25-001076,2025-01-30T01:31:33.000Z,1548760.0,S,192.0,0.0,0.0,1.0
0000950103-25-001076,2025-01-30T01:31:33.000Z,1548760.0,S,296.0,0.0,0.0,1.0
0000950103-25-001076,2025-01-30T01:31:33.000Z,1548760.0,S,513.0,0.0,0.0,1.0
0000950103-25-001076,2025-01-30T01:31:33.000Z,1548760.0,S,832.0,0.0,0.0,1.0
0000950103-25-001076,2025-01-30T01:31:33.000Z,1548760.0,S,502.0,0.0,0.0,1.0
0000950103-25-001076,2025-01-30T01:31:33.000Z,1548760.0,S,594.0,0.0,0.0,1.0
0000950103-25-001076,2025-01-30T01:31:33.000Z,1548760.0,S,592.0,0.0,0.0,1.0
0000950103-25-001076,2025-01-30T01:31:33.000Z,1548760.0,S,789.0,0.0,0.0,1.0
0000950103-25-001076,2025-01-30T01:31:33.000Z,1548760.0,S,684.0,0.0,0.0,1.0
0000950103-25-001076,2025-01-30T01:31:33.000Z,1548760.0,S,566.0,0.0,0.0,1.0
0000950103-25-001076,2025-01-30T01:31:33.000Z,1548760.0,S,1315.0,0.0,0.0,1.0
0000950103-25-001076,2025-01-30T01:31:33.000Z,1548760.0,S,492.0,0.0,0.0,1.0
0000950103-25-001076,2025-01-30T01:31:33.000Z,1548760.0,S,796.0,0.0,0.0,1.0
0000950103-25-001076,2025-01-30T01:31:33.000Z,1548760.0,S,1588.0,0.0,0.0,1.0
0000950103-25-001076,2025-01-30T01:31:33.000Z,1548760.0,S,1193.0,0.0,0.0,1.0
0000950103-25-001076,2025-01-30T01:31:33.000Z,1548760.0,S,771.0,0.0,0.0,1.0
0000950103-25-001076,2025-01-30T01:31:33.000Z,1548760.0,S,964.0,0.0,0.0,1.0
0000950103-25-001076,2025-01-30T01:31:33.000Z,1548760.0,S,296.0,0.0,0.0,1.0
0000950103-25-001075,2025-01-30T01:29:50.000Z,1548760.0,S,200.0,0.0,0.0,1.0
0000950103-25-001075,2025-01-30T01:29:50.000Z,1548760.0,S,603.0,0.0,0.0,1.0
0000950103-25-001075,2025-01-30T01:29:50.000Z,1548760.0,S,836.0,0.0,0.0,1.0
0000950103-25-001075,2025-01-30T01:29:50.000Z,1548760.0,S,1353.0,0.0,0.0,1.0
0000950103-25-001075,2025-01-30T01:29:50.000Z,1548760.0,S,898.0,0.0,0.0,1.0
0000950103-25-001075,2025-01-30T01:29:50.000Z,1548760.0,S,1003.0,0.0,0.0,1.0
0000950103-25-001075,2025-01-30T01:29:50.000Z,1548760.0,S,1373.0,0.0,0.0,1.0
0000950103-25-001075,2025-01-30T01:29:50.000Z,1548760.0,S,878.0,0.0,0.0,1.0
0000950103-25-001075,2025-01-30T01:29:50.000Z,1548760.0,S,1358.0,0.0,0.0,1.0
0000950103-25-001075,2025-01-30T01:29:50.000Z,1548760.0,S,1170.0,0.0,0.0,1.0
0000950103-25-001075,2025-01-30T01:29:50.000Z,1548760.0,S,1380.0,0.0,0.0,1.0
0000950103-25-001075,2025-01-30T01:29:50.000Z,1548760.0,S,1683.0,0.0,0.0,1.0
0000950103-25-001075,2025-01-30T01:29:50.000Z,1548760.0,S,400.0,0.0,0.0,1.0
0000950103-25-001075,2025-01-30T01:29:50.000Z,1548760.0,S,1031.0,0.0,0.0,1.0
0000950103-25-001075,2025-01-30T01:29:50.000Z,1548760.0,S,3236.0,0.0,0.0,1.0
0000950103-25-001075,2025-01-30T01:29:50.000Z,1548760.0,S,2342.0,0.0,0.0,1.0
0000950103-25-001075,2025-01-30T01:29:50.000Z,1548760.0,S,1187.0,0.0,0.0,1.0
0000950103-25-001075,2025-01-30T01:29:50.000Z,1548760.0,S,1625.0,0.0,0.0,1.0
0000950103-25-001075,2025-01-30T01:29:50.000Z,1548760.0,S,390.0,0.0,0.0,1.0
0000950103-25-001074,2025-01-30T01:29:18.000Z,1548760.0,S,52.0,625.54,32528.08,1.0
0000950103-25-001074,2025-01-30T01:29:18.000Z,1548760.0,S,280.0,0.0,0.0,1.0
0000950103-25-001074,2025-01-30T01:29:18.000Z,1548760.0,S,180.0,0.0,0.0,1.0
0000950103-25-001074,2025-01-30T01:29:18.000Z,1548760.0,S,470.0,0.0,0.0,1.0
0000950103-25-001074,2025-01-30T01:29:18.000Z,1548760.0,S,898.0,0.0,0.0,1.0
0000950103-25-001074,2025-01-30T01:29:18.000Z,1548760.0,S,493.0,0.0,0.0,1.0
0000950103-25-001074,2025-01-30T01:29:18.000Z,1548760.0,S,586.0,0.0,0.0,1.0
0000950103-25-001074,2025-01-30T01:29:18.000Z,1548760.0,S,200.0,0.0,0.0,1.0
0000950103-25-001074,2025-01-30T01:29:18.000Z,1548760.0,S,655.0,0.0,0.0,1.0
0000950103-25-001074,2025-01-30T01:29:18.000Z,1548760.0,S,780.0,0.0,0.0,1.0
0000950103-25-001074,2025-01-30T01:29:18.000Z,1548760.0,S,326.0,0.0,0.0,1.0
0000950103-25-001074,2025-01-30T01:29:18.000Z,1548760.0,S,270.0,0.0,0.0,1.0
0000950103-25-001074,2025-01-30T01:29:18.000Z,1548760.0,S,490.0,0.0,0.0,1.0
0000950103-25-001074,2025-01-30T01:29:18.000Z,1548760.0,S,290.0,0.0,0.0,1.0
0000950103-25-001074,2025-01-30T01:29:18.000Z,1548760.0,S,513.0,0.0,0.0,1.0
0000950103-25-001074,2025-01-30T01:29:18.000Z,1548760.0,S,500.0,0.0,0.0,1.0
0000950103-25-001074,2025-01-30T01:29:18.000Z,1548760.0,S,684.0,0.0,0.0,1.0
0000950103-25-001074,2025-01-30T01:29:18.000Z,1548760.0,S,808.0,0.0,0.0,1.0
0000950103-25-001074,2025-01-30T01:29:18.000Z,1548760.0,S,1731.0,0.0,0.0,1.0
0000950103-25-001074,2025-01-30T01:29:18.000Z,1548760.0,S,2018.0,0.0,0.0,1.0
0000950103-25-001074,2025-01-30T01:29:18.000Z,1548760.0,S,1515.0,0.0,0.0,1.0
0000950103-25-001074,2025-01-30T01:29:18.000Z,1548760.0,S,1835.0,0.0,0.0,1.0
0000950103-25-001074,2025-01-30T01:29:18.000Z,1548760.0,S,1297.0,0.0,0.0,1.0
0000950103-25-001074,2025-01-30T01:29:18.000Z,1548760.0,S,848.0,0.0,0.0,1.0
0000950103-25-001074,2025-01-30T01:29:18.000Z,1548760.0,S,700.0,0.0,0.0,1.0
0000950103-25-001074,2025-01-30T01:29:18.000Z,1548760.0,S,860.0,0.0,0.0,1.0
0000950103-25-001074,2025-01-30T01:29:18.000Z,1548760.0,S,890.0,0.0,0.0,1.0
0000950103-25-001074,2025-01-30T01:29:18.000Z,1548760.0,S,1772.0,0.0,0.0,1.0
0000950103-25-001074,2025-01-30T01:29:18.000Z,1548760.0,S,425.0,0.0,0.0,1.0
0000950103-25-001073,2025-01-30T01:21:24.000Z,1548760.0,S,300.0,0.0,0.0,1.0
0000950103-25-001073,2025-01-30T01:21:24.000Z,1548760.0,S,280.0,0.0,0.0,1.0
0000950103-25-001073,2025-01-30T01:21:24.000Z,1548760.0,S,180.0,0.0,0.0,1.0
0000950103-25-001073,2025-01-30T01:21:24.000Z,1548760.0,S,200.0,0.0,0.0,1.0
0000950103-25-001073,2025-01-30T01:21:24.000Z,1548760.0,S,208.0,0.0,0.0,1.0
0000950103-25-001073,2025-01-30T01:21:24.000Z,1548760.0,S,589.0,0.0,0.0,1.0
0000950103-25-001073,2025-01-30T01:21:24.000Z,1548760.0,S,496.0,0.0,0.0,1.0
0000950103-25-001073,2025-01-30T01:21:24.000Z,1548760.0,S,100.0,635.53,63553.0,1.0
0000950103-25-001073,2025-01-30T01:21:24.000Z,1548760.0,S,100.0,636.54,63654.0,1.0
0000950103-25-001073,2025-01-30T01:21:24.000Z,1548760.0,S,560.0,0.0,0.0,1.0
0000950103-25-001073,2025-01-30T01:21:24.000Z,1548760.0,S,292.0,0.0,0.0,1.0
0000950103-25-001073,2025-01-30T01:21:24.000Z,1548760.0,S,96.0,640.45,61483.2,1.0
0000950103-25-001073,2025-01-30T01:21:24.000Z,1548760.0,S,552.0,0.0,0.0,1.0
0000950103-25-001073,2025-01-30T01:21:24.000Z,1548760.0,S,255.0,0.0,0.0,1.0
0000950103-25-001073,2025-01-30T01:21:24.000Z,1548760.0,S,196.0,0.0,0.0,1.0
0000950103-25-001073,2025-01-30T01:21:24.000Z,1548760.0,S,492.0,0.0,0.0,1.0
0000950103-25-001073,2025-01-30T01:21:24.000Z,1548760.0,S,973.0,0.0,0.0,1.0
0000950103-25-001073,2025-01-30T01:21:24.000Z,1548760.0,S,1217.0,0.0,0.0,1.0
0000950103-25-001073,2025-01-30T01:21:24.000Z,1548760.0,S,1082.0,0.0,0.0,1.0
0000950103-25-001073,2025-01-30T01:21:24.000Z,1548760.0,S,894.0,0.0,0.0,1.0
0000950103-25-001073,2025-01-30T01:21:24.000Z,1548760.0,S,794.0,0.0,0.0,1.0
0000950103-25-001073,2025-01-30T01:21:24.000Z,1548760.0,S,392.0,0.0,0.0,1.0
0000950103-25-001073,2025-01-30T01:21:24.000Z,1548760.0,S,759.0,0.0,0.0,1.0
0000950103-25-001073,2025-01-30T01:21:24.000Z,1548760.0,S,592.0,0.0,0.0,1.0
0000950103-25-001073,2025-01-30T01:21:24.000Z,1548760.0,S,592.0,0.0,0.0,1.0
0000950103-25-001073,2025-01-30T01:21:24.000Z,1548760.0,S,907.0,0.0,0.0,1.0
0000950103-25-001073,2025-01-30T01:21:24.000Z,1548760.0,S,149.0,0.0,0.0,1.0
0000950103-25-001073,2025-01-30T01:21:24.000Z,1548760.0,S,231.0,0.0,0.0,1.0
0000950103-25-001073,2025-01-30T01:21:24.000Z,1548760.0,S,77.0,0.0,0.0,1.0
0000950103-25-001067,2025-01-29T23:22:02.000Z,1736236.0,S,773.0,627.59,485127.07,1.0
0000950103-25-001066,2025-01-29T23:21:21.000Z,1564475.0,S,413.0,627.59,259194.67,1.0
0000950103-25-000930,2025-01-27T23:21:50.000Z,1548760.0,S,300.0,0.0,0.0,1.0
0000950103-25-000930,2025-01-27T23:21:50.000Z,1548760.0,S,190.0,0.0,0.0,1.0
0000950103-25-000930,2025-01-27T23:21:50.000Z,1548760.0,S,90.0,638.62,57475.8,1.0
0000950103-25-000930,2025-01-27T23:21:50.000Z,1548760.0,S,1622.0,0.0,0.0,1.0
0000950103-25-000930,2025-01-27T23:21:50.000Z,1548760.0,S,2731.0,0.0,0.0,1.0
0000950103-25-000930,2025-01-27T23:21:50.000Z,1548760.0,S,2070.0,0.0,0.0,1.0
0000950103-25-000930,2025-01-27T23:21:50.000Z,1548760.0,S,1589.0,0.0,0.0,1.0
0000950103-25-000930,2025-01-27T23:21:50.000Z,1548760.0,S,3816.0,0.0,0.0,1.0
0000950103-25-000930,2025-01-27T23:21:50.000Z,1548760.0,S,4455.0,0.0,0.0,1.0
0000950103-25-000930,2025-01-27T23:21:50.000Z,1548760.0,S,2474.0,0.0,0.0,1.0
0000950103-25-000930,2025-01-27T23:21:50.000Z,1548760.0,S,1449.0,0.0,0.0,1.0
0000950103-25-000930,2025-01-27T23:21:50.000Z,1548760.0,S,1071.0,0.0,0.0,1.0
0000950103-25-000930,2025-01-27T23:21:50.000Z,1548760.0,S,699.0,0.0,0.0,1.0
0000950103-25-000930,2025-01-27T23:21:50.000Z,1548760.0,S,390.0,0.0,0.0,1.0
0000950103-25-000930,2025-01-27T23:21:50.000Z,1548760.0,S,192.0,0.0,0.0,1.0
0000950103-25-000930,2025-01-27T23:21:50.000Z,1548760.0,S,96.0,637.23,61174.08,1.0
0000950103-25-000930,2025-01-27T23:21:50.000Z,1548760.0,S,304.0,0.0,0.0,1.0
0000950103-25-000930,2025-01-27T23:21:50.000Z,1548760.0,S,1272.0,0.0,0.0,1.0
0000950103-25-000930,2025-01-27T23:21:50.000Z,1548760.0,S,1770.0,0.0,0.0,1.0
0000950103-25-000930,2025-01-27T23:21:50.000Z,1548760.0,S,820.0,0.0,0.0,1.0
0000950103-25-000930,2025-01-27T23:21:50.000Z,1548760.0,S,1154.0,0.0,0.0,1.0
0000950103-25-000930,2025-01-27T23:21:50.000Z,1548760.0,S,2772.0,0.0,0.0,1.0
0000950103-25-000930,2025-01-27T23:21:50.000Z,1548760.0,S,2105.0,0.0,0.0,1.0
0000950103-25-000930,2025-01-27T23:21:50.000Z,1548760.0,S,1135.0,0.0,0.0,1.0
0000950103-25-000930,2025-01-27T23:21:50.000Z,1548760.0,S,138.0,0.0,0.0,1.0
0000950103-25-000930,2025-01-27T23:21:50.000Z,1548760.0,S,704.0,0.0,0.0,1.0
0000950103-25-000930,2025-01-27T23:21:50.000Z,1548760.0,S,513.0,0.0,0.0,1.0
0000950103-25-000929,2025-01-27T23:18:55.000Z,1548760.0,S,100.0,621.83,62183.00000000001,1.0
0000950103-25-000929,2025-01-27T23:18:55.000Z,1548760.0,S,700.0,0.0,0.0,1.0
0000950103-25-000929,2025-01-27T23:18:55.000Z,1548760.0,S,3143.0,0.0,0.0,1.0
0000950103-25-000929,2025-01-27T23:18:55.000Z,1548760.0,S,2022.0,0.0,0.0,1.0
0000950103-25-000929,2025-01-27T23:18:55.000Z,1548760.0,S,2087.0,0.0,0.0,1.0
0000950103-25-000929,2025-01-27T23:18:55.000Z,1548760.0,S,2310.0,0.0,0.0,1.0
0000950103-25-000929,2025-01-27T23:18:55.000Z,1548760.0,S,2953.0,0.0,0.0,1.0
0000950103-25-000929,2025-01-27T23:18:55.000Z,1548760.0,S,2610.0,0.0,0.0,1.0
0000950103-25-000929,2025-01-27T23:18:55.000Z,1548760.0,S,2410.0,0.0,0.0,1.0
0000950103-25-000929,2025-01-27T23:18:55.000Z,1548760.0,S,2675.0,0.0,0.0,1.0
0000950103-25-000929,2025-01-27T23:18:55.000Z,1548760.0,S,590.0,0.0,0.0,1.0
0000950103-25-000929,2025-01-27T23:18:55.000Z,1548760.0,S,470.0,0.0,0.0,1.0
0000950103-25-000929,2025-01-27T23:18:55.000Z,1548760.0,S,876.0,0.0,0.0,1.0
0000950103-25-000929,2025-01-27T23:18:55.000Z,1548760.0,S,96.0,621.735,59686.56,1.0
0000950103-25-000929,2025-01-27T23:18:55.000Z,1548760.0,S,292.0,0.0,0.0,1.0
0000950103-25-000929,2025-01-27T23:18:55.000Z,1548760.0,S,1397.0,0.0,0.0,1.0
0000950103-25-000929,2025-01-27T23:18:55.000Z,1548760.0,S,1460.0,0.0,0.0,1.0
0000950103-25-000929,2025-01-27T23:18:55.000Z,1548760.0,S,749.0,0.0,0.0,1.0
0000950103-25-000929,2025-01-27T23:18:55.000Z,1548760.0,S,699.0,0.0,0.0,1.0
0000950103-25-000929,2025-01-27T23:18:55.000Z,1548760.0,S,1998.0,0.0,0.0,1.0
0000950103-25-000929,2025-01-27T23:18:55.000Z,1548760.0,S,1839.0,0.0,0.0,1.0
0000950103-25-000929,2025-01-27T23:18:55.000Z,1548760.0,S,1182.0,0.0,0.0,1.0
0000950103-25-000929,2025-01-27T23:18:55.000Z,1548760.0,S,1572.0,0.0,0.0,1.0
0000950103-25-000929,2025-01-27T23:18:55.000Z,1548760.0,S,901.0,0.0,0.0,1.0
0000950103-25-000929,2025-01-27T23:18:55.000Z,1548760.0,S,196.0,0.0,0.0,1.0
0000950103-25-000929,2025-01-27T23:18:55.000Z,1548760.0,S,522.0,0.0,0.0,1.0
0000950103-25-000929,2025-01-27T23:18:55.000Z,1548760.0,S,72.0,0.0,0.0,1.0
0000950103-25-000840,2025-01-23T23:36:52.000Z,1564475.0,S,413.0,618.0,255234.0,1.0
0000950103-25-000839,2025-01-23T23:34:21.000Z,1780525.0,S,905.0,618.0,559290.0,1.0
0000950103-25-000779,2025-01-23T01:51:47.000Z,1548760.0,S,1060.0,0.0,0.0,1.0
0000950103-25-000779,2025-01-23T01:51:47.000Z,1548760.0,S,1977.0,0.0,0.0,1.0
0000950103-25-000779,2025-01-23T01:51:47.000Z,1548760.0,S,1860.0,0.0,0.0,1.0
0000950103-25-000779,2025-01-23T01:51:47.000Z,1548760.0,S,816.0,0.0,0.0,1.0
0000950103-25-000779,2025-01-23T01:51:47.000Z,1548760.0,S,1685.0,0.0,0.0,1.0
0000950103-25-000779,2025-01-23T01:51:47.000Z,1548760.0,S,4066.0,0.0,0.0,1.0
0000950103-25-000779,2025-01-23T01:51:47.000Z,1548760.0,S,3672.0,0.0,0.0,1.0
0000950103-25-000779,2025-01-23T01:51:47.000Z,1548760.0,S,2812.0,0.0,0.0,1.0
0000950103-25-000779,2025-01-23T01:51:47.000Z,1548760.0,S,827.0,0.0,0.0,1.0
0000950103-25-000779,2025-01-23T01:51:47.000Z,1548760.0,S,1615.0,0.0,0.0,1.0
0000950103-25-000779,2025-01-23T01:51:47.000Z,1548760.0,S,1281.0,0.0,0.0,1.0
0000950103-25-000779,2025-01-23T01:51:47.000Z,1548760.0,S,1185.0,0.0,0.0,1.0
0000950103-25-000779,2025-01-23T01:51:47.000Z,1548760.0,S,90.0,633.39,57005.1,1.0
0000950103-25-000779,2025-01-23T01:51:47.000Z,1548760.0,S,1489.0,0.0,0.0,1.0
0000950103-25-000779,2025-01-23T01:51:47.000Z,1548760.0,S,914.0,0.0,0.0,1.0
0000950103-25-000779,2025-01-23T01:51:47.000Z,1548760.0,S,748.0,0.0,0.0,1.0
0000950103-25-000779,2025-01-23T01:51:47.000Z,1548760.0,S,942.0,0.0,0.0,1.0
0000950103-25-000779,2025-01-23T01:51:47.000Z,1548760.0,S,2681.0,0.0,0.0,1.0
0000950103-25-000779,2025-01-23T01:51:47.000Z,1548760.0,S,1612.0,0.0,0.0,1.0
0000950103-25-000779,2025-01-23T01:51:47.000Z,1548760.0,S,1949.0,0.0,0.0,1.0
0000950103-25-000779,2025-01-23T01:51:47.000Z,1548760.0,S,496.0,0.0,0.0,1.0
0000950103-25-000779,2025-01-23T01:51:47.000Z,1548760.0,S,982.0,0.0,0.0,1.0
0000950103-25-000779,2025-01-23T01:51:47.000Z,1548760.0,S,576.0,0.0,0.0,1.0
0000950103-25-000779,2025-01-23T01:51:47.000Z,1548760.0,S,586.0,0.0,0.0,1.0
0000950103-25-000778,2025-01-23T01:49:16.000Z,1548760.0,S,490.0,0.0,0.0,1.0
0000950103-25-000778,2025-01-23T01:49:16.000Z,1548760.0,S,870.0,0.0,0.0,1.0
0000950103-25-000778,2025-01-23T01:49:16.000Z,1548760.0,S,759.0,0.0,0.0,1.0
0000950103-25-000778,2025-01-23T01:49:16.000Z,1548760.0,S,3216.0,0.0,0.0,1.0
0000950103-25-000778,2025-01-23T01:49:16.000Z,1548760.0,S,2065.0,0.0,0.0,1.0
0000950103-25-000778,2025-01-23T01:49:16.000Z,1548760.0,S,3930.0,0.0,0.0,1.0
0000950103-25-000778,2025-01-23T01:49:16.000Z,1548760.0,S,4625.0,0.0,0.0,1.0
0000950103-25-000778,2025-01-23T01:49:16.000Z,1548760.0,S,4626.0,0.0,0.0,1.0
0000950103-25-000778,2025-01-23T01:49:16.000Z,1548760.0,S,1975.0,0.0,0.0,1.0
0000950103-25-000778,2025-01-23T01:49:16.000Z,1548760.0,S,290.0,0.0,0.0,1.0
0000950103-25-000778,2025-01-23T01:49:16.000Z,1548760.0,S,100.0,621.01,62101.0,1.0
0000950103-25-000778,2025-01-23T01:49:16.000Z,1548760.0,S,96.0,609.58,58519.68000000001,1.0
0000950103-25-000778,2025-01-23T01:49:16.000Z,1548760.0,S,394.0,0.0,0.0,1.0
0000950103-25-000778,2025-01-23T01:49:16.000Z,1548760.0,S,612.0,0.0,0.0,1.0
0000950103-25-000778,2025-01-23T01:49:16.000Z,1548760.0,S,1688.0,0.0,0.0,1.0
0000950103-25-000778,2025-01-23T01:49:16.000Z,1548760.0,S,982.0,0.0,0.0,1.0
0000950103-25-000778,2025-01-23T01:49:16.000Z,1548760.0,S,2188.0,0.0,0.0,1.0
0000950103-25-000778,2025-01-23T01:49:16.000Z,1548760.0,S,2581.0,0.0,0.0,1.0
0000950103-25-000778,2025-01-23T01:49:16.000Z,1548760.0,S,2990.0,0.0,0.0,1.0
0000950103-25-000778,2025-01-23T01:49:16.000Z,1548760.0,S,1160.0,0.0,0.0,1.0
0000950103-25-000778,2025-01-23T01:49:16.000Z,1548760.0,S,200.0,0.0,0.0,1.0
0000950103-25-000778,2025-01-23T01:49:16.000Z,1548760.0,S,84.0,621.0,52164.0,1.0
0000950103-25-000729,2025-01-21T23:19:00.000Z,1548760.0,S,100.0,603.85,60385.0,1.0
0000950103-25-000729,2025-01-21T23:19:00.000Z,1548760.0,S,200.0,0.0,0.0,1.0
0000950103-25-000729,2025-01-21T23:19:00.000Z,1548760.0,S,100.0,606.165,60616.5,1.0
0000950103-25-000729,2025-01-21T23:19:00.000Z,1548760.0,S,593.0,0.0,0.0,1.0
0000950103-25-000729,2025-01-21T23:19:00.000Z,1548760.0,S,1016.0,0.0,0.0,1.0
0000950103-25-000729,2025-01-21T23:19:00.000Z,1548760.0,S,390.0,0.0,0.0,1.0
0000950103-25-000729,2025-01-21T23:19:00.000Z,1548760.0,S,812.0,0.0,0.0,1.0
0000950103-25-000729,2025-01-21T23:19:00.000Z,1548760.0,S,2418.0,0.0,0.0,1.0
0000950103-25-000729,2025-01-21T23:19:00.000Z,1548760.0,S,7155.0,0.0,0.0,1.0
0000950103-25-000729,2025-01-21T23:19:00.000Z,1548760.0,S,4556.0,0.0,0.0,1.0
0000950103-25-000729,2025-01-21T23:19:00.000Z,1548760.0,S,2568.0,0.0,0.0,1.0
0000950103-25-000729,2025-01-21T23:19:00.000Z,1548760.0,S,903.0,0.0,0.0,1.0
0000950103-25-000729,2025-01-21T23:19:00.000Z,1548760.0,S,680.0,0.0,0.0,1.0
0000950103-25-000729,2025-01-21T23:19:00.000Z,1548760.0,S,780.0,0.0,0.0,1.0
0000950103-25-000729,2025-01-21T23:19:00.000Z,1548760.0,S,375.0,0.0,0.0,1.0
0000950103-25-000729,2025-01-21T23:19:00.000Z,1548760.0,S,300.0,0.0,0.0,1.0
0000950103-25-000729,2025-01-21T23:19:00.000Z,1548760.0,S,100.0,604.99,60499.0,1.0
0000950103-25-000729,2025-01-21T23:19:00.000Z,1548760.0,S,496.0,0.0,0.0,1.0
0000950103-25-000729,2025-01-21T23:19:00.000Z,1548760.0,S,595.0,0.0,0.0,1.0
0000950103-25-000729,2025-01-21T23:19:00.000Z,1548760.0,S,200.0,610.12,122024.0,1.0
0000950103-25-000729,2025-01-21T23:19:00.000Z,1548760.0,S,697.0,0.0,0.0,1.0
0000950103-25-000729,2025-01-21T23:19:00.000Z,1548760.0,S,1651.0,0.0,0.0,1.0
0000950103-25-000729,2025-01-21T23:19:00.000Z,1548760.0,S,4321.0,0.0,0.0,1.0
0000950103-25-000729,2025-01-21T23:19:00.000Z,1548760.0,S,1895.0,0.0,0.0,1.0
0000950103-25-000729,2025-01-21T23:19:00.000Z,1548760.0,S,1623.0,0.0,0.0,1.0
0000950103-25-000729,2025-01-21T23:19:00.000Z,1548760.0,S,281.0,0.0,0.0,1.0
0000950103-25-000729,2025-01-21T23:19:00.000Z,1548760.0,S,592.0,0.0,0.0,1.0
0000950103-25-000729,2025-01-21T23:19:00.000Z,1548760.0,S,332.0,0.0,0.0,1.0
0000950103-25-000729,2025-01-21T23:19:00.000Z,1548760.0,S,192.0,0.0,0.0,1.0
0000950103-25-000728,2025-01-21T23:17:48.000Z,1548760.0,S,1521.0,0.0,0.0,1.0
0000950103-25-000728,2025-01-21T23:17:48.000Z,1548760.0,S,5424.0,0.0,0.0,1.0
0000950103-25-000728,2025-01-21T23:17:48.000Z,1548760.0,S,5230.0,0.0,0.0,1.0
0000950103-25-000728,2025-01-21T23:17:48.000Z,1548760.0,S,5237.0,0.0,0.0,1.0
0000950103-25-000728,2025-01-21T23:17:48.000Z,1548760.0,S,4239.0,0.0,0.0,1.0
0000950103-25-000728,2025-01-21T23:17:48.000Z,1548760.0,S,1295.0,0.0,0.0,1.0
0000950103-25-000728,2025-01-21T23:17:48.000Z,1548760.0,S,797.0,0.0,0.0,1.0
0000950103-25-000728,2025-01-21T23:17:48.000Z,1548760.0,S,3394.0,0.0,0.0,1.0
0000950103-25-000728,2025-01-21T23:17:48.000Z,1548760.0,S,2760.0,0.0,0.0,1.0
0000950103-25-000728,2025-01-21T23:17:48.000Z,1548760.0,S,3042.0,0.0,0.0,1.0
0000950103-25-000728,2025-01-21T23:17:48.000Z,1548760.0,S,2250.0,0.0,0.0,1.0
0000950103-25-000728,2025-01-21T23:17:48.000Z,1548760.0,S,732.0,0.0,0.0,1.0
0000950103-25-000664,2025-01-17T23:46:33.000Z,,-,,,,
0000950103-25-000663,2025-01-17T23:44:45.000Z,,-,,,,
0000950103-25-000662,2025-01-17T23:40:52.000Z,,-,,,,
0000950103-25-000606,2025-01-16T23:16:46.000Z,1780525.0,S,905.0,604.54,547108.7,1.0
0000950103-25-000550,2025-01-16T01:59:04.000Z,1548760.0,S,390.0,0.0,0.0,1.0
0000950103-25-000550,2025-01-16T01:59:04.000Z,1548760.0,S,791.0,0.0,0.0,1.0
0000950103-25-000550,2025-01-16T01:59:04.000Z,1548760.0,S,965.0,0.0,0.0,1.0
0000950103-25-000550,2025-01-16T01:59:04.000Z,1548760.0,S,190.0,0.0,0.0,1.0
0000950103-25-000550,2025-01-16T01:59:04.000Z,1548760.0,S,1070.0,0.0,0.0,1.0
0000950103-25-000550,2025-01-16T01:59:04.000Z,1548760.0,S,699.0,0.0,0.0,1.0
0000950103-25-000550,2025-01-16T01:59:04.000Z,1548760.0,S,2133.0,0.0,0.0,1.0
0000950103-25-000550,2025-01-16T01:59:04.000Z,1548760.0,S,2417.0,0.0,0.0,1.0
0000950103-25-000550,2025-01-16T01:59:04.000Z,1548760.0,S,2586.0,0.0,0.0,1.0
0000950103-25-000550,2025-01-16T01:59:04.000Z,1548760.0,S,3759.0,0.0,0.0,1.0
0000950103-25-000550,2025-01-16T01:59:04.000Z,1548760.0,S,689.0,0.0,0.0,1.0
0000950103-25-000550,2025-01-16T01:59:04.000Z,1548760.0,S,2131.0,0.0,0.0,1.0
0000950103-25-000550,2025-01-16T01:59:04.000Z,1548760.0,S,2468.0,0.0,0.0,1.0
0000950103-25-000550,2025-01-16T01:59:04.000Z,1548760.0,S,2478.0,0.0,0.0,1.0
0000950103-25-000550,2025-01-16T01:59:04.000Z,1548760.0,S,180.0,622.21,111997.8,1.0
0000950103-25-000550,2025-01-16T01:59:04.000Z,1548760.0,S,322.0,0.0,0.0,1.0
0000950103-25-000550,2025-01-16T01:59:04.000Z,1548760.0,S,728.0,0.0,0.0,1.0
0000950103-25-000550,2025-01-16T01:59:04.000Z,1548760.0,S,296.0,0.0,0.0,1.0
0000950103-25-000550,2025-01-16T01:59:04.000Z,1548760.0,S,705.0,0.0,0.0,1.0
0000950103-25-000550,2025-01-16T01:59:04.000Z,1548760.0,S,392.0,0.0,0.0,1.0
0000950103-25-000550,2025-01-16T01:59:04.000Z,1548760.0,S,1234.0,0.0,0.0,1.0
0000950103-25-000550,2025-01-16T01:59:04.000Z,1548760.0,S,1289.0,0.0,0.0,1.0
0000950103-25-000550,2025-01-16T01:59:04.000Z,1548760.0,S,1899.0,0.0,0.0,1.0
0000950103-25-000550,2025-01-16T01:59:04.000Z,1548760.0,S,1751.0,0.0,0.0,1.0
0000950103-25-000550,2025-01-16T01:59:04.000Z,1548760.0,S,196.0,0.0,0.0,1.0
0000950103-25-000550,2025-01-16T01:59:04.000Z,1548760.0,S,1953.0,0.0,0.0,1.0
0000950103-25-000550,2025-01-16T01:59:04.000Z,1548760.0,S,1318.0,0.0,0.0,1.0
0000950103-25-000550,2025-01-16T01:59:04.000Z,1548760.0,S,892.0,0.0,0.0,1.0
0000950103-25-000549,2025-01-16T01:56:27.000Z,1548760.0,S,568.0,0.0,0.0,1.0
0000950103-25-000549,2025-01-16T01:56:27.000Z,1548760.0,S,1098.0,0.0,0.0,1.0
0000950103-25-000549,2025-01-16T01:56:27.000Z,1548760.0,S,859.0,0.0,0.0,1.0
0000950103-25-000549,2025-01-16T01:56:27.000Z,1548760.0,S,181.0,0.0,0.0,1.0
0000950103-25-000549,2025-01-16T01:56:27.000Z,1548760.0,S,84.0,0.0,0.0,1.0
0000950103-25-000549,2025-01-16T01:56:27.000Z,1548760.0,S,580.0,0.0,0.0,1.0
0000950103-25-000549,2025-01-16T01:56:27.000Z,1548760.0,S,792.0,0.0,0.0,1.0
0000950103-25-000549,2025-01-16T01:56:27.000Z,1548760.0,S,192.0,0.0,0.0,1.0
0000950103-25-000549,2025-01-16T01:56:27.000Z,1548760.0,S,80.0,604.76,48380.8,1.0
0000950103-25-000548,2025-01-16T01:53:40.000Z,1548760.0,S,1424.0,0.0,0.0,1.0
0000950103-25-000548,2025-01-16T01:53:40.000Z,1548760.0,S,1540.0,0.0,0.0,1.0
0000950103-25-000548,2025-01-16T01:53:40.000Z,1548760.0,S,3161.0,0.0,0.0,1.0
0000950103-25-000548,2025-01-16T01:53:40.000Z,1548760.0,S,4188.0,0.0,0.0,1.0
0000950103-25-000548,2025-01-16T01:53:40.000Z,1548760.0,S,2605.0,0.0,0.0,1.0
0000950103-25-000548,2025-01-16T01:53:40.000Z,1548760.0,S,2633.0,0.0,0.0,1.0
0000950103-25-000548,2025-01-16T01:53:40.000Z,1548760.0,S,5062.0,0.0,0.0,1.0
0000950103-25-000548,2025-01-16T01:53:40.000Z,1548760.0,S,2143.0,0.0,0.0,1.0
0000950103-25-000548,2025-01-16T01:53:40.000Z,1548760.0,S,190.0,0.0,0.0,1.0
0000950103-25-000548,2025-01-16T01:53:40.000Z,1548760.0,S,588.0,0.0,0.0,1.0
0000950103-25-000548,2025-01-16T01:53:40.000Z,1548760.0,S,938.0,0.0,0.0,1.0
0000950103-25-000548,2025-01-16T01:53:40.000Z,1548760.0,S,2398.0,0.0,0.0,1.0
0000950103-25-000548,2025-01-16T01:53:40.000Z,1548760.0,S,2052.0,0.0,0.0,1.0
0000950103-25-000548,2025-01-16T01:53:40.000Z,1548760.0,S,1343.0,0.0,0.0,1.0
0000950103-25-000548,2025-01-16T01:53:40.000Z,1548760.0,S,2385.0,0.0,0.0,1.0
0000950103-25-000548,2025-01-16T01:53:40.000Z,1548760.0,S,2047.0,0.0,0.0,1.0
0000950103-25-000548,2025-01-16T01:53:40.000Z,1548760.0,S,1224.0,0.0,0.0,1.0
0000950103-25-000537,2025-01-15T23:22:22.000Z,1564475.0,S,413.0,606.77,250596.01,1.0
0000950103-25-000442,2025-01-13T23:23:18.000Z,1548760.0,S,295.0,0.0,0.0,1.0
0000950103-25-000442,2025-01-13T23:23:18.000Z,1548760.0,S,196.0,0.0,0.0,1.0
0000950103-25-000442,2025-01-13T23:23:18.000Z,1548760.0,S,300.0,0.0,0.0,1.0
0000950103-25-000442,2025-01-13T23:23:18.000Z,1548760.0,S,504.0,0.0,0.0,1.0
0000950103-25-000442,2025-01-13T23:23:18.000Z,1548760.0,S,466.0,0.0,0.0,1.0
0000950103-25-000442,2025-01-13T23:23:18.000Z,1548760.0,S,669.0,0.0,0.0,1.0
0000950103-25-000442,2025-01-13T23:23:18.000Z,1548760.0,S,100.0,607.63,60763.0,1.0
0000950103-25-000442,2025-01-13T23:23:18.000Z,1548760.0,S,268.0,0.0,0.0,1.0
0000950103-25-000442,2025-01-13T23:23:18.000Z,1548760.0,S,505.0,0.0,0.0,1.0
0000950103-25-000442,2025-01-13T23:23:18.000Z,1548760.0,S,684.0,0.0,0.0,1.0
0000950103-25-000442,2025-01-13T23:23:18.000Z,1548760.0,S,500.0,0.0,0.0,1.0
0000950103-25-000442,2025-01-13T23:23:18.000Z,1548760.0,S,886.0,0.0,0.0,1.0
0000950103-25-000442,2025-01-13T23:23:18.000Z,1548760.0,S,911.0,0.0,0.0,1.0
0000950103-25-000442,2025-01-13T23:23:18.000Z,1548760.0,S,1228.0,0.0,0.0,1.0
0000950103-25-000442,2025-01-13T23:23:18.000Z,1548760.0,S,679.0,0.0,0.0,1.0
0000950103-25-000442,2025-01-13T23:23:18.000Z,1548760.0,S,500.0,0.0,0.0,1.0
0000950103-25-000442,2025-01-13T23:23:18.000Z,1548760.0,S,628.0,0.0,0.0,1.0
0000950103-25-000442,2025-01-13T23:23:18.000Z,1548760.0,S,248.0,0.0,0.0,1.0
0000950103-25-000442,2025-01-13T23:23:18.000Z,1548760.0,S,496.0,0.0,0.0,1.0
0000950103-25-000442,2025-01-13T23:23:18.000Z,1548760.0,S,588.0,0.0,0.0,1.0
0000950103-25-000442,2025-01-13T23:23:18.000Z,1548760.0,S,732.0,0.0,0.0,1.0
0000950103-25-000442,2025-01-13T23:23:18.000Z,1548760.0,S,627.0,0.0,0.0,1.0
0000950103-25-000442,2025-01-13T23:23:18.000Z,1548760.0,S,401.0,0.0,0.0,1.0
0000950103-25-000442,2025-01-13T23:23:18.000Z,1548760.0,S,333.0,0.0,0.0,1.0
0000950103-25-000442,2025-01-13T23:23:18.000Z,1548760.0,S,231.0,0.0,0.0,1.0
0000950103-25-000441,2025-01-13T23:21:57.000Z,1548760.0,S,561.0,0.0,0.0,1.0
0000950103-25-000441,2025-01-13T23:21:57.000Z,1548760.0,S,553.0,0.0,0.0,1.0
0000950103-25-000441,2025-01-13T23:21:57.000Z,1548760.0,S,361.0,0.0,0.0,1.0
0000950103-25-000441,2025-01-13T23:21:57.000Z,1548760.0,S,579.0,0.0,0.0,1.0
0000950103-25-000441,2025-01-13T23:21:57.000Z,1548760.0,S,805.0,0.0,0.0,1.0
0000950103-25-000441,2025-01-13T23:21:57.000Z,1548760.0,S,1206.0,0.0,0.0,1.0
0000950103-25-000441,2025-01-13T23:21:57.000Z,1548760.0,S,488.0,0.0,0.0,1.0
0000950103-25-000441,2025-01-13T23:21:57.000Z,1548760.0,S,200.0,0.0,0.0,1.0
0000950103-25-000441,2025-01-13T23:21:57.000Z,1548760.0,S,781.0,0.0,0.0,1.0
0000950103-25-000441,2025-01-13T23:21:57.000Z,1548760.0,S,877.0,0.0,0.0,1.0
0000950103-25-000441,2025-01-13T23:21:57.000Z,1548760.0,S,1165.0,0.0,0.0,1.0
0000950103-25-000441,2025-01-13T23:21:57.000Z,1548760.0,S,1680.0,0.0,0.0,1.0
0000950103-25-000441,2025-01-13T23:21:57.000Z,1548760.0,S,1438.0,0.0,0.0,1.0
0000950103-25-000441,2025-01-13T23:21:57.000Z,1548760.0,S,1450.0,0.0,0.0,1.0
0000950103-25-000441,2025-01-13T23:21:57.000Z,1548760.0,S,1821.0,0.0,0.0,1.0
0000950103-25-000441,2025-01-13T23:21:57.000Z,1548760.0,S,1155.0,0.0,0.0,1.0
0000950103-25-000441,2025-01-13T23:21:57.000Z,1548760.0,S,980.0,0.0,0.0,1.0
0000950103-25-000441,2025-01-13T23:21:57.000Z,1548760.0,S,621.0,0.0,0.0,1.0
0000950103-25-000441,2025-01-13T23:21:57.000Z,1548760.0,S,847.0,0.0,0.0,1.0
0000950103-25-000441,2025-01-13T23:21:57.000Z,1548760.0,S,1080.0,0.0,0.0,1.0
0000950103-25-000441,2025-01-13T23:21:57.000Z,1548760.0,S,1253.0,0.0,0.0,1.0
0000950103-25-000441,2025-01-13T23:21:57.000Z,1548760.0,S,967.0,0.0,0.0,1.0
0000950103-25-000441,2025-01-13T23:21:57.000Z,1548760.0,S,780.0,0.0,0.0,1.0
0000950103-25-000441,2025-01-13T23:21:57.000Z,1548760.0,S,288.0,0.0,0.0,1.0
0000950103-25-000441,2025-01-13T23:21:57.000Z,1548760.0,S,389.0,0.0,0.0,1.0
0000950103-25-000441,2025-01-13T23:21:57.000Z,1548760.0,S,621.0,0.0,0.0,1.0
0000950103-25-000399,2025-01-10T23:41:34.000Z,1780525.0,S,905.0,631.55,571552.75,1.0
0000950103-25-000337,2025-01-09T01:42:57.000Z,1548760.0,S,90.0,603.21,54288.9,1.0
0000950103-25-000337,2025-01-09T01:42:57.000Z,1548760.0,S,574.0,0.0,0.0,1.0
0000950103-25-000337,2025-01-09T01:42:57.000Z,1548760.0,S,1458.0,0.0,0.0,1.0
0000950103-25-000337,2025-01-09T01:42:57.000Z,1548760.0,S,2499.0,0.0,0.0,1.0
0000950103-25-000337,2025-01-09T01:42:57.000Z,1548760.0,S,3767.0,0.0,0.0,1.0
0000950103-25-000337,2025-01-09T01:42:57.000Z,1548760.0,S,4616.0,0.0,0.0,1.0
0000950103-25-000337,2025-01-09T01:42:57.000Z,1548760.0,S,4477.0,0.0,0.0,1.0
0000950103-25-000337,2025-01-09T01:42:57.000Z,1548760.0,S,2850.0,0.0,0.0,1.0
0000950103-25-000337,2025-01-09T01:42:57.000Z,1548760.0,S,1155.0,0.0,0.0,1.0
0000950103-25-000337,2025-01-09T01:42:57.000Z,1548760.0,S,970.0,0.0,0.0,1.0
0000950103-25-000337,2025-01-09T01:42:57.000Z,1548760.0,S,490.0,0.0,0.0,1.0
0000950103-25-000337,2025-01-09T01:42:57.000Z,1548760.0,S,356.0,0.0,0.0,1.0
0000950103-25-000337,2025-01-09T01:42:57.000Z,1548760.0,S,980.0,0.0,0.0,1.0
0000950103-25-000337,2025-01-09T01:42:57.000Z,1548760.0,S,1798.0,0.0,0.0,1.0
0000950103-25-000337,2025-01-09T01:42:57.000Z,1548760.0,S,2639.0,0.0,0.0,1.0
0000950103-25-000337,2025-01-09T01:42:57.000Z,1548760.0,S,2817.0,0.0,0.0,1.0
0000950103-25-000337,2025-01-09T01:42:57.000Z,1548760.0,S,1891.0,0.0,0.0,1.0
0000950103-25-000337,2025-01-09T01:42:57.000Z,1548760.0,S,1318.0,0.0,0.0,1.0
0000950103-25-000337,2025-01-09T01:42:57.000Z,1548760.0,S,1076.0,0.0,0.0,1.0
0000950103-25-000337,2025-01-09T01:42:57.000Z,1548760.0,S,100.0,615.76,61576.0,1.0
0000950103-25-000336,2025-01-09T01:42:37.000Z,1548760.0,S,388.0,0.0,0.0,1.0
0000950103-25-000336,2025-01-09T01:42:37.000Z,1548760.0,S,535.0,0.0,0.0,1.0
0000950103-25-000336,2025-01-09T01:42:37.000Z,1548760.0,S,96.0,612.61,58810.56,1.0
0000950103-25-000336,2025-01-09T01:42:37.000Z,1548760.0,S,538.0,0.0,0.0,1.0
0000950103-25-000336,2025-01-09T01:42:37.000Z,1548760.0,S,800.0,0.0,0.0,1.0
0000950103-25-000336,2025-01-09T01:42:37.000Z,1548760.0,S,1259.0,0.0,0.0,1.0
0000950103-25-000336,2025-01-09T01:42:37.000Z,1548760.0,S,3226.0,0.0,0.0,1.0
0000950103-25-000336,2025-01-09T01:42:37.000Z,1548760.0,S,828.0,0.0,0.0,1.0
0000950103-25-000336,2025-01-09T01:42:37.000Z,1548760.0,S,1084.0,0.0,0.0,1.0
0000950103-25-000336,2025-01-09T01:42:37.000Z,1548760.0,S,1186.0,0.0,0.0,1.0
0000950103-25-000336,2025-01-09T01:42:37.000Z,1548760.0,S,863.0,0.0,0.0,1.0
0000950103-25-000336,2025-01-09T01:42:37.000Z,1548760.0,S,96.0,622.59,59768.64,1.0
0000950103-25-000336,2025-01-09T01:42:37.000Z,1548760.0,S,580.0,0.0,0.0,1.0
0000950103-25-000336,2025-01-09T01:42:37.000Z,1548760.0,S,692.0,0.0,0.0,1.0
0000950103-25-000336,2025-01-09T01:42:37.000Z,1548760.0,S,588.0,0.0,0.0,1.0
0000950103-25-000336,2025-01-09T01:42:37.000Z,1548760.0,S,96.0,628.02,60289.92,1.0
0000950103-25-000336,2025-01-09T01:42:37.000Z,1548760.0,S,100.0,630.91,63091.0,1.0
0000950103-25-000336,2025-01-09T01:42:37.000Z,1548760.0,S,20.0,632.0,12640.0,1.0
0000950103-25-000335,2025-01-09T01:40:17.000Z,1548760.0,S,475.0,0.0,0.0,1.0
0000950103-25-000335,2025-01-09T01:40:17.000Z,1548760.0,S,290.0,0.0,0.0,1.0
0000950103-25-000335,2025-01-09T01:40:17.000Z,1548760.0,S,760.0,0.0,0.0,1.0
0000950103-25-000335,2025-01-09T01:40:17.000Z,1548760.0,S,190.0,0.0,0.0,1.0
0000950103-25-000335,2025-01-09T01:40:17.000Z,1548760.0,S,290.0,0.0,0.0,1.0
0000950103-25-000335,2025-01-09T01:40:17.000Z,1548760.0,S,1218.0,0.0,0.0,1.0
0000950103-25-000335,2025-01-09T01:40:17.000Z,1548760.0,S,1180.0,0.0,0.0,1.0
0000950103-25-000335,2025-01-09T01:40:17.000Z,1548760.0,S,2588.0,0.0,0.0,1.0
0000950103-25-000335,2025-01-09T01:40:17.000Z,1548760.0,S,4384.0,0.0,0.0,1.0
0000950103-25-000335,2025-01-09T01:40:17.000Z,1548760.0,S,1815.0,0.0,0.0,1.0
0000950103-25-000335,2025-01-09T01:40:17.000Z,1548760.0,S,2043.0,0.0,0.0,1.0
0000950103-25-000335,2025-01-09T01:40:17.000Z,1548760.0,S,1876.0,0.0,0.0,1.0
0000950103-25-000335,2025-01-09T01:40:17.000Z,1548760.0,S,1804.0,0.0,0.0,1.0
0000950103-25-000335,2025-01-09T01:40:17.000Z,1548760.0,S,452.0,0.0,0.0,1.0
0000950103-25-000335,2025-01-09T01:40:17.000Z,1548760.0,S,970.0,0.0,0.0,1.0
0000950103-25-000335,2025-01-09T01:40:17.000Z,1548760.0,S,960.0,0.0,0.0,1.0
0000950103-25-000335,2025-01-09T01:40:17.000Z,1548760.0,S,791.0,0.0,0.0,1.0
0000950103-25-000335,2025-01-09T01:40:17.000Z,1548760.0,S,580.0,0.0,0.0,1.0
0000950103-25-000335,2025-01-09T01:40:17.000Z,1548760.0,S,100.0,628.02,62802.0,1.0
0000950103-25-000335,2025-01-09T01:40:17.000Z,1548760.0,S,100.0,630.93,63092.99999999999,1.0
0000950103-25-000335,2025-01-09T01:40:17.000Z,1548760.0,S,80.0,632.0,50560.0,1.0
0000950103-25-000334,2025-01-09T01:39:05.000Z,1548760.0,S,200.0,0.0,0.0,1.0
0000950103-25-000334,2025-01-09T01:39:05.000Z,1548760.0,S,885.0,0.0,0.0,1.0
0000950103-25-000334,2025-01-09T01:39:05.000Z,1548760.0,S,387.0,0.0,0.0,1.0
0000950103-25-000334,2025-01-09T01:39:05.000Z,1548760.0,S,592.0,0.0,0.0,1.0
0000950103-25-000334,2025-01-09T01:39:05.000Z,1548760.0,S,1065.0,0.0,0.0,1.0
0000950103-25-000334,2025-01-09T01:39:05.000Z,1548760.0,S,1045.0,0.0,0.0,1.0
0000950103-25-000334,2025-01-09T01:39:05.000Z,1548760.0,S,208.0,0.0,0.0,1.0
0000950103-25-000334,2025-01-09T01:39:05.000Z,1548760.0,S,292.0,0.0,0.0,1.0
0000950103-25-000334,2025-01-09T01:39:05.000Z,1548760.0,S,106.0,0.0,0.0,1.0
0000950103-25-000334,2025-01-09T01:39:05.000Z,1548760.0,S,313.0,0.0,0.0,1.0
0000950103-25-000334,2025-01-09T01:39:05.000Z,1548760.0,S,1734.0,0.0,0.0,1.0
0000950103-25-000334,2025-01-09T01:39:05.000Z,1548760.0,S,2014.0,0.0,0.0,1.0
0000950103-25-000334,2025-01-09T01:39:05.000Z,1548760.0,S,857.0,0.0,0.0,1.0
0000950103-25-000334,2025-01-09T01:39:05.000Z,1548760.0,S,1125.0,0.0,0.0,1.0
0000950103-25-000334,2025-01-09T01:39:05.000Z,1548760.0,S,476.0,0.0,0.0,1.0
0000950103-25-000334,2025-01-09T01:39:05.000Z,1548760.0,S,384.0,0.0,0.0,1.0
0000950103-25-000334,2025-01-09T01:39:05.000Z,1548760.0,S,96.0,625.895,60085.92,1.0
0000950103-25-000334,2025-01-09T01:39:05.000Z,1548760.0,S,196.0,0.0,0.0,1.0
0000950103-25-000334,2025-01-09T01:39:05.000Z,1548760.0,S,479.0,0.0,0.0,1.0
0000950103-25-000334,2025-01-09T01:39:05.000Z,1548760.0,S,521.0,0.0,0.0,1.0
0000950103-25-000333,2025-01-09T01:36:54.000Z,1548760.0,S,390.0,0.0,0.0,1.0
0000950103-25-000333,2025-01-09T01:36:54.000Z,1548760.0,S,1381.0,0.0,0.0,1.0
0000950103-25-000333,2025-01-09T01:36:54.000Z,1548760.0,S,796.0,0.0,0.0,1.0
0000950103-25-000333,2025-01-09T01:36:54.000Z,1548760.0,S,190.0,0.0,0.0,1.0
0000950103-25-000333,2025-01-09T01:36:54.000Z,1548760.0,S,1650.0,0.0,0.0,1.0
0000950103-25-000333,2025-01-09T01:36:54.000Z,1548760.0,S,1872.0,0.0,0.0,1.0
0000950103-25-000333,2025-01-09T01:36:54.000Z,1548760.0,S,1164.0,0.0,0.0,1.0
0000950103-25-000333,2025-01-09T01:36:54.000Z,1548760.0,S,300.0,0.0,0.0,1.0
0000950103-25-000333,2025-01-09T01:36:54.000Z,1548760.0,S,200.0,0.0,0.0,1.0
0000950103-25-000333,2025-01-09T01:36:54.000Z,1548760.0,S,289.0,0.0,0.0,1.0
0000950103-25-000333,2025-01-09T01:36:54.000Z,1548760.0,S,880.0,0.0,0.0,1.0
0000950103-25-000333,2025-01-09T01:36:54.000Z,1548760.0,S,1619.0,0.0,0.0,1.0
0000950103-25-000333,2025-01-09T01:36:54.000Z,1548760.0,S,3801.0,0.0,0.0,1.0
0000950103-25-000333,2025-01-09T01:36:54.000Z,1548760.0,S,2330.0,0.0,0.0,1.0
0000950103-25-000333,2025-01-09T01:36:54.000Z,1548760.0,S,1721.0,0.0,0.0,1.0
0000950103-25-000333,2025-01-09T01:36:54.000Z,1548760.0,S,1280.0,0.0,0.0,1.0
0000950103-25-000333,2025-01-09T01:36:54.000Z,1548760.0,S,569.0,0.0,0.0,1.0
0000950103-25-000333,2025-01-09T01:36:54.000Z,1548760.0,S,347.0,0.0,0.0,1.0
0000950103-25-000333,2025-01-09T01:36:54.000Z,1548760.0,S,400.0,0.0,0.0,1.0
0000950103-25-000333,2025-01-09T01:36:54.000Z,1548760.0,S,319.0,0.0,0.0,1.0
0000950103-25-000333,2025-01-09T01:36:54.000Z,1548760.0,S,953.0,0.0,0.0,1.0
0000950103-25-000333,2025-01-09T01:36:54.000Z,1548760.0,S,495.0,0.0,0.0,1.0
0000950103-25-000317,2025-01-08T23:34:40.000Z,1564475.0,S,413.0,612.1,252797.3,1.0
0000950103-25-000212,2025-01-06T23:15:52.000Z,1548760.0,S,1487.0,0.0,0.0,1.0
0000950103-25-000212,2025-01-06T23:15:52.000Z,1548760.0,S,2563.0,0.0,0.0,1.0
0000950103-25-000212,2025-01-06T23:15:52.000Z,1548760.0,S,3061.0,0.0,0.0,1.0
0000950103-25-000212,2025-01-06T23:15:52.000Z,1548760.0,S,6419.0,0.0,0.0,1.0
0000950103-25-000212,2025-01-06T23:15:52.000Z,1548760.0,S,5563.0,0.0,0.0,1.0
0000950103-25-000212,2025-01-06T23:15:52.000Z,1548760.0,S,2293.0,0.0,0.0,1.0
0000950103-25-000212,2025-01-06T23:15:52.000Z,1548760.0,S,770.0,0.0,0.0,1.0
0000950103-25-000212,2025-01-06T23:15:52.000Z,1548760.0,S,490.0,0.0,0.0,1.0
0000950103-25-000212,2025-01-06T23:15:52.000Z,1548760.0,S,300.0,0.0,0.0,1.0
0000950103-25-000212,2025-01-06T23:15:52.000Z,1548760.0,S,1087.0,0.0,0.0,1.0
0000950103-25-000212,2025-01-06T23:15:52.000Z,1548760.0,S,1271.0,0.0,0.0,1.0
0000950103-25-000212,2025-01-06T23:15:52.000Z,1548760.0,S,1776.0,0.0,0.0,1.0
0000950103-25-000212,2025-01-06T23:15:52.000Z,1548760.0,S,3819.0,0.0,0.0,1.0
0000950103-25-000212,2025-01-06T23:15:52.000Z,1548760.0,S,2767.0,0.0,0.0,1.0
0000950103-25-000212,2025-01-06T23:15:52.000Z,1548760.0,S,1475.0,0.0,0.0,1.0
0000950103-25-000212,2025-01-06T23:15:52.000Z,1548760.0,S,370.0,0.0,0.0,1.0
0000950103-25-000212,2025-01-06T23:15:52.000Z,1548760.0,S,410.0,0.0,0.0,1.0
0000950103-25-000211,2025-01-06T23:11:45.000Z,1548760.0,S,1920.0,0.0,0.0,1.0
0000950103-25-000211,2025-01-06T23:11:45.000Z,1548760.0,S,782.0,0.0,0.0,1.0
0000950103-25-000211,2025-01-06T23:11:45.000Z,1548760.0,S,691.0,0.0,0.0,1.0
0000950103-25-000211,2025-01-06T23:11:45.000Z,1548760.0,S,600.0,0.0,0.0,1.0
0000950103-25-000211,2025-01-06T23:11:45.000Z,1548760.0,S,119.0,0.0,0.0,1.0
0000950103-25-000211,2025-01-06T23:11:45.000Z,1548760.0,S,1250.0,0.0,0.0,1.0
0000950103-25-000211,2025-01-06T23:11:45.000Z,1548760.0,S,187.0,0.0,0.0,1.0
0000950103-25-000211,2025-01-06T23:11:45.000Z,1548760.0,S,486.0,0.0,0.0,1.0
0000950103-25-000211,2025-01-06T23:11:45.000Z,1548760.0,S,475.0,0.0,0.0,1.0
0000950103-25-000093,2025-01-02T23:34:36.000Z,1780525.0,S,905.0,591.76,535542.8,1.0
0000950103-25-000092,2025-01-02T23:32:52.000Z,1564475.0,S,413.0,589.16,243323.08,1.0
0000950103-24-018504,2024-12-30T23:12:16.000Z,1548760.0,S,1239.0,0.0,0.0,1.0
0000950103-24-018504,2024-12-30T23:12:16.000Z,1548760.0,S,200.0,0.0,0.0,1.0
0000950103-24-018504,2024-12-30T23:12:16.000Z,1548760.0,S,772.0,600.0,463200.0,1.0
0000950103-24-018504,2024-12-30T23:12:16.000Z,1548760.0,S,100.0,601.47,60147.0,1.0
0000950103-24-018503,2024-12-30T23:10:39.000Z,1548760.0,S,958.0,0.0,0.0,1.0
0000950103-24-018503,2024-12-30T23:10:39.000Z,1548760.0,S,2722.0,0.0,0.0,1.0
0000950103-24-018503,2024-12-30T23:10:39.000Z,1548760.0,S,7970.0,0.0,0.0,1.0
0000950103-24-018503,2024-12-30T23:10:39.000Z,1548760.0,S,6759.0,0.0,0.0,1.0
0000950103-24-018503,2024-12-30T23:10:39.000Z,1548760.0,S,3005.0,0.0,0.0,1.0
0000950103-24-018503,2024-12-30T23:10:39.000Z,1548760.0,S,1532.0,0.0,0.0,1.0
0000950103-24-018503,2024-12-30T23:10:39.000Z,1548760.0,S,830.0,0.0,0.0,1.0
0000950103-24-018503,2024-12-30T23:10:39.000Z,1548760.0,S,2734.0,0.0,0.0,1.0
0000950103-24-018503,2024-12-30T23:10:39.000Z,1548760.0,S,5026.0,0.0,0.0,1.0
0000950103-24-018503,2024-12-30T23:10:39.000Z,1548760.0,S,2131.0,0.0,0.0,1.0
0000950103-24-018503,2024-12-30T23:10:39.000Z,1548760.0,S,2175.0,0.0,0.0,1.0
0000950103-24-018503,2024-12-30T23:10:39.000Z,1548760.0,S,79.0,0.0,0.0,1.0
0000950103-24-018370,2024-12-26T23:12:19.000Z,1564475.0,S,413.0,590.0,243670.0,1.0
0000950103-24-018369,2024-12-26T23:11:57.000Z,1548760.0,S,1202.0,0.0,0.0,1.0
0000950103-24-018369,2024-12-26T23:11:57.000Z,1548760.0,S,2621.0,0.0,0.0,1.0
0000950103-24-018369,2024-12-26T23:11:57.000Z,1548760.0,S,1520.0,0.0,0.0,1.0
0000950103-24-018369,2024-12-26T23:11:57.000Z,1548760.0,S,3091.0,0.0,0.0,1.0
0000950103-24-018369,2024-12-26T23:11:57.000Z,1548760.0,S,3904.0,0.0,0.0,1.0
0000950103-24-018369,2024-12-26T23:11:57.000Z,1548760.0,S,5528.0,0.0,0.0,1.0
0000950103-24-018369,2024-12-26T23:11:57.000Z,1548760.0,S,3862.0,0.0,0.0,1.0
0000950103-24-018369,2024-12-26T23:11:57.000Z,1548760.0,S,1218.0,0.0,0.0,1.0
0000950103-24-018369,2024-12-26T23:11:57.000Z,1548760.0,S,1020.0,0.0,0.0,1.0
0000950103-24-018369,2024-12-26T23:11:57.000Z,1548760.0,S,1400.0,0.0,0.0,1.0
0000950103-24-018369,2024-12-26T23:11:57.000Z,1548760.0,S,1050.0,0.0,0.0,1.0
0000950103-24-018369,2024-12-26T23:11:57.000Z,1548760.0,S,1662.0,0.0,0.0,1.0
0000950103-24-018369,2024-12-26T23:11:57.000Z,1548760.0,S,3570.0,0.0,0.0,1.0
0000950103-24-018369,2024-12-26T23:11:57.000Z,1548760.0,S,2914.0,0.0,0.0,1.0
0000950103-24-018369,2024-12-26T23:11:57.000Z,1548760.0,S,1179.0,0.0,0.0,1.0
0000950103-24-018369,2024-12-26T23:11:57.000Z,1548760.0,S,180.0,0.0,0.0,1.0
0000950103-24-018368,2024-12-26T23:10:29.000Z,1548760.0,S,22406.0,0.0,0.0,1.0
0000950103-24-018368,2024-12-26T23:10:29.000Z,1548760.0,S,540.0,0.0,0.0,1.0
0000950103-24-018368,2024-12-26T23:10:29.000Z,1548760.0,S,12479.0,0.0,0.0,1.0
0000950103-24-018368,2024-12-26T23:10:29.000Z,1548760.0,S,496.0,0.0,0.0,1.0
0000950103-24-018367,2024-12-26T23:08:36.000Z,1780525.0,S,905.0,602.47,545235.35,1.0
0000950103-24-018239,2024-12-23T23:15:25.000Z,1548760.0,S,1662.0,0.0,0.0,1.0
0000950103-24-018239,2024-12-23T23:15:25.000Z,1548760.0,S,2521.0,0.0,0.0,1.0
0000950103-24-018239,2024-12-23T23:15:25.000Z,1548760.0,S,2271.0,0.0,0.0,1.0
0000950103-24-018239,2024-12-23T23:15:25.000Z,1548760.0,S,992.0,0.0,0.0,1.0
0000950103-24-018239,2024-12-23T23:15:25.000Z,1548760.0,S,1334.0,0.0,0.0,1.0
0000950103-24-018239,2024-12-23T23:15:25.000Z,1548760.0,S,1320.0,0.0,0.0,1.0
0000950103-24-018238,2024-12-23T23:12:29.000Z,1548760.0,S,1830.0,0.0,0.0,1.0
0000950103-24-018238,2024-12-23T23:12:29.000Z,1548760.0,S,2842.0,0.0,0.0,1.0
0000950103-24-018238,2024-12-23T23:12:29.000Z,1548760.0,S,3603.0,0.0,0.0,1.0
0000950103-24-018238,2024-12-23T23:12:29.000Z,1548760.0,S,3554.0,0.0,0.0,1.0
0000950103-24-018238,2024-12-23T23:12:29.000Z,1548760.0,S,3912.0,0.0,0.0,1.0
0000950103-24-018238,2024-12-23T23:12:29.000Z,1548760.0,S,2777.0,0.0,0.0,1.0
0000950103-24-018238,2024-12-23T23:12:29.000Z,1548760.0,S,1567.0,0.0,0.0,1.0
0000950103-24-018238,2024-12-23T23:12:29.000Z,1548760.0,S,290.0,0.0,0.0,1.0
0000950103-24-018238,2024-12-23T23:12:29.000Z,1548760.0,S,390.0,0.0,0.0,1.0
0000950103-24-018238,2024-12-23T23:12:29.000Z,1548760.0,S,192.0,0.0,0.0,1.0
0000950103-24-018238,2024-12-23T23:12:29.000Z,1548760.0,S,1068.0,0.0,0.0,1.0
0000950103-24-018238,2024-12-23T23:12:29.000Z,1548760.0,S,2381.0,0.0,0.0,1.0
0000950103-24-018238,2024-12-23T23:12:29.000Z,1548760.0,S,1983.0,0.0,0.0,1.0
0000950103-24-018238,2024-12-23T23:12:29.000Z,1548760.0,S,2481.0,0.0,0.0,1.0
0000950103-24-018238,2024-12-23T23:12:29.000Z,1548760.0,S,1980.0,0.0,0.0,1.0
0000950103-24-018238,2024-12-23T23:12:29.000Z,1548760.0,S,840.0,0.0,0.0,1.0
0000950103-24-018238,2024-12-23T23:12:29.000Z,1548760.0,S,811.0,0.0,0.0,1.0
0000950103-24-018238,2024-12-23T23:12:29.000Z,1548760.0,S,196.0,0.0,0.0,1.0
0000950103-24-018238,2024-12-23T23:12:29.000Z,1548760.0,S,96.0,610.36,58594.56,1.0
0000950103-24-018022,2024-12-19T23:37:09.000Z,1780525.0,S,905.0,626.66,567127.2999999999,1.0
0000950103-24-017959,2024-12-19T01:40:28.000Z,1548760.0,S,615.0,0.0,0.0,1.0
0000950103-24-017959,2024-12-19T01:40:28.000Z,1548760.0,S,487.0,0.0,0.0,1.0
0000950103-24-017959,2024-12-19T01:40:28.000Z,1548760.0,S,290.0,0.0,0.0,1.0
0000950103-24-017959,2024-12-19T01:40:28.000Z,1548760.0,S,100.0,603.49,60349.0,1.0
0000950103-24-017959,2024-12-19T01:40:28.000Z,1548760.0,S,100.0,605.53,60553.0,1.0
0000950103-24-017959,2024-12-19T01:40:28.000Z,1548760.0,S,380.0,0.0,0.0,1.0
0000950103-24-017959,2024-12-19T01:40:28.000Z,1548760.0,S,800.0,0.0,0.0,1.0
0000950103-24-017959,2024-12-19T01:40:28.000Z,1548760.0,S,670.0,0.0,0.0,1.0
0000950103-24-017959,2024-12-19T01:40:28.000Z,1548760.0,S,400.0,0.0,0.0,1.0
0000950103-24-017959,2024-12-19T01:40:28.000Z,1548760.0,S,780.0,0.0,0.0,1.0
0000950103-24-017959,2024-12-19T01:40:28.000Z,1548760.0,S,556.0,0.0,0.0,1.0
0000950103-24-017959,2024-12-19T01:40:28.000Z,1548760.0,S,1520.0,0.0,0.0,1.0
0000950103-24-017959,2024-12-19T01:40:28.000Z,1548760.0,S,1564.0,0.0,0.0,1.0
0000950103-24-017959,2024-12-19T01:40:28.000Z,1548760.0,S,1798.0,0.0,0.0,1.0
0000950103-24-017959,2024-12-19T01:40:28.000Z,1548760.0,S,2454.0,0.0,0.0,1.0
0000950103-24-017959,2024-12-19T01:40:28.000Z,1548760.0,S,2426.0,0.0,0.0,1.0
0000950103-24-017959,2024-12-19T01:40:28.000Z,1548760.0,S,2804.0,0.0,0.0,1.0
0000950103-24-017959,2024-12-19T01:40:28.000Z,1548760.0,S,2171.0,0.0,0.0,1.0
0000950103-24-017959,2024-12-19T01:40:28.000Z,1548760.0,S,1468.0,0.0,0.0,1.0
0000950103-24-017959,2024-12-19T01:40:28.000Z,1548760.0,S,440.0,0.0,0.0,1.0
0000950103-24-017959,2024-12-19T01:40:28.000Z,1548760.0,S,212.0,0.0,0.0,1.0
0000950103-24-017958,2024-12-19T01:38:07.000Z,1548760.0,S,500.0,0.0,0.0,1.0
0000950103-24-017958,2024-12-19T01:38:07.000Z,1548760.0,S,292.0,0.0,0.0,1.0
0000950103-24-017958,2024-12-19T01:38:07.000Z,1548760.0,S,100.0,605.62,60562.0,1.0
0000950103-24-017958,2024-12-19T01:38:07.000Z,1548760.0,S,292.0,0.0,0.0,1.0
0000950103-24-017958,2024-12-19T01:38:07.000Z,1548760.0,S,480.0,0.0,0.0,1.0
0000950103-24-017958,2024-12-19T01:38:07.000Z,1548760.0,S,200.0,0.0,0.0,1.0
0000950103-24-017958,2024-12-19T01:38:07.000Z,1548760.0,S,365.0,0.0,0.0,1.0
0000950103-24-017958,2024-12-19T01:38:07.000Z,1548760.0,S,200.0,0.0,0.0,1.0
0000950103-24-017958,2024-12-19T01:38:07.000Z,1548760.0,S,496.0,0.0,0.0,1.0
0000950103-24-017958,2024-12-19T01:38:07.000Z,1548760.0,S,1419.0,0.0,0.0,1.0
0000950103-24-017958,2024-12-19T01:38:07.000Z,1548760.0,S,1472.0,0.0,0.0,1.0
0000950103-24-017958,2024-12-19T01:38:07.000Z,1548760.0,S,1022.0,0.0,0.0,1.0
0000950103-24-017958,2024-12-19T01:38:07.000Z,1548760.0,S,1403.0,0.0,0.0,1.0
0000950103-24-017958,2024-12-19T01:38:07.000Z,1548760.0,S,1556.0,0.0,0.0,1.0
0000950103-24-017958,2024-12-19T01:38:07.000Z,1548760.0,S,1717.0,0.0,0.0,1.0
0000950103-24-017958,2024-12-19T01:38:07.000Z,1548760.0,S,531.0,0.0,0.0,1.0
0000950103-24-017958,2024-12-19T01:38:07.000Z,1548760.0,S,392.0,0.0,0.0,1.0
0000950103-24-017957,2024-12-19T01:35:31.000Z,1548760.0,S,1068.0,0.0,0.0,1.0
0000950103-24-017957,2024-12-19T01:35:31.000Z,1548760.0,S,2217.0,0.0,0.0,1.0
0000950103-24-017957,2024-12-19T01:35:31.000Z,1548760.0,S,4910.0,0.0,0.0,1.0
0000950103-24-017957,2024-12-19T01:35:31.000Z,1548760.0,S,1984.0,0.0,0.0,1.0
0000950103-24-017957,2024-12-19T01:35:31.000Z,1548760.0,S,2937.0,0.0,0.0,1.0
0000950103-24-017957,2024-12-19T01:35:31.000Z,1548760.0,S,3890.0,0.0,0.0,1.0
0000950103-24-017957,2024-12-19T01:35:31.000Z,1548760.0,S,1289.0,0.0,0.0,1.0
0000950103-24-017957,2024-12-19T01:35:31.000Z,1548760.0,S,1285.0,0.0,0.0,1.0
0000950103-24-017957,2024-12-19T01:35:31.000Z,1548760.0,S,1349.0,0.0,0.0,1.0
0000950103-24-017957,2024-12-19T01:35:31.000Z,1548760.0,S,1211.0,0.0,0.0,1.0
0000950103-24-017957,2024-12-19T01:35:31.000Z,1548760.0,S,90.0,627.65,56488.5,1.0
0000950103-24-017957,2024-12-19T01:35:31.000Z,1548760.0,S,406.0,0.0,0.0,1.0
0000950103-24-017957,2024-12-19T01:35:31.000Z,1548760.0,S,310.0,0.0,0.0,1.0
0000950103-24-017957,2024-12-19T01:35:31.000Z,1548760.0,S,576.0,0.0,0.0,1.0
0000950103-24-017957,2024-12-19T01:35:31.000Z,1548760.0,S,1441.0,0.0,0.0,1.0
0000950103-24-017957,2024-12-19T01:35:31.000Z,1548760.0,S,2870.0,0.0,0.0,1.0
0000950103-24-017957,2024-12-19T01:35:31.000Z,1548760.0,S,869.0,0.0,0.0,1.0
0000950103-24-017957,2024-12-19T01:35:31.000Z,1548760.0,S,2152.0,0.0,0.0,1.0
0000950103-24-017957,2024-12-19T01:35:31.000Z,1548760.0,S,1611.0,0.0,0.0,1.0
0000950103-24-017957,2024-12-19T01:35:31.000Z,1548760.0,S,905.0,0.0,0.0,1.0
0000950103-24-017957,2024-12-19T01:35:31.000Z,1548760.0,S,663.0,0.0,0.0,1.0
0000950103-24-017957,2024-12-19T01:35:31.000Z,1548760.0,S,932.0,0.0,0.0,1.0
0000950103-24-017957,2024-12-19T01:35:31.000Z,1548760.0,S,460.0,0.0,0.0,1.0
0000950103-24-017957,2024-12-19T01:35:31.000Z,1548760.0,S,196.0,0.0,0.0,1.0
0000950103-24-017957,2024-12-19T01:35:31.000Z,1548760.0,S,100.0,630.77,63077.0,1.0
0000950103-24-017957,2024-12-19T01:35:31.000Z,1548760.0,S,200.0,631.9,126380.0,1.0
0000950103-24-017956,2024-12-19T01:34:59.000Z,1548760.0,S,1121.0,0.0,0.0,1.0
0000950103-24-017956,2024-12-19T01:34:59.000Z,1548760.0,S,1266.0,0.0,0.0,1.0
0000950103-24-017956,2024-12-19T01:34:59.000Z,1548760.0,S,4157.0,0.0,0.0,1.0
0000950103-24-017956,2024-12-19T01:34:59.000Z,1548760.0,S,3940.0,0.0,0.0,1.0
0000950103-24-017956,2024-12-19T01:34:59.000Z,1548760.0,S,2609.0,0.0,0.0,1.0
0000950103-24-017956,2024-12-19T01:34:59.000Z,1548760.0,S,729.0,0.0,0.0,1.0
0000950103-24-017956,2024-12-19T01:34:59.000Z,1548760.0,S,1691.0,0.0,0.0,1.0
0000950103-24-017956,2024-12-19T01:34:59.000Z,1548760.0,S,2223.0,0.0,0.0,1.0
0000950103-24-017956,2024-12-19T01:34:59.000Z,1548760.0,S,2133.0,0.0,0.0,1.0
0000950103-24-017956,2024-12-19T01:34:59.000Z,1548760.0,S,1820.0,0.0,0.0,1.0
0000950103-24-017956,2024-12-19T01:34:59.000Z,1548760.0,S,1257.0,0.0,0.0,1.0
0000950103-24-017956,2024-12-19T01:34:59.000Z,1548760.0,S,100.0,619.04,61904.0,1.0
0000950103-24-017956,2024-12-19T01:34:59.000Z,1548760.0,S,1223.0,0.0,0.0,1.0
0000950103-24-017956,2024-12-19T01:34:59.000Z,1548760.0,S,2138.0,0.0,0.0,1.0
0000950103-24-017956,2024-12-19T01:34:59.000Z,1548760.0,S,2054.0,0.0,0.0,1.0
0000950103-24-017956,2024-12-19T01:34:59.000Z,1548760.0,S,1700.0,0.0,0.0,1.0
0000950103-24-017956,2024-12-19T01:34:59.000Z,1548760.0,S,622.0,0.0,0.0,1.0
0000950103-24-017956,2024-12-19T01:34:59.000Z,1548760.0,S,1197.0,0.0,0.0,1.0
0000950103-24-017956,2024-12-19T01:34:59.000Z,1548760.0,S,1114.0,0.0,0.0,1.0
0000950103-24-017956,2024-12-19T01:34:59.000Z,1548760.0,S,1602.0,0.0,0.0,1.0
0000950103-24-017956,2024-12-19T01:34:59.000Z,1548760.0,S,938.0,0.0,0.0,1.0
0000950103-24-017956,2024-12-19T01:34:59.000Z,1548760.0,S,287.0,0.0,0.0,1.0
0000950103-24-017953,2024-12-18T23:26:05.000Z,1564475.0,S,413.0,629.56,260008.28,1.0
0000950103-24-017837,2024-12-16T23:27:38.000Z,1548760.0,S,2999.0,0.0,0.0,1.0
0000950103-24-017837,2024-12-16T23:27:38.000Z,1548760.0,S,4082.0,0.0,0.0,1.0
0000950103-24-017837,2024-12-16T23:27:38.000Z,1548760.0,S,4677.0,0.0,0.0,1.0
0000950103-24-017837,2024-12-16T23:27:38.000Z,1548760.0,S,2341.0,0.0,0.0,1.0
0000950103-24-017837,2024-12-16T23:27:38.000Z,1548760.0,S,533.0,0.0,0.0,1.0
0000950103-24-017837,2024-12-16T23:27:38.000Z,1548760.0,S,596.0,0.0,0.0,1.0
0000950103-24-017837,2024-12-16T23:27:38.000Z,1548760.0,S,190.0,623.53,118470.7,1.0
0000950103-24-017837,2024-12-16T23:27:38.000Z,1548760.0,S,1185.0,0.0,0.0,1.0
0000950103-24-017837,2024-12-16T23:27:38.000Z,1548760.0,S,696.0,0.0,0.0,1.0
0000950103-24-017837,2024-12-16T23:27:38.000Z,1548760.0,S,1635.0,0.0,0.0,1.0
0000950103-24-017837,2024-12-16T23:27:38.000Z,1548760.0,S,1485.0,0.0,0.0,1.0
0000950103-24-017837,2024-12-16T23:27:38.000Z,1548760.0,S,1847.0,0.0,0.0,1.0
0000950103-24-017837,2024-12-16T23:27:38.000Z,1548760.0,S,680.0,0.0,0.0,1.0
0000950103-24-017837,2024-12-16T23:27:38.000Z,1548760.0,S,1971.0,0.0,0.0,1.0
0000950103-24-017837,2024-12-16T23:27:38.000Z,1548760.0,S,2447.0,0.0,0.0,1.0
0000950103-24-017837,2024-12-16T23:27:38.000Z,1548760.0,S,3015.0,0.0,0.0,1.0
0000950103-24-017837,2024-12-16T23:27:38.000Z,1548760.0,S,526.0,0.0,0.0,1.0
0000950103-24-017837,2024-12-16T23:27:38.000Z,1548760.0,S,392.0,0.0,0.0,1.0
0000950103-24-017837,2024-12-16T23:27:38.000Z,1548760.0,S,305.0,0.0,0.0,1.0
0000950103-24-017837,2024-12-16T23:27:38.000Z,1548760.0,S,292.0,0.0,0.0,1.0
0000950103-24-017837,2024-12-16T23:27:38.000Z,1548760.0,S,500.0,0.0,0.0,1.0
0000950103-24-017837,2024-12-16T23:27:38.000Z,1548760.0,S,784.0,0.0,0.0,1.0
0000950103-24-017837,2024-12-16T23:27:38.000Z,1548760.0,S,769.0,0.0,0.0,1.0
0000950103-24-017837,2024-12-16T23:27:38.000Z,1548760.0,S,1094.0,0.0,0.0,1.0
0000950103-24-017837,2024-12-16T23:27:38.000Z,1548760.0,S,880.0,0.0,0.0,1.0
0000950103-24-017836,2024-12-16T23:22:14.000Z,1548760.0,S,200.0,627.5,125500.0,1.0
0000950103-24-017836,2024-12-16T23:22:14.000Z,1548760.0,S,2623.0,0.0,0.0,1.0
0000950103-24-017836,2024-12-16T23:22:14.000Z,1548760.0,S,4150.0,0.0,0.0,1.0
0000950103-24-017836,2024-12-16T23:22:14.000Z,1548760.0,S,3563.0,0.0,0.0,1.0
0000950103-24-017836,2024-12-16T23:22:14.000Z,1548760.0,S,3610.0,0.0,0.0,1.0
0000950103-24-017836,2024-12-16T23:22:14.000Z,1548760.0,S,3340.0,0.0,0.0,1.0
0000950103-24-017836,2024-12-16T23:22:14.000Z,1548760.0,S,2969.0,0.0,0.0,1.0
0000950103-24-017836,2024-12-16T23:22:14.000Z,1548760.0,S,2190.0,0.0,0.0,1.0
0000950103-24-017836,2024-12-16T23:22:14.000Z,1548760.0,S,301.0,0.0,0.0,1.0
0000950103-24-017836,2024-12-16T23:22:14.000Z,1548760.0,S,1267.0,0.0,0.0,1.0
0000950103-24-017836,2024-12-16T23:22:14.000Z,1548760.0,S,2162.0,0.0,0.0,1.0
0000950103-24-017836,2024-12-16T23:22:14.000Z,1548760.0,S,2566.0,0.0,0.0,1.0
0000950103-24-017836,2024-12-16T23:22:14.000Z,1548760.0,S,1618.0,0.0,0.0,1.0
0000950103-24-017836,2024-12-16T23:22:14.000Z,1548760.0,S,2334.0,0.0,0.0,1.0
0000950103-24-017836,2024-12-16T23:22:14.000Z,1548760.0,S,1815.0,0.0,0.0,1.0
0000950103-24-017836,2024-12-16T23:22:14.000Z,1548760.0,S,1017.0,0.0,0.0,1.0
0000950103-24-017836,2024-12-16T23:22:14.000Z,1548760.0,S,196.0,0.0,0.0,1.0
0000950103-24-017697,2024-12-12T23:17:01.000Z,1780525.0,S,905.0,618.0,559290.0,1.0
0000950103-24-017620,2024-12-12T01:52:09.000Z,1548760.0,S,100.0,623.37,62337.0,1.0
0000950103-24-017620,2024-12-12T01:52:09.000Z,1548760.0,S,200.0,0.0,0.0,1.0
0000950103-24-017620,2024-12-12T01:52:09.000Z,1548760.0,S,166.0,0.0,0.0,1.0
0000950103-24-017620,2024-12-12T01:52:09.000Z,1548760.0,S,603.0,0.0,0.0,1.0
0000950103-24-017620,2024-12-12T01:52:09.000Z,1548760.0,S,1445.0,0.0,0.0,1.0
0000950103-24-017620,2024-12-12T01:52:09.000Z,1548760.0,S,1092.0,0.0,0.0,1.0
0000950103-24-017620,2024-12-12T01:52:09.000Z,1548760.0,S,2408.0,0.0,0.0,1.0
0000950103-24-017620,2024-12-12T01:52:09.000Z,1548760.0,S,3337.0,0.0,0.0,1.0
0000950103-24-017620,2024-12-12T01:52:09.000Z,1548760.0,S,6474.0,0.0,0.0,1.0
0000950103-24-017620,2024-12-12T01:52:09.000Z,1548760.0,S,5341.0,0.0,0.0,1.0
0000950103-24-017620,2024-12-12T01:52:09.000Z,1548760.0,S,1290.0,0.0,0.0,1.0
0000950103-24-017620,2024-12-12T01:52:09.000Z,1548760.0,S,400.0,0.0,0.0,1.0
0000950103-24-017620,2024-12-12T01:52:09.000Z,1548760.0,S,90.0,638.05,57424.49999999999,1.0
0000950103-24-017620,2024-12-12T01:52:09.000Z,1548760.0,S,84.0,622.0,52248.0,1.0
0000950103-24-017620,2024-12-12T01:52:09.000Z,1548760.0,S,96.0,625.87,60083.52,1.0
0000950103-24-017620,2024-12-12T01:52:09.000Z,1548760.0,S,100.0,627.16,62716.0,1.0
0000950103-24-017620,2024-12-12T01:52:09.000Z,1548760.0,S,396.0,0.0,0.0,1.0
0000950103-24-017620,2024-12-12T01:52:09.000Z,1548760.0,S,880.0,0.0,0.0,1.0
0000950103-24-017620,2024-12-12T01:52:09.000Z,1548760.0,S,1080.0,0.0,0.0,1.0
0000950103-24-017620,2024-12-12T01:52:09.000Z,1548760.0,S,2052.0,0.0,0.0,1.0
0000950103-24-017620,2024-12-12T01:52:09.000Z,1548760.0,S,3058.0,0.0,0.0,1.0
0000950103-24-017620,2024-12-12T01:52:09.000Z,1548760.0,S,3329.0,0.0,0.0,1.0
0000950103-24-017620,2024-12-12T01:52:09.000Z,1548760.0,S,1280.0,0.0,0.0,1.0
0000950103-24-017620,2024-12-12T01:52:09.000Z,1548760.0,S,420.0,0.0,0.0,1.0
0000950103-24-017620,2024-12-12T01:52:09.000Z,1548760.0,S,100.0,637.13,63713.0,1.0
0000950103-24-017620,2024-12-12T01:52:09.000Z,1548760.0,S,100.0,638.37,63837.0,1.0
0000950103-24-017619,2024-12-12T01:50:30.000Z,1548760.0,S,599.0,0.0,0.0,1.0
0000950103-24-017619,2024-12-12T01:50:30.000Z,1548760.0,S,1420.0,0.0,0.0,1.0
0000950103-24-017619,2024-12-12T01:50:30.000Z,1548760.0,S,1220.0,0.0,0.0,1.0
0000950103-24-017619,2024-12-12T01:50:30.000Z,1548760.0,S,938.0,0.0,0.0,1.0
0000950103-24-017619,2024-12-12T01:50:30.000Z,1548760.0,S,1919.0,0.0,0.0,1.0
0000950103-24-017619,2024-12-12T01:50:30.000Z,1548760.0,S,4768.0,0.0,0.0,1.0
0000950103-24-017619,2024-12-12T01:50:30.000Z,1548760.0,S,2928.0,0.0,0.0,1.0
0000950103-24-017619,2024-12-12T01:50:30.000Z,1548760.0,S,3435.0,0.0,0.0,1.0
0000950103-24-017619,2024-12-12T01:50:30.000Z,1548760.0,S,1821.0,0.0,0.0,1.0
0000950103-24-017619,2024-12-12T01:50:30.000Z,1548760.0,S,1865.0,0.0,0.0,1.0
0000950103-24-017619,2024-12-12T01:50:30.000Z,1548760.0,S,1430.0,0.0,0.0,1.0
0000950103-24-017619,2024-12-12T01:50:30.000Z,1548760.0,S,500.0,0.0,0.0,1.0
0000950103-24-017619,2024-12-12T01:50:30.000Z,1548760.0,S,103.0,625.39,64415.17,1.0
0000950103-24-017619,2024-12-12T01:50:30.000Z,1548760.0,S,496.0,0.0,0.0,1.0
0000950103-24-017619,2024-12-12T01:50:30.000Z,1548760.0,S,992.0,0.0,0.0,1.0
0000950103-24-017619,2024-12-12T01:50:30.000Z,1548760.0,S,729.0,0.0,0.0,1.0
0000950103-24-017619,2024-12-12T01:50:30.000Z,1548760.0,S,396.0,0.0,0.0,1.0
0000950103-24-017619,2024-12-12T01:50:30.000Z,1548760.0,S,2107.0,0.0,0.0,1.0
0000950103-24-017619,2024-12-12T01:50:30.000Z,1548760.0,S,2314.0,0.0,0.0,1.0
0000950103-24-017619,2024-12-12T01:50:30.000Z,1548760.0,S,2307.0,0.0,0.0,1.0
0000950103-24-017619,2024-12-12T01:50:30.000Z,1548760.0,S,1193.0,0.0,0.0,1.0
0000950103-24-017619,2024-12-12T01:50:30.000Z,1548760.0,S,886.0,0.0,0.0,1.0
0000950103-24-017619,2024-12-12T01:50:30.000Z,1548760.0,S,1058.0,0.0,0.0,1.0
0000950103-24-017619,2024-12-12T01:50:30.000Z,1548760.0,S,497.0,0.0,0.0,1.0
0000950103-24-017618,2024-12-12T01:49:23.000Z,1548760.0,S,296.0,0.0,0.0,1.0
0000950103-24-017618,2024-12-12T01:49:23.000Z,1548760.0,S,96.0,607.99,58367.04,1.0
0000950103-24-017618,2024-12-12T01:49:23.000Z,1548760.0,S,1751.0,0.0,0.0,1.0
0000950103-24-017618,2024-12-12T01:49:23.000Z,1548760.0,S,2585.0,0.0,0.0,1.0
0000950103-24-017618,2024-12-12T01:49:23.000Z,1548760.0,S,1643.0,0.0,0.0,1.0
0000950103-24-017618,2024-12-12T01:49:23.000Z,1548760.0,S,1411.0,0.0,0.0,1.0
0000950103-24-017618,2024-12-12T01:49:23.000Z,1548760.0,S,786.0,0.0,0.0,1.0
0000950103-24-017618,2024-12-12T01:49:23.000Z,1548760.0,S,495.0,0.0,0.0,1.0
0000950103-24-017618,2024-12-12T01:49:23.000Z,1548760.0,S,192.0,0.0,0.0,1.0
0000950103-24-017618,2024-12-12T01:49:23.000Z,1548760.0,S,200.0,0.0,0.0,1.0
0000950103-24-017618,2024-12-12T01:49:23.000Z,1548760.0,S,492.0,0.0,0.0,1.0
0000950103-24-017618,2024-12-12T01:49:23.000Z,1548760.0,S,904.0,0.0,0.0,1.0
0000950103-24-017618,2024-12-12T01:49:23.000Z,1548760.0,S,1084.0,0.0,0.0,1.0
0000950103-24-017618,2024-12-12T01:49:23.000Z,1548760.0,S,296.0,0.0,0.0,1.0
0000950103-24-017618,2024-12-12T01:49:23.000Z,1548760.0,S,448.0,0.0,0.0,1.0
0000950103-24-017618,2024-12-12T01:49:23.000Z,1548760.0,S,296.0,0.0,0.0,1.0
0000950103-24-017617,2024-12-12T01:46:58.000Z,1548760.0,S,493.0,0.0,0.0,1.0
0000950103-24-017617,2024-12-12T01:46:58.000Z,1548760.0,S,200.0,0.0,0.0,1.0
0000950103-24-017617,2024-12-12T01:46:58.000Z,1548760.0,S,2492.0,0.0,0.0,1.0
0000950103-24-017617,2024-12-12T01:46:58.000Z,1548760.0,S,4415.0,0.0,0.0,1.0
0000950103-24-017617,2024-12-12T01:46:58.000Z,1548760.0,S,2918.0,0.0,0.0,1.0
0000950103-24-017617,2024-12-12T01:46:58.000Z,1548760.0,S,2538.0,0.0,0.0,1.0
0000950103-24-017617,2024-12-12T01:46:58.000Z,1548760.0,S,2173.0,0.0,0.0,1.0
0000950103-24-017617,2024-12-12T01:46:58.000Z,1548760.0,S,690.0,0.0,0.0,1.0
0000950103-24-017617,2024-12-12T01:46:58.000Z,1548760.0,S,395.0,0.0,0.0,1.0
0000950103-24-017617,2024-12-12T01:46:58.000Z,1548760.0,S,394.0,0.0,0.0,1.0
0000950103-24-017617,2024-12-12T01:46:58.000Z,1548760.0,S,670.0,0.0,0.0,1.0
0000950103-24-017617,2024-12-12T01:46:58.000Z,1548760.0,S,1518.0,0.0,0.0,1.0
0000950103-24-017617,2024-12-12T01:46:58.000Z,1548760.0,S,2043.0,0.0,0.0,1.0
0000950103-24-017617,2024-12-12T01:46:58.000Z,1548760.0,S,800.0,0.0,0.0,1.0
0000950103-24-017617,2024-12-12T01:46:58.000Z,1548760.0,S,680.0,0.0,0.0,1.0
0000950103-24-017617,2024-12-12T01:46:58.000Z,1548760.0,S,527.0,0.0,0.0,1.0
0000950103-24-017601,2024-12-11T23:27:52.000Z,1564475.0,S,413.0,623.5,257505.5,1.0
0000950103-24-017463,2024-12-10T00:16:48.000Z,1548760.0,S,384.0,0.0,0.0,1.0
0000950103-24-017463,2024-12-10T00:16:48.000Z,1548760.0,S,488.0,0.0,0.0,1.0
0000950103-24-017463,2024-12-10T00:16:48.000Z,1548760.0,S,392.0,0.0,0.0,1.0
0000950103-24-017463,2024-12-10T00:16:48.000Z,1548760.0,S,200.0,0.0,0.0,1.0
0000950103-24-017463,2024-12-10T00:16:48.000Z,1548760.0,S,401.0,0.0,0.0,1.0
0000950103-24-017463,2024-12-10T00:16:48.000Z,1548760.0,S,583.0,0.0,0.0,1.0
0000950103-24-017463,2024-12-10T00:16:48.000Z,1548760.0,S,480.0,0.0,0.0,1.0
0000950103-24-017463,2024-12-10T00:16:48.000Z,1548760.0,S,398.0,0.0,0.0,1.0
0000950103-24-017463,2024-12-10T00:16:48.000Z,1548760.0,S,638.0,0.0,0.0,1.0
0000950103-24-017463,2024-12-10T00:16:48.000Z,1548760.0,S,1135.0,0.0,0.0,1.0
0000950103-24-017463,2024-12-10T00:16:48.000Z,1548760.0,S,1878.0,0.0,0.0,1.0
0000950103-24-017463,2024-12-10T00:16:48.000Z,1548760.0,S,1869.0,0.0,0.0,1.0
0000950103-24-017463,2024-12-10T00:16:48.000Z,1548760.0,S,1886.0,0.0,0.0,1.0
0000950103-24-017463,2024-12-10T00:16:48.000Z,1548760.0,S,1384.0,0.0,0.0,1.0
0000950103-24-017463,2024-12-10T00:16:48.000Z,1548760.0,S,602.0,0.0,0.0,1.0
0000950103-24-017463,2024-12-10T00:16:48.000Z,1548760.0,S,121.0,0.0,0.0,1.0
0000950103-24-017463,2024-12-10T00:16:48.000Z,1548760.0,S,136.0,0.0,0.0,1.0
0000950103-24-017462,2024-12-10T00:13:13.000Z,1548760.0,S,590.0,0.0,0.0,1.0
0000950103-24-017462,2024-12-10T00:13:13.000Z,1548760.0,S,770.0,0.0,0.0,1.0
0000950103-24-017462,2024-12-10T00:13:13.000Z,1548760.0,S,670.0,0.0,0.0,1.0
0000950103-24-017462,2024-12-10T00:13:13.000Z,1548760.0,S,390.0,0.0,0.0,1.0
0000950103-24-017462,2024-12-10T00:13:13.000Z,1548760.0,S,290.0,0.0,0.0,1.0
0000950103-24-017462,2024-12-10T00:13:13.000Z,1548760.0,S,876.0,0.0,0.0,1.0
0000950103-24-017462,2024-12-10T00:13:13.000Z,1548760.0,S,762.0,0.0,0.0,1.0
0000950103-24-017462,2024-12-10T00:13:13.000Z,1548760.0,S,607.0,0.0,0.0,1.0
0000950103-24-017462,2024-12-10T00:13:13.000Z,1548760.0,S,975.0,0.0,0.0,1.0
0000950103-24-017462,2024-12-10T00:13:13.000Z,1548760.0,S,1004.0,0.0,0.0,1.0
0000950103-24-017462,2024-12-10T00:13:13.000Z,1548760.0,S,1714.0,0.0,0.0,1.0
0000950103-24-017462,2024-12-10T00:13:13.000Z,1548760.0,S,3906.0,0.0,0.0,1.0
0000950103-24-017462,2024-12-10T00:13:13.000Z,1548760.0,S,3251.0,0.0,0.0,1.0
0000950103-24-017462,2024-12-10T00:13:13.000Z,1548760.0,S,3216.0,0.0,0.0,1.0
0000950103-24-017462,2024-12-10T00:13:13.000Z,1548760.0,S,2097.0,0.0,0.0,1.0
0000950103-24-017462,2024-12-10T00:13:13.000Z,1548760.0,S,1153.0,0.0,0.0,1.0
0000950103-24-017462,2024-12-10T00:13:13.000Z,1548760.0,S,585.0,0.0,0.0,1.0
0000950103-24-017462,2024-12-10T00:13:13.000Z,1548760.0,S,90.0,628.89,56600.1,1.0
0000950103-24-017461,2024-12-10T00:08:05.000Z,1548760.0,S,1951.0,0.0,0.0,1.0
0000950103-24-017461,2024-12-10T00:08:05.000Z,1548760.0,S,5297.0,0.0,0.0,1.0
0000950103-24-017461,2024-12-10T00:08:05.000Z,1548760.0,S,1784.0,0.0,0.0,1.0
0000950103-24-017461,2024-12-10T00:08:05.000Z,1548760.0,S,4175.0,0.0,0.0,1.0
0000950103-24-017461,2024-12-10T00:08:05.000Z,1548760.0,S,3620.0,0.0,0.0,1.0
0000950103-24-017461,2024-12-10T00:08:05.000Z,1548760.0,S,2292.0,0.0,0.0,1.0
0000950103-24-017461,2024-12-10T00:08:05.000Z,1548760.0,S,2127.0,0.0,0.0,1.0
0000950103-24-017461,2024-12-10T00:08:05.000Z,1548760.0,S,800.0,0.0,0.0,1.0
0000950103-24-017461,2024-12-10T00:08:05.000Z,1548760.0,S,300.0,0.0,0.0,1.0
0000950103-24-017461,2024-12-10T00:08:05.000Z,1548760.0,S,400.0,0.0,0.0,1.0
0000950103-24-017461,2024-12-10T00:08:05.000Z,1548760.0,S,200.0,0.0,0.0,1.0
0000950103-24-017461,2024-12-10T00:08:05.000Z,1548760.0,S,1434.0,0.0,0.0,1.0
0000950103-24-017461,2024-12-10T00:08:05.000Z,1548760.0,S,2471.0,0.0,0.0,1.0
0000950103-24-017461,2024-12-10T00:08:05.000Z,1548760.0,S,1311.0,0.0,0.0,1.0
0000950103-24-017461,2024-12-10T00:08:05.000Z,1548760.0,S,2243.0,0.0,0.0,1.0
0000950103-24-017461,2024-12-10T00:08:05.000Z,1548760.0,S,2301.0,0.0,0.0,1.0
0000950103-24-017461,2024-12-10T00:08:05.000Z,1548760.0,S,1181.0,0.0,0.0,1.0
0000950103-24-017461,2024-12-10T00:08:05.000Z,1548760.0,S,1274.0,0.0,0.0,1.0
0000950103-24-017461,2024-12-10T00:08:05.000Z,1548760.0,S,296.0,0.0,0.0,1.0
0000950103-24-017461,2024-12-10T00:08:05.000Z,1548760.0,S,268.0,0.0,0.0,1.0
0000950103-24-017461,2024-12-10T00:08:05.000Z,1548760.0,S,96.0,618.25,59352.0,1.0
0000950103-24-017461,2024-12-10T00:08:05.000Z,1548760.0,S,100.0,619.25,61925.0,1.0
0000950103-24-017343,2024-12-05T23:19:27.000Z,1780525.0,S,905.0,595.0,538475.0,1.0
0000950103-24-017302,2024-12-05T01:57:52.000Z,1548760.0,S,916.0,0.0,0.0,1.0
0000950103-24-017302,2024-12-05T01:57:52.000Z,1548760.0,S,990.0,0.0,0.0,1.0
0000950103-24-017302,2024-12-05T01:57:52.000Z,1548760.0,S,2054.0,0.0,0.0,1.0
0000950103-24-017302,2024-12-05T01:57:52.000Z,1548760.0,S,2020.0,0.0,0.0,1.0
0000950103-24-017302,2024-12-05T01:57:52.000Z,1548760.0,S,4219.0,0.0,0.0,1.0
0000950103-24-017302,2024-12-05T01:57:52.000Z,1548760.0,S,1287.0,0.0,0.0,1.0
0000950103-24-017302,2024-12-05T01:57:52.000Z,1548760.0,S,1697.0,0.0,0.0,1.0
0000950103-24-017302,2024-12-05T01:57:52.000Z,1548760.0,S,5069.0,0.0,0.0,1.0
0000950103-24-017302,2024-12-05T01:57:52.000Z,1548760.0,S,2937.0,0.0,0.0,1.0
0000950103-24-017302,2024-12-05T01:57:52.000Z,1548760.0,S,1337.0,0.0,0.0,1.0
0000950103-24-017302,2024-12-05T01:57:52.000Z,1548760.0,S,420.0,0.0,0.0,1.0
0000950103-24-017302,2024-12-05T01:57:52.000Z,1548760.0,S,488.0,0.0,0.0,1.0
0000950103-24-017302,2024-12-05T01:57:52.000Z,1548760.0,S,968.0,0.0,0.0,1.0
0000950103-24-017302,2024-12-05T01:57:52.000Z,1548760.0,S,952.0,0.0,0.0,1.0
0000950103-24-017302,2024-12-05T01:57:52.000Z,1548760.0,S,2025.0,0.0,0.0,1.0
0000950103-24-017302,2024-12-05T01:57:52.000Z,1548760.0,S,1456.0,0.0,0.0,1.0
0000950103-24-017302,2024-12-05T01:57:52.000Z,1548760.0,S,904.0,0.0,0.0,1.0
0000950103-24-017302,2024-12-05T01:57:52.000Z,1548760.0,S,1890.0,0.0,0.0,1.0
0000950103-24-017302,2024-12-05T01:57:52.000Z,1548760.0,S,2214.0,0.0,0.0,1.0
0000950103-24-017302,2024-12-05T01:57:52.000Z,1548760.0,S,1786.0,0.0,0.0,1.0
0000950103-24-017302,2024-12-05T01:57:52.000Z,1548760.0,S,292.0,0.0,0.0,1.0
0000950103-24-017290,2024-12-04T23:16:14.000Z,1548760.0,S,120.0,0.0,0.0,1.0
0000950103-24-017290,2024-12-04T23:16:14.000Z,1548760.0,S,270.0,0.0,0.0,1.0
0000950103-24-017290,2024-12-04T23:16:14.000Z,1548760.0,S,803.0,0.0,0.0,1.0
0000950103-24-017290,2024-12-04T23:16:14.000Z,1548760.0,S,1656.0,0.0,0.0,1.0
0000950103-24-017290,2024-12-04T23:16:14.000Z,1548760.0,S,4217.0,0.0,0.0,1.0
0000950103-24-017290,2024-12-04T23:16:14.000Z,1548760.0,S,1738.0,0.0,0.0,1.0
0000950103-24-017290,2024-12-04T23:16:14.000Z,1548760.0,S,2564.0,0.0,0.0,1.0
0000950103-24-017290,2024-12-04T23:16:14.000Z,1548760.0,S,3711.0,0.0,0.0,1.0
0000950103-24-017290,2024-12-04T23:16:14.000Z,1548760.0,S,1362.0,0.0,0.0,1.0
0000950103-24-017290,2024-12-04T23:16:14.000Z,1548760.0,S,2311.0,0.0,0.0,1.0
0000950103-24-017290,2024-12-04T23:16:14.000Z,1548760.0,S,938.0,0.0,0.0,1.0
0000950103-24-017290,2024-12-04T23:16:14.000Z,1548760.0,S,954.0,0.0,0.0,1.0
0000950103-24-017290,2024-12-04T23:16:14.000Z,1548760.0,S,1592.0,0.0,0.0,1.0
0000950103-24-017290,2024-12-04T23:16:14.000Z,1548760.0,S,710.0,0.0,0.0,1.0
0000950103-24-017290,2024-12-04T23:16:14.000Z,1548760.0,S,122.0,0.0,0.0,1.0
0000950103-24-017290,2024-12-04T23:16:14.000Z,1548760.0,S,99.0,601.05,59503.95,1.0
0000950103-24-017290,2024-12-04T23:16:14.000Z,1548760.0,S,495.0,0.0,0.0,1.0
0000950103-24-017290,2024-12-04T23:16:14.000Z,1548760.0,S,950.0,0.0,0.0,1.0
0000950103-24-017290,2024-12-04T23:16:14.000Z,1548760.0,S,2430.0,0.0,0.0,1.0
0000950103-24-017290,2024-12-04T23:16:14.000Z,1548760.0,S,1054.0,0.0,0.0,1.0
0000950103-24-017290,2024-12-04T23:16:14.000Z,1548760.0,S,1552.0,0.0,0.0,1.0
0000950103-24-017290,2024-12-04T23:16:14.000Z,1548760.0,S,2020.0,0.0,0.0,1.0
0000950103-24-017290,2024-12-04T23:16:14.000Z,1548760.0,S,725.0,0.0,0.0,1.0
0000950103-24-017290,2024-12-04T23:16:14.000Z,1548760.0,S,1628.0,0.0,0.0,1.0
0000950103-24-017290,2024-12-04T23:16:14.000Z,1548760.0,S,258.0,0.0,0.0,1.0
0000950103-24-017290,2024-12-04T23:16:14.000Z,1548760.0,S,594.0,0.0,0.0,1.0
0000950103-24-017290,2024-12-04T23:16:14.000Z,1548760.0,S,1048.0,0.0,0.0,1.0
0000950103-24-017288,2024-12-04T23:05:40.000Z,1564475.0,S,413.0,577.49,238503.37,1.0
0000950103-24-016961,2024-11-27T23:19:44.000Z,1780525.0,S,905.0,565.3,511596.5,1.0
0000950103-24-016813,2024-11-26T23:25:38.000Z,1564475.0,S,413.0,562.77,232424.01,1.0
0000950103-24-016635,2024-11-21T23:05:53.000Z,1780525.0,S,905.0,552.3,499831.5,1.0
0000950103-24-016540,2024-11-19T23:41:23.000Z,1917373.0,S,0.0,577.16,0.0,1.0
0000950103-24-016540,2024-11-19T23:41:23.000Z,1917373.0,S,3056.0,0.0,0.0,1.0
0000950103-24-016540,2024-11-19T23:41:23.000Z,1917373.0,S,6981.0,0.0,0.0,1.0
0000950103-24-016540,2024-11-19T23:41:23.000Z,1917373.0,S,3649.0,0.0,0.0,1.0
0000950103-24-016540,2024-11-19T23:41:23.000Z,1917373.0,S,1060.0,0.0,0.0,1.0
0000950103-24-016539,2024-11-19T23:39:38.000Z,1739092.0,S,0.0,577.16,0.0,1.0
0000950103-24-016539,2024-11-19T23:39:38.000Z,1739092.0,S,0.0,577.16,0.0,1.0
0000950103-24-016539,2024-11-19T23:39:38.000Z,1739092.0,S,3780.0,0.0,0.0,1.0
0000950103-24-016539,2024-11-19T23:39:38.000Z,1739092.0,S,9166.0,0.0,0.0,1.0
0000950103-24-016539,2024-11-19T23:39:38.000Z,1739092.0,S,4106.0,0.0,0.0,1.0
0000950103-24-016539,2024-11-19T23:39:38.000Z,1739092.0,S,1592.0,0.0,0.0,1.0
0000950103-24-016538,2024-11-19T23:39:36.000Z,1915704.0,S,0.0,577.16,0.0,1.0
0000950103-24-016538,2024-11-19T23:39:36.000Z,1915704.0,S,2000.0,0.0,0.0,1.0
0000950103-24-016538,2024-11-19T23:39:36.000Z,1915704.0,S,3261.0,0.0,0.0,1.0
0000950103-24-016538,2024-11-19T23:39:36.000Z,1915704.0,S,1835.0,0.0,0.0,1.0
0000950103-24-016538,2024-11-19T23:39:36.000Z,1915704.0,S,200.0,0.0,0.0,1.0
0000950103-24-016537,2024-11-19T23:39:21.000Z,1645073.0,S,731.0,557.0,407167.0,1.0
0000950103-24-016536,2024-11-19T23:37:57.000Z,1564475.0,S,0.0,577.16,0.0,1.0
0000950103-24-016536,2024-11-19T23:37:57.000Z,1564475.0,S,620.0,557.0,345340.0,1.0
0000950103-24-016535,2024-11-19T23:37:42.000Z,,-,,,,
0000950103-24-016534,2024-11-19T23:35:42.000Z,,-,,,,
0000950103-24-016533,2024-11-19T23:35:08.000Z,,-,,,,
0000950103-24-016532,2024-11-19T23:32:50.000Z,,-,,,,
0000950103-24-016531,2024-11-19T23:29:42.000Z,,-,,,,
0000950103-24-016101,2024-11-07T23:13:49.000Z,1780525.0,S,901.0,567.7,511497.70000000007,1.0
0000950103-24-016020,2024-11-05T23:26:21.000Z,,-,,,,
0000950103-24-016019,2024-11-05T23:17:09.000Z,1564475.0,S,413.0,567.58,234410.54,1.0
0000950103-24-015834,2024-11-01T22:20:20.000Z,1548760.0,S,420.0,0.0,0.0,1.0
0000950103-24-015743,2024-10-31T22:18:25.000Z,1780525.0,S,905.0,580.1,524990.5,1.0
0000950103-24-015650,2024-10-31T01:15:03.000Z,1736236.0,S,873.0,582.5,508522.5,1.0
0000950103-24-015534,2024-10-29T22:31:59.000Z,1564475.0,S,413.0,574.16,237128.08,1.0
0000950103-24-015360,2024-10-24T22:19:21.000Z,1780525.0,S,905.0,574.7,520103.50000000006,1.0
0000950103-24-015282,2024-10-22T22:13:20.000Z,1564475.0,S,413.0,580.65,239808.45,1.0
0000950103-24-015093,2024-10-17T22:12:41.000Z,1780525.0,S,905.0,589.97,533922.85,1.0
0000950103-24-015015,2024-10-16T22:21:18.000Z,1548760.0,S,84.0,600.0,50400.0,1.0
0000950103-24-014962,2024-10-15T22:13:05.000Z,1564475.0,S,413.0,584.83,241534.79,1.0
0000950103-24-014831,2024-10-10T22:52:04.000Z,,-,,,,
0000950103-24-014828,2024-10-10T22:06:48.000Z,1780525.0,S,905.0,589.89,533850.45,1.0
0000950103-24-014767,2024-10-09T22:11:57.000Z,1548760.0,S,392.0,0.0,0.0,1.0
0000950103-24-014767,2024-10-09T22:11:57.000Z,1548760.0,S,100.0,601.32,60132.00000000001,1.0
0000950103-24-014728,2024-10-08T22:11:21.000Z,1564475.0,S,413.0,583.73,241080.49,1.0
0000950103-24-014595,2024-10-03T22:13:21.000Z,1780525.0,S,905.0,578.55,523587.75,1.0
0000950103-24-014373,2024-10-01T22:37:25.000Z,1564475.0,S,413.0,570.0,235410.0,1.0
0000950103-24-014008,2024-09-26T22:09:16.000Z,1780525.0,S,905.0,567.0,513135.0,1.0
0000950103-24-013949,2024-09-25T22:07:26.000Z,1607459.0,S,10000.0,569.93,5699299.999999999,1.0
0000950103-24-013900,2024-09-24T22:21:09.000Z,1564475.0,S,413.0,560.0,231280.0,1.0
0000950103-24-013855,2024-09-23T22:34:29.000Z,1607459.0,S,10000.0,0.0,0.0,1.0
0000950103-24-013855,2024-09-23T22:34:29.000Z,1607459.0,S,10000.0,0.0,0.0,1.0
0000950103-24-013771,2024-09-19T22:42:29.000Z,1780525.0,S,905.0,537.72,486636.6,1.0
0000950103-24-013689,2024-09-17T22:10:22.000Z,1564475.0,S,413.0,520.57,214995.41000000003,1.0
0000950103-24-013517,2024-09-12T22:38:42.000Z,1780525.0,S,905.0,507.63,459405.15,1.0
0000950103-24-013418,2024-09-10T22:17:06.000Z,1564475.0,S,413.0,522.0,215586.0,1.0
0000950103-24-013265,2024-09-05T22:04:21.000Z,1780525.0,S,905.0,520.0,470600.0,1.0
0000950103-24-013192,2024-09-05T00:10:19.000Z,1564475.0,S,413.0,521.35,215317.55,1.0
0000950103-24-013062,2024-09-04T00:40:43.000Z,1548760.0,S,434.0,0.0,0.0,1.0
0000950103-24-013062,2024-09-04T00:40:43.000Z,1548760.0,S,1007.0,0.0,0.0,1.0
0000950103-24-013062,2024-09-04T00:40:43.000Z,1548760.0,S,629.0,0.0,0.0,1.0
0000950103-24-013062,2024-09-04T00:40:43.000Z,1548760.0,S,821.0,0.0,0.0,1.0
0000950103-24-013062,2024-09-04T00:40:43.000Z,1548760.0,S,983.0,0.0,0.0,1.0
0000950103-24-013062,2024-09-04T00:40:43.000Z,1548760.0,S,810.0,0.0,0.0,1.0
0000950103-24-013062,2024-09-04T00:40:43.000Z,1548760.0,S,225.0,0.0,0.0,1.0
0000950103-24-013061,2024-09-04T00:36:05.000Z,1548760.0,S,736.0,0.0,0.0,1.0
0000950103-24-013061,2024-09-04T00:36:05.000Z,1548760.0,S,886.0,0.0,0.0,1.0
0000950103-24-013061,2024-09-04T00:36:05.000Z,1548760.0,S,409.0,0.0,0.0,1.0
0000950103-24-013061,2024-09-04T00:36:05.000Z,1548760.0,S,503.0,0.0,0.0,1.0
0000950103-24-013061,2024-09-04T00:36:05.000Z,1548760.0,S,576.0,0.0,0.0,1.0
0000950103-24-013061,2024-09-04T00:36:05.000Z,1548760.0,S,1523.0,0.0,0.0,1.0
0000950103-24-013061,2024-09-04T00:36:05.000Z,1548760.0,S,1207.0,0.0,0.0,1.0
0000950103-24-013061,2024-09-04T00:36:05.000Z,1548760.0,S,1592.0,0.0,0.0,1.0
0000950103-24-013061,2024-09-04T00:36:05.000Z,1548760.0,S,440.0,0.0,0.0,1.0
0000950103-24-013061,2024-09-04T00:36:05.000Z,1548760.0,S,103.0,0.0,0.0,1.0
0000950103-24-012868,2024-08-29T22:06:52.000Z,1739092.0,S,1185.0,0.0,0.0,1.0
0000950103-24-012868,2024-08-29T22:06:52.000Z,1739092.0,S,2479.0,0.0,0.0,1.0
0000950103-24-012868,2024-08-29T22:06:52.000Z,1739092.0,S,3329.0,0.0,0.0,1.0
0000950103-24-012868,2024-08-29T22:06:52.000Z,1739092.0,S,1878.0,0.0,0.0,1.0
0000950103-24-012868,2024-08-29T22:06:52.000Z,1739092.0,S,725.0,0.0,0.0,1.0
0000950103-24-012868,2024-08-29T22:06:52.000Z,1739092.0,S,1118.0,0.0,0.0,1.0
0000950103-24-012868,2024-08-29T22:06:52.000Z,1739092.0,S,2336.0,0.0,0.0,1.0
0000950103-24-012868,2024-08-29T22:06:52.000Z,1739092.0,S,3138.0,0.0,0.0,1.0
0000950103-24-012868,2024-08-29T22:06:52.000Z,1739092.0,S,1770.0,0.0,0.0,1.0
0000950103-24-012868,2024-08-29T22:06:52.000Z,1739092.0,S,684.0,0.0,0.0,1.0
0000950103-24-012868,2024-08-29T22:06:52.000Z,1739092.0,S,1394.0,0.0,0.0,1.0
0000950103-24-012868,2024-08-29T22:06:52.000Z,1739092.0,S,3963.0,0.0,0.0,1.0
0000950103-24-012868,2024-08-29T22:06:52.000Z,1739092.0,S,4864.0,0.0,0.0,1.0
0000950103-24-012868,2024-08-29T22:06:52.000Z,1739092.0,S,2738.0,0.0,0.0,1.0
0000950103-24-012868,2024-08-29T22:06:52.000Z,1739092.0,S,1417.0,0.0,0.0,1.0
0000950103-24-012867,2024-08-29T22:04:38.000Z,1780525.0,S,905.0,519.05,469740.25,1.0
0000950103-24-012761,2024-08-29T00:45:19.000Z,1548760.0,S,330.0,0.0,0.0,1.0
0000950103-24-012761,2024-08-29T00:45:19.000Z,1548760.0,S,2403.0,0.0,0.0,1.0
0000950103-24-012761,2024-08-29T00:45:19.000Z,1548760.0,S,2154.0,0.0,0.0,1.0
0000950103-24-012761,2024-08-29T00:45:19.000Z,1548760.0,S,1462.0,0.0,0.0,1.0
0000950103-24-012761,2024-08-29T00:45:19.000Z,1548760.0,S,1184.0,0.0,0.0,1.0
0000950103-24-012761,2024-08-29T00:45:19.000Z,1548760.0,S,346.0,0.0,0.0,1.0
0000950103-24-012761,2024-08-29T00:45:19.000Z,1548760.0,S,96.0,520.59,49976.64,1.0
0000950103-24-012760,2024-08-29T00:42:36.000Z,1548760.0,S,388.0,0.0,0.0,1.0
0000950103-24-012760,2024-08-29T00:42:36.000Z,1548760.0,S,545.0,0.0,0.0,1.0
0000950103-24-012760,2024-08-29T00:42:36.000Z,1548760.0,S,2091.0,0.0,0.0,1.0
0000950103-24-012760,2024-08-29T00:42:36.000Z,1548760.0,S,1923.0,0.0,0.0,1.0
0000950103-24-012760,2024-08-29T00:42:36.000Z,1548760.0,S,1835.0,0.0,0.0,1.0
0000950103-24-012760,2024-08-29T00:42:36.000Z,1548760.0,S,1075.0,0.0,0.0,1.0
0000950103-24-012760,2024-08-29T00:42:36.000Z,1548760.0,S,118.0,0.0,0.0,1.0
0000950103-24-012760,2024-08-29T00:42:36.000Z,1548760.0,S,132.0,0.0,0.0,1.0
0000950103-24-012760,2024-08-29T00:42:36.000Z,1548760.0,S,466.0,0.0,0.0,1.0
0000950103-24-012760,2024-08-29T00:42:36.000Z,1548760.0,S,914.0,0.0,0.0,1.0
0000950103-24-012760,2024-08-29T00:42:36.000Z,1548760.0,S,434.0,0.0,0.0,1.0
0000950103-24-012760,2024-08-29T00:42:36.000Z,1548760.0,S,503.0,0.0,0.0,1.0
0000950103-24-012760,2024-08-29T00:42:36.000Z,1548760.0,S,208.0,0.0,0.0,1.0
0000950103-24-012759,2024-08-29T00:40:15.000Z,1548760.0,S,396.0,0.0,0.0,1.0
0000950103-24-012759,2024-08-29T00:40:15.000Z,1548760.0,S,302.0,0.0,0.0,1.0
0000950103-24-012759,2024-08-29T00:40:15.000Z,1548760.0,S,786.0,0.0,0.0,1.0
0000950103-24-012759,2024-08-29T00:40:15.000Z,1548760.0,S,1568.0,0.0,0.0,1.0
0000950103-24-012759,2024-08-29T00:40:15.000Z,1548760.0,S,2754.0,0.0,0.0,1.0
0000950103-24-012759,2024-08-29T00:40:15.000Z,1548760.0,S,1477.0,0.0,0.0,1.0
0000950103-24-012759,2024-08-29T00:40:15.000Z,1548760.0,S,312.0,0.0,0.0,1.0
0000950103-24-012759,2024-08-29T00:40:15.000Z,1548760.0,S,296.0,0.0,0.0,1.0
0000950103-24-012759,2024-08-29T00:40:15.000Z,1548760.0,S,84.0,527.6,44318.4,1.0
0000950103-24-012759,2024-08-29T00:40:15.000Z,1548760.0,S,196.0,0.0,0.0,1.0
0000950103-24-012759,2024-08-29T00:40:15.000Z,1548760.0,S,391.0,0.0,0.0,1.0
0000950103-24-012759,2024-08-29T00:40:15.000Z,1548760.0,S,699.0,0.0,0.0,1.0
0000950103-24-012759,2024-08-29T00:40:15.000Z,1548760.0,S,1361.0,0.0,0.0,1.0
0000950103-24-012759,2024-08-29T00:40:15.000Z,1548760.0,S,3302.0,0.0,0.0,1.0
0000950103-24-012759,2024-08-29T00:40:15.000Z,1548760.0,S,1561.0,0.0,0.0,1.0
0000950103-24-012759,2024-08-29T00:40:15.000Z,1548760.0,S,501.0,0.0,0.0,1.0
0000950103-24-012759,2024-08-29T00:40:15.000Z,1548760.0,S,252.0,0.0,0.0,1.0
0000950103-24-012759,2024-08-29T00:40:15.000Z,1548760.0,S,408.0,0.0,0.0,1.0
0000950103-24-012759,2024-08-29T00:40:15.000Z,1548760.0,S,56.0,0.0,0.0,1.0
0000950103-24-012688,2024-08-27T22:09:09.000Z,1564475.0,S,413.0,536.92,221747.96,1.0
0000950103-24-012636,2024-08-27T01:40:16.000Z,1548760.0,S,239.0,0.0,0.0,1.0
0000950103-24-012636,2024-08-27T01:40:16.000Z,1548760.0,S,1830.0,0.0,0.0,1.0
0000950103-24-012636,2024-08-27T01:40:16.000Z,1548760.0,S,1285.0,0.0,0.0,1.0
0000950103-24-012636,2024-08-27T01:40:16.000Z,1548760.0,S,530.0,0.0,0.0,1.0
0000950103-24-012636,2024-08-27T01:40:16.000Z,1548760.0,S,514.0,0.0,0.0,1.0
0000950103-24-012636,2024-08-27T01:40:16.000Z,1548760.0,S,381.0,0.0,0.0,1.0
0000950103-24-012636,2024-08-27T01:40:16.000Z,1548760.0,S,360.0,0.0,0.0,1.0
0000950103-24-012636,2024-08-27T01:40:16.000Z,1548760.0,S,804.0,0.0,0.0,1.0
0000950103-24-012636,2024-08-27T01:40:16.000Z,1548760.0,S,1032.0,0.0,0.0,1.0
0000950103-24-012636,2024-08-27T01:40:16.000Z,1548760.0,S,387.0,0.0,0.0,1.0
0000950103-24-012636,2024-08-27T01:40:16.000Z,1548760.0,S,496.0,0.0,0.0,1.0
0000950103-24-012636,2024-08-27T01:40:16.000Z,1548760.0,S,117.0,0.0,0.0,1.0
0000950103-24-012636,2024-08-27T01:40:16.000Z,1548760.0,S,504.0,0.0,0.0,1.0
0000950103-24-012636,2024-08-27T01:40:16.000Z,1548760.0,S,1859.0,0.0,0.0,1.0
0000950103-24-012636,2024-08-27T01:40:16.000Z,1548760.0,S,1483.0,0.0,0.0,1.0
0000950103-24-012636,2024-08-27T01:40:16.000Z,1548760.0,S,392.0,0.0,0.0,1.0
0000950103-24-012636,2024-08-27T01:40:16.000Z,1548760.0,S,388.0,0.0,0.0,1.0
0000950103-24-012636,2024-08-27T01:40:16.000Z,1548760.0,S,695.0,0.0,0.0,1.0
0000950103-24-012636,2024-08-27T01:40:16.000Z,1548760.0,S,370.0,0.0,0.0,1.0
0000950103-24-012636,2024-08-27T01:40:16.000Z,1548760.0,S,240.0,0.0,0.0,1.0
0000950103-24-012636,2024-08-27T01:40:16.000Z,1548760.0,S,639.0,0.0,0.0,1.0
0000950103-24-012636,2024-08-27T01:40:16.000Z,1548760.0,S,1036.0,0.0,0.0,1.0
0000950103-24-012636,2024-08-27T01:40:16.000Z,1548760.0,S,577.0,0.0,0.0,1.0
0000950103-24-012636,2024-08-27T01:40:16.000Z,1548760.0,S,364.0,0.0,0.0,1.0
0000950103-24-012636,2024-08-27T01:40:16.000Z,1548760.0,S,180.0,0.0,0.0,1.0
0000950103-24-012635,2024-08-27T01:37:51.000Z,1548760.0,S,900.0,0.0,0.0,1.0
0000950103-24-012635,2024-08-27T01:37:51.000Z,1548760.0,S,635.0,0.0,0.0,1.0
0000950103-24-012635,2024-08-27T01:37:51.000Z,1548760.0,S,500.0,0.0,0.0,1.0
0000950103-24-012635,2024-08-27T01:37:51.000Z,1548760.0,S,400.0,0.0,0.0,1.0
0000950103-24-012635,2024-08-27T01:37:51.000Z,1548760.0,S,600.0,0.0,0.0,1.0
0000950103-24-012635,2024-08-27T01:37:51.000Z,1548760.0,S,500.0,0.0,0.0,1.0
0000950103-24-012635,2024-08-27T01:37:51.000Z,1548760.0,S,1400.0,0.0,0.0,1.0
0000950103-24-012635,2024-08-27T01:37:51.000Z,1548760.0,S,644.0,0.0,0.0,1.0
0000950103-24-012635,2024-08-27T01:37:51.000Z,1548760.0,S,400.0,0.0,0.0,1.0
0000950103-24-012635,2024-08-27T01:37:51.000Z,1548760.0,S,500.0,0.0,0.0,1.0
0000950103-24-012635,2024-08-27T01:37:51.000Z,1548760.0,S,800.0,0.0,0.0,1.0
0000950103-24-012635,2024-08-27T01:37:51.000Z,1548760.0,S,496.0,0.0,0.0,1.0
0000950103-24-012635,2024-08-27T01:37:51.000Z,1548760.0,S,200.0,0.0,0.0,1.0
0000950103-24-012635,2024-08-27T01:37:51.000Z,1548760.0,S,1102.0,0.0,0.0,1.0
0000950103-24-012635,2024-08-27T01:37:51.000Z,1548760.0,S,1153.0,0.0,0.0,1.0
0000950103-24-012635,2024-08-27T01:37:51.000Z,1548760.0,S,460.0,0.0,0.0,1.0
0000950103-24-012635,2024-08-27T01:37:51.000Z,1548760.0,S,463.0,0.0,0.0,1.0
0000950103-24-012635,2024-08-27T01:37:51.000Z,1548760.0,S,307.0,0.0,0.0,1.0
0000950103-24-012635,2024-08-27T01:37:51.000Z,1548760.0,S,870.0,0.0,0.0,1.0
0000950103-24-012635,2024-08-27T01:37:51.000Z,1548760.0,S,990.0,0.0,0.0,1.0
0000950103-24-012635,2024-08-27T01:37:51.000Z,1548760.0,S,798.0,0.0,0.0,1.0
0000950103-24-012635,2024-08-27T01:37:51.000Z,1548760.0,S,284.0,0.0,0.0,1.0
0000950103-24-012635,2024-08-27T01:37:51.000Z,1548760.0,S,377.0,0.0,0.0,1.0
0000950103-24-012635,2024-08-27T01:37:51.000Z,1548760.0,S,954.0,0.0,0.0,1.0
0000950103-24-012635,2024-08-27T01:37:51.000Z,1548760.0,S,503.0,0.0,0.0,1.0
0000950103-24-012635,2024-08-27T01:37:51.000Z,1548760.0,S,370.0,0.0,0.0,1.0
0000950103-24-012635,2024-08-27T01:37:51.000Z,1548760.0,S,96.0,543.43,52169.28,1.0
0000950103-24-012547,2024-08-22T22:06:49.000Z,1780525.0,S,905.0,528.38,478183.9,1.0
0000950103-24-012546,2024-08-22T22:05:25.000Z,,-,,,,
0000950103-24-012509,2024-08-22T00:13:16.000Z,1548760.0,S,444.0,0.0,0.0,1.0
0000950103-24-012509,2024-08-22T00:13:16.000Z,1548760.0,S,568.0,0.0,0.0,1.0
0000950103-24-012509,2024-08-22T00:13:16.000Z,1548760.0,S,642.0,0.0,0.0,1.0
0000950103-24-012509,2024-08-22T00:13:16.000Z,1548760.0,S,1184.0,0.0,0.0,1.0
0000950103-24-012509,2024-08-22T00:13:16.000Z,1548760.0,S,1631.0,0.0,0.0,1.0
0000950103-24-012509,2024-08-22T00:13:16.000Z,1548760.0,S,963.0,0.0,0.0,1.0
0000950103-24-012509,2024-08-22T00:13:16.000Z,1548760.0,S,831.0,0.0,0.0,1.0
0000950103-24-012509,2024-08-22T00:13:16.000Z,1548760.0,S,592.0,0.0,0.0,1.0
0000950103-24-012509,2024-08-22T00:13:16.000Z,1548760.0,S,651.0,0.0,0.0,1.0
0000950103-24-012509,2024-08-22T00:13:16.000Z,1548760.0,S,457.0,0.0,0.0,1.0
0000950103-24-012509,2024-08-22T00:13:16.000Z,1548760.0,S,12.0,0.0,0.0,1.0
0000950103-24-012509,2024-08-22T00:13:16.000Z,1548760.0,S,839.0,0.0,0.0,1.0
0000950103-24-012509,2024-08-22T00:13:16.000Z,1548760.0,S,280.0,0.0,0.0,1.0
0000950103-24-012509,2024-08-22T00:13:16.000Z,1548760.0,S,688.0,0.0,0.0,1.0
0000950103-24-012509,2024-08-22T00:13:16.000Z,1548760.0,S,930.0,0.0,0.0,1.0
0000950103-24-012509,2024-08-22T00:13:16.000Z,1548760.0,S,2111.0,0.0,0.0,1.0
0000950103-24-012509,2024-08-22T00:13:16.000Z,1548760.0,S,992.0,0.0,0.0,1.0
0000950103-24-012509,2024-08-22T00:13:16.000Z,1548760.0,S,1103.0,0.0,0.0,1.0
0000950103-24-012509,2024-08-22T00:13:16.000Z,1548760.0,S,601.0,0.0,0.0,1.0
0000950103-24-012509,2024-08-22T00:13:16.000Z,1548760.0,S,448.0,0.0,0.0,1.0
0000950103-24-012509,2024-08-22T00:13:16.000Z,1548760.0,S,635.0,0.0,0.0,1.0
0000950103-24-012509,2024-08-22T00:13:16.000Z,1548760.0,S,100.0,539.03,53903.0,1.0
0000950103-24-012508,2024-08-22T00:11:35.000Z,1548760.0,S,1720.0,0.0,0.0,1.0
0000950103-24-012508,2024-08-22T00:11:35.000Z,1548760.0,S,2469.0,0.0,0.0,1.0
0000950103-24-012508,2024-08-22T00:11:35.000Z,1548760.0,S,2406.0,0.0,0.0,1.0
0000950103-24-012508,2024-08-22T00:11:35.000Z,1548760.0,S,1134.0,0.0,0.0,1.0
0000950103-24-012508,2024-08-22T00:11:35.000Z,1548760.0,S,246.0,0.0,0.0,1.0
0000950103-24-012508,2024-08-22T00:11:35.000Z,1548760.0,S,2830.0,0.0,0.0,1.0
0000950103-24-012508,2024-08-22T00:11:35.000Z,1548760.0,S,2228.0,0.0,0.0,1.0
0000950103-24-012508,2024-08-22T00:11:35.000Z,1548760.0,S,2471.0,0.0,0.0,1.0
0000950103-24-012508,2024-08-22T00:11:35.000Z,1548760.0,S,1006.0,0.0,0.0,1.0
0000950103-24-012508,2024-08-22T00:11:35.000Z,1548760.0,S,192.0,0.0,0.0,1.0
0000950103-24-012505,2024-08-22T00:06:44.000Z,1548760.0,S,191.0,0.0,0.0,1.0
0000950103-24-012505,2024-08-22T00:06:44.000Z,1548760.0,S,644.0,0.0,0.0,1.0
0000950103-24-012505,2024-08-22T00:06:44.000Z,1548760.0,S,1159.0,0.0,0.0,1.0
0000950103-24-012505,2024-08-22T00:06:44.000Z,1548760.0,S,2915.0,0.0,0.0,1.0
0000950103-24-012505,2024-08-22T00:06:44.000Z,1548760.0,S,1380.0,0.0,0.0,1.0
0000950103-24-012505,2024-08-22T00:06:44.000Z,1548760.0,S,1115.0,0.0,0.0,1.0
0000950103-24-012505,2024-08-22T00:06:44.000Z,1548760.0,S,492.0,0.0,0.0,1.0
0000950103-24-012505,2024-08-22T00:06:44.000Z,1548760.0,S,79.0,0.0,0.0,1.0
0000950103-24-012505,2024-08-22T00:06:44.000Z,1548760.0,S,186.0,0.0,0.0,1.0
0000950103-24-012505,2024-08-22T00:06:44.000Z,1548760.0,S,1113.0,0.0,0.0,1.0
0000950103-24-012505,2024-08-22T00:06:44.000Z,1548760.0,S,1626.0,0.0,0.0,1.0
0000950103-24-012505,2024-08-22T00:06:44.000Z,1548760.0,S,3135.0,0.0,0.0,1.0
0000950103-24-012505,2024-08-22T00:06:44.000Z,1548760.0,S,1029.0,0.0,0.0,1.0
0000950103-24-012505,2024-08-22T00:06:44.000Z,1548760.0,S,1182.0,0.0,0.0,1.0
0000950103-24-012505,2024-08-22T00:06:44.000Z,1548760.0,S,360.0,0.0,0.0,1.0
0000950103-24-012505,2024-08-22T00:06:44.000Z,1548760.0,S,96.0,531.0,50976.0,1.0
0000950103-24-012410,2024-08-19T22:33:44.000Z,,-,,,,
0000950103-24-012409,2024-08-19T22:33:22.000Z,,-,,,,
0000950103-24-012408,2024-08-19T22:30:38.000Z,1780525.0,S,404.0,0.0,0.0,1.0
0000950103-24-012408,2024-08-19T22:30:38.000Z,1780525.0,S,501.0,0.0,0.0,1.0
0000950103-24-012407,2024-08-19T22:30:07.000Z,,-,,,,
0000950103-24-012406,2024-08-19T22:28:29.000Z,1917373.0,S,0.0,526.76,0.0,1.0
0000950103-24-012406,2024-08-19T22:28:29.000Z,1917373.0,S,2991.0,0.0,0.0,1.0
0000950103-24-012406,2024-08-19T22:28:29.000Z,1917373.0,S,2149.0,0.0,0.0,1.0
0000950103-24-012406,2024-08-19T22:28:29.000Z,1917373.0,S,2211.0,0.0,0.0,1.0
0000950103-24-012406,2024-08-19T22:28:29.000Z,1917373.0,S,5081.0,0.0,0.0,1.0
0000950103-24-012406,2024-08-19T22:28:29.000Z,1917373.0,S,2315.0,0.0,0.0,1.0
0000950103-24-012405,2024-08-19T22:28:07.000Z,1739092.0,S,0.0,526.76,0.0,0.0
0000950103-24-012405,2024-08-19T22:28:07.000Z,1739092.0,S,0.0,526.76,0.0,0.0
0000950103-24-012404,2024-08-19T22:26:53.000Z,1915704.0,S,0.0,526.76,0.0,1.0
0000950103-24-012404,2024-08-19T22:26:53.000Z,1915704.0,S,2839.0,0.0,0.0,1.0
0000950103-24-012404,2024-08-19T22:26:53.000Z,1915704.0,S,2089.0,0.0,0.0,1.0
0000950103-24-012404,2024-08-19T22:26:53.000Z,1915704.0,S,2135.0,0.0,0.0,1.0
0000950103-24-012404,2024-08-19T22:26:53.000Z,1915704.0,S,4747.0,0.0,0.0,1.0
0000950103-24-012404,2024-08-19T22:26:53.000Z,1915704.0,S,2912.0,0.0,0.0,1.0
0000950103-24-012404,2024-08-19T22:26:53.000Z,1915704.0,S,100.0,533.5,53350.0,1.0
0000950103-24-012403,2024-08-19T22:25:31.000Z,,-,,,,
0000950103-24-012402,2024-08-19T22:24:56.000Z,1564475.0,S,0.0,526.76,0.0,1.0
0000950103-24-012402,2024-08-19T22:24:56.000Z,1564475.0,S,619.0,531.4,328936.6,1.0
0000950103-24-012401,2024-08-19T22:21:44.000Z,,-,,,,
0000950103-24-012400,2024-08-19T22:17:33.000Z,1548760.0,S,392.0,0.0,0.0,1.0
0000950103-24-012400,2024-08-19T22:17:33.000Z,1548760.0,S,841.0,0.0,0.0,1.0
0000950103-24-012400,2024-08-19T22:17:33.000Z,1548760.0,S,1743.0,0.0,0.0,1.0
0000950103-24-012400,2024-08-19T22:17:33.000Z,1548760.0,S,3102.0,0.0,0.0,1.0
0000950103-24-012400,2024-08-19T22:17:33.000Z,1548760.0,S,1191.0,0.0,0.0,1.0
0000950103-24-012400,2024-08-19T22:17:33.000Z,1548760.0,S,417.0,0.0,0.0,1.0
0000950103-24-012400,2024-08-19T22:17:33.000Z,1548760.0,S,289.0,0.0,0.0,1.0
0000950103-24-012400,2024-08-19T22:17:33.000Z,1548760.0,S,555.0,0.0,0.0,1.0
0000950103-24-012400,2024-08-19T22:17:33.000Z,1548760.0,S,882.0,0.0,0.0,1.0
0000950103-24-012400,2024-08-19T22:17:33.000Z,1548760.0,S,2298.0,0.0,0.0,1.0
0000950103-24-012400,2024-08-19T22:17:33.000Z,1548760.0,S,2874.0,0.0,0.0,1.0
0000950103-24-012400,2024-08-19T22:17:33.000Z,1548760.0,S,1222.0,0.0,0.0,1.0
0000950103-24-012400,2024-08-19T22:17:33.000Z,1548760.0,S,524.0,0.0,0.0,1.0
0000950103-24-012400,2024-08-19T22:17:33.000Z,1548760.0,S,372.0,0.0,0.0,1.0
0000950103-24-012399,2024-08-19T22:13:10.000Z,1548760.0,S,400.0,0.0,0.0,1.0
0000950103-24-012399,2024-08-19T22:13:10.000Z,1548760.0,S,600.0,0.0,0.0,1.0
0000950103-24-012399,2024-08-19T22:13:10.000Z,1548760.0,S,300.0,0.0,0.0,1.0
0000950103-24-012399,2024-08-19T22:13:10.000Z,1548760.0,S,400.0,0.0,0.0,1.0
0000950103-24-012399,2024-08-19T22:13:10.000Z,1548760.0,S,400.0,0.0,0.0,1.0
0000950103-24-012399,2024-08-19T22:13:10.000Z,1548760.0,S,567.0,0.0,0.0,1.0
0000950103-24-012399,2024-08-19T22:13:10.000Z,1548760.0,S,1648.0,0.0,0.0,1.0
0000950103-24-012399,2024-08-19T22:13:10.000Z,1548760.0,S,2613.0,0.0,0.0,1.0
0000950103-24-012399,2024-08-19T22:13:10.000Z,1548760.0,S,947.0,0.0,0.0,1.0
0000950103-24-012399,2024-08-19T22:13:10.000Z,1548760.0,S,100.0,539.58,53958.00000000001,1.0
0000950103-24-012399,2024-08-19T22:13:10.000Z,1548760.0,S,410.0,0.0,0.0,1.0
0000950103-24-012399,2024-08-19T22:13:10.000Z,1548760.0,S,400.0,0.0,0.0,1.0
0000950103-24-012399,2024-08-19T22:13:10.000Z,1548760.0,S,508.0,0.0,0.0,1.0
0000950103-24-012399,2024-08-19T22:13:10.000Z,1548760.0,S,200.0,0.0,0.0,1.0
0000950103-24-012399,2024-08-19T22:13:10.000Z,1548760.0,S,400.0,0.0,0.0,1.0
0000950103-24-012399,2024-08-19T22:13:10.000Z,1548760.0,S,100.0,533.64,53364.0,1.0
0000950103-24-012399,2024-08-19T22:13:10.000Z,1548760.0,S,500.0,0.0,0.0,1.0
0000950103-24-012399,2024-08-19T22:13:10.000Z,1548760.0,S,923.0,0.0,0.0,1.0
0000950103-24-012399,2024-08-19T22:13:10.000Z,1548760.0,S,2471.0,0.0,0.0,1.0
0000950103-24-012399,2024-08-19T22:13:10.000Z,1548760.0,S,2415.0,0.0,0.0,1.0
0000950103-24-012399,2024-08-19T22:13:10.000Z,1548760.0,S,400.0,0.0,0.0,1.0
0000950103-24-012231,2024-08-15T01:32:33.000Z,1548760.0,S,526.0,0.0,0.0,1.0
0000950103-24-012231,2024-08-15T01:32:33.000Z,1548760.0,S,1838.0,0.0,0.0,1.0
0000950103-24-012231,2024-08-15T01:32:33.000Z,1548760.0,S,1068.0,0.0,0.0,1.0
0000950103-24-012231,2024-08-15T01:32:33.000Z,1548760.0,S,723.0,0.0,0.0,1.0
0000950103-24-012231,2024-08-15T01:32:33.000Z,1548760.0,S,480.0,0.0,0.0,1.0
0000950103-24-012231,2024-08-15T01:32:33.000Z,1548760.0,S,1111.0,0.0,0.0,1.0
0000950103-24-012231,2024-08-15T01:32:33.000Z,1548760.0,S,1406.0,0.0,0.0,1.0
0000950103-24-012231,2024-08-15T01:32:33.000Z,1548760.0,S,583.0,0.0,0.0,1.0
0000950103-24-012231,2024-08-15T01:32:33.000Z,1548760.0,S,240.0,0.0,0.0,1.0
0000950103-24-012231,2024-08-15T01:32:33.000Z,1548760.0,S,162.0,0.0,0.0,1.0
0000950103-24-012231,2024-08-15T01:32:33.000Z,1548760.0,S,790.0,0.0,0.0,1.0
0000950103-24-012231,2024-08-15T01:32:33.000Z,1548760.0,S,1674.0,0.0,0.0,1.0
0000950103-24-012231,2024-08-15T01:32:33.000Z,1548760.0,S,836.0,0.0,0.0,1.0
0000950103-24-012231,2024-08-15T01:32:33.000Z,1548760.0,S,1079.0,0.0,0.0,1.0
0000950103-24-012231,2024-08-15T01:32:33.000Z,1548760.0,S,717.0,0.0,0.0,1.0
0000950103-24-012231,2024-08-15T01:32:33.000Z,1548760.0,S,773.0,0.0,0.0,1.0
0000950103-24-012231,2024-08-15T01:32:33.000Z,1548760.0,S,1598.0,0.0,0.0,1.0
0000950103-24-012231,2024-08-15T01:32:33.000Z,1548760.0,S,1014.0,0.0,0.0,1.0
0000950103-24-012231,2024-08-15T01:32:33.000Z,1548760.0,S,84.0,532.91,44764.44,1.0
0000950103-24-012230,2024-08-15T01:26:44.000Z,1548760.0,S,167.0,0.0,0.0,1.0
0000950103-24-012230,2024-08-15T01:26:44.000Z,1548760.0,S,1046.0,0.0,0.0,1.0
0000950103-24-012230,2024-08-15T01:26:44.000Z,1548760.0,S,1066.0,0.0,0.0,1.0
0000950103-24-012230,2024-08-15T01:26:44.000Z,1548760.0,S,643.0,0.0,0.0,1.0
0000950103-24-012230,2024-08-15T01:26:44.000Z,1548760.0,S,1109.0,0.0,0.0,1.0
0000950103-24-012230,2024-08-15T01:26:44.000Z,1548760.0,S,1370.0,0.0,0.0,1.0
0000950103-24-012230,2024-08-15T01:26:44.000Z,1548760.0,S,1208.0,0.0,0.0,1.0
0000950103-24-012230,2024-08-15T01:26:44.000Z,1548760.0,S,806.0,0.0,0.0,1.0
0000950103-24-012230,2024-08-15T01:26:44.000Z,1548760.0,S,292.0,0.0,0.0,1.0
0000950103-24-012230,2024-08-15T01:26:44.000Z,1548760.0,S,268.0,0.0,0.0,1.0
0000950103-24-012230,2024-08-15T01:26:44.000Z,1548760.0,S,72.0,518.59,37338.48,1.0
0000950103-24-012230,2024-08-15T01:26:44.000Z,1548760.0,S,75.0,0.0,0.0,1.0
0000950103-24-012230,2024-08-15T01:26:44.000Z,1548760.0,S,1384.0,0.0,0.0,1.0
0000950103-24-012230,2024-08-15T01:26:44.000Z,1548760.0,S,730.0,0.0,0.0,1.0
0000950103-24-012230,2024-08-15T01:26:44.000Z,1548760.0,S,804.0,0.0,0.0,1.0
0000950103-24-012230,2024-08-15T01:26:44.000Z,1548760.0,S,1277.0,0.0,0.0,1.0
0000950103-24-012230,2024-08-15T01:26:44.000Z,1548760.0,S,784.0,0.0,0.0,1.0
0000950103-24-012230,2024-08-15T01:26:44.000Z,1548760.0,S,2111.0,0.0,0.0,1.0
0000950103-24-012230,2024-08-15T01:26:44.000Z,1548760.0,S,728.0,0.0,0.0,1.0
0000950103-24-012230,2024-08-15T01:26:44.000Z,1548760.0,S,352.0,0.0,0.0,1.0
0000950103-24-012230,2024-08-15T01:26:44.000Z,1548760.0,S,410.0,0.0,0.0,1.0
0000950103-24-012229,2024-08-15T01:16:33.000Z,1548760.0,S,122.0,0.0,0.0,1.0
0000950103-24-012229,2024-08-15T01:16:33.000Z,1548760.0,S,264.0,0.0,0.0,1.0
0000950103-24-012229,2024-08-15T01:16:33.000Z,1548760.0,S,557.0,0.0,0.0,1.0
0000950103-24-012229,2024-08-15T01:16:33.000Z,1548760.0,S,874.0,0.0,0.0,1.0
0000950103-24-012229,2024-08-15T01:16:33.000Z,1548760.0,S,4999.0,0.0,0.0,1.0
0000950103-24-012229,2024-08-15T01:16:33.000Z,1548760.0,S,883.0,0.0,0.0,1.0
0000950103-24-012229,2024-08-15T01:16:33.000Z,1548760.0,S,276.0,0.0,0.0,1.0
0000950103-24-012229,2024-08-15T01:16:33.000Z,1548760.0,S,168.0,0.0,0.0,1.0
0000950103-24-012229,2024-08-15T01:16:33.000Z,1548760.0,S,386.0,0.0,0.0,1.0
0000950103-24-012229,2024-08-15T01:16:33.000Z,1548760.0,S,1351.0,0.0,0.0,1.0
0000950103-24-012229,2024-08-15T01:16:33.000Z,1548760.0,S,5147.0,0.0,0.0,1.0
0000950103-24-012229,2024-08-15T01:16:33.000Z,1548760.0,S,1303.0,0.0,0.0,1.0
0000950103-24-012229,2024-08-15T01:16:33.000Z,1548760.0,S,372.0,0.0,0.0,1.0
0000950103-24-012221,2024-08-14T22:41:45.000Z,,-,,,,
0000950103-24-012082,2024-08-13T01:23:03.000Z,1548760.0,S,444.0,0.0,0.0,1.0
0000950103-24-012082,2024-08-13T01:23:03.000Z,1548760.0,S,451.0,0.0,0.0,1.0
0000950103-24-012082,2024-08-13T01:23:03.000Z,1548760.0,S,985.0,0.0,0.0,1.0
0000950103-24-012082,2024-08-13T01:23:03.000Z,1548760.0,S,1486.0,0.0,0.0,1.0
0000950103-24-012082,2024-08-13T01:23:03.000Z,1548760.0,S,1144.0,0.0,0.0,1.0
0000950103-24-012082,2024-08-13T01:23:03.000Z,1548760.0,S,1429.0,0.0,0.0,1.0
0000950103-24-012082,2024-08-13T01:23:03.000Z,1548760.0,S,1532.0,0.0,0.0,1.0
0000950103-24-012082,2024-08-13T01:23:03.000Z,1548760.0,S,288.0,0.0,0.0,1.0
0000950103-24-012082,2024-08-13T01:23:03.000Z,1548760.0,S,216.0,0.0,0.0,1.0
0000950103-24-012082,2024-08-13T01:23:03.000Z,1548760.0,S,394.0,0.0,0.0,1.0
0000950103-24-012082,2024-08-13T01:23:03.000Z,1548760.0,S,515.0,0.0,0.0,1.0
0000950103-24-012082,2024-08-13T01:23:03.000Z,1548760.0,S,1260.0,0.0,0.0,1.0
0000950103-24-012082,2024-08-13T01:23:03.000Z,1548760.0,S,1361.0,0.0,0.0,1.0
0000950103-24-012082,2024-08-13T01:23:03.000Z,1548760.0,S,1096.0,0.0,0.0,1.0
0000950103-24-012082,2024-08-13T01:23:03.000Z,1548760.0,S,939.0,0.0,0.0,1.0
0000950103-24-012082,2024-08-13T01:23:03.000Z,1548760.0,S,2223.0,0.0,0.0,1.0
0000950103-24-012082,2024-08-13T01:23:03.000Z,1548760.0,S,500.0,0.0,0.0,1.0
0000950103-24-012082,2024-08-13T01:23:03.000Z,1548760.0,S,192.0,0.0,0.0,1.0
0000950103-24-012082,2024-08-13T01:23:03.000Z,1548760.0,S,247.0,0.0,0.0,1.0
0000950103-24-012081,2024-08-13T01:20:19.000Z,1548760.0,S,988.0,0.0,0.0,1.0
0000950103-24-012081,2024-08-13T01:20:19.000Z,1548760.0,S,715.0,0.0,0.0,1.0
0000950103-24-012081,2024-08-13T01:20:19.000Z,1548760.0,S,2049.0,0.0,0.0,1.0
0000950103-24-012081,2024-08-13T01:20:19.000Z,1548760.0,S,854.0,0.0,0.0,1.0
0000950103-24-012081,2024-08-13T01:20:19.000Z,1548760.0,S,826.0,0.0,0.0,1.0
0000950103-24-012081,2024-08-13T01:20:19.000Z,1548760.0,S,742.0,0.0,0.0,1.0
0000950103-24-012081,2024-08-13T01:20:19.000Z,1548760.0,S,495.0,0.0,0.0,1.0
0000950103-24-012081,2024-08-13T01:20:19.000Z,1548760.0,S,531.0,0.0,0.0,1.0
0000950103-24-012081,2024-08-13T01:20:19.000Z,1548760.0,S,717.0,0.0,0.0,1.0
0000950103-24-012081,2024-08-13T01:20:19.000Z,1548760.0,S,58.0,0.0,0.0,1.0
0000950103-24-012081,2024-08-13T01:20:19.000Z,1548760.0,S,1198.0,0.0,0.0,1.0
0000950103-24-012081,2024-08-13T01:20:19.000Z,1548760.0,S,670.0,0.0,0.0,1.0
0000950103-24-012081,2024-08-13T01:20:19.000Z,1548760.0,S,2406.0,0.0,0.0,1.0
0000950103-24-012081,2024-08-13T01:20:19.000Z,1548760.0,S,951.0,0.0,0.0,1.0
0000950103-24-012081,2024-08-13T01:20:19.000Z,1548760.0,S,803.0,0.0,0.0,1.0
0000950103-24-012081,2024-08-13T01:20:19.000Z,1548760.0,S,755.0,0.0,0.0,1.0
0000950103-24-012081,2024-08-13T01:20:19.000Z,1548760.0,S,645.0,0.0,0.0,1.0
0000950103-24-012081,2024-08-13T01:20:19.000Z,1548760.0,S,781.0,0.0,0.0,1.0
0000950103-24-012081,2024-08-13T01:20:19.000Z,1548760.0,S,481.0,0.0,0.0,1.0
0000950103-24-012081,2024-08-13T01:20:19.000Z,1548760.0,S,37.0,509.89,18865.93,1.0
0000950103-24-011957,2024-08-08T22:24:02.000Z,1736236.0,S,1052.0,479.0,503908.0,1.0
0000950103-24-011890,2024-08-08T00:57:32.000Z,1548760.0,S,540.0,0.0,0.0,1.0
0000950103-24-011890,2024-08-08T00:57:32.000Z,1548760.0,S,358.0,0.0,0.0,1.0
0000950103-24-011890,2024-08-08T00:57:32.000Z,1548760.0,S,306.0,0.0,0.0,1.0
0000950103-24-011890,2024-08-08T00:57:32.000Z,1548760.0,S,471.0,0.0,0.0,1.0
0000950103-24-011890,2024-08-08T00:57:32.000Z,1548760.0,S,644.0,0.0,0.0,1.0
0000950103-24-011890,2024-08-08T00:57:32.000Z,1548760.0,S,456.0,0.0,0.0,1.0
0000950103-24-011890,2024-08-08T00:57:32.000Z,1548760.0,S,370.0,0.0,0.0,1.0
0000950103-24-011890,2024-08-08T00:57:32.000Z,1548760.0,S,283.0,0.0,0.0,1.0
0000950103-24-011890,2024-08-08T00:57:32.000Z,1548760.0,S,776.0,0.0,0.0,1.0
0000950103-24-011890,2024-08-08T00:57:32.000Z,1548760.0,S,200.0,0.0,0.0,1.0
0000950103-24-011890,2024-08-08T00:57:32.000Z,1548760.0,S,332.0,0.0,0.0,1.0
0000950103-24-011890,2024-08-08T00:57:32.000Z,1548760.0,S,540.0,0.0,0.0,1.0
0000950103-24-011890,2024-08-08T00:57:32.000Z,1548760.0,S,542.0,0.0,0.0,1.0
0000950103-24-011890,2024-08-08T00:57:32.000Z,1548760.0,S,536.0,0.0,0.0,1.0
0000950103-24-011890,2024-08-08T00:57:32.000Z,1548760.0,S,180.0,0.0,0.0,1.0
0000950103-24-011889,2024-08-08T00:46:53.000Z,1548760.0,S,2134.0,0.0,0.0,1.0
0000950103-24-011889,2024-08-08T00:46:53.000Z,1548760.0,S,1914.0,0.0,0.0,1.0
0000950103-24-011889,2024-08-08T00:46:53.000Z,1548760.0,S,444.0,0.0,0.0,1.0
0000950103-24-011889,2024-08-08T00:46:53.000Z,1548760.0,S,2488.0,0.0,0.0,1.0
0000950103-24-011889,2024-08-08T00:46:53.000Z,1548760.0,S,1942.0,0.0,0.0,1.0
0000950103-24-011889,2024-08-08T00:46:53.000Z,1548760.0,S,460.0,0.0,0.0,1.0
0000950103-24-011875,2024-08-07T22:03:25.000Z,1780525.0,S,901.0,0.0,0.0,1.0
0000950103-24-011722,2024-08-06T00:46:14.000Z,1548760.0,S,70.0,500.49,35034.3,1.0
0000950103-24-011722,2024-08-06T00:46:14.000Z,1548760.0,S,80.0,500.49,40039.2,1.0
0000950103-24-011721,2024-08-06T00:39:24.000Z,1548760.0,S,335.0,0.0,0.0,1.0
0000950103-24-011721,2024-08-06T00:39:24.000Z,1548760.0,S,335.0,0.0,0.0,1.0
0000950103-24-011721,2024-08-06T00:39:24.000Z,1548760.0,S,292.0,0.0,0.0,1.0
0000950103-24-011721,2024-08-06T00:39:24.000Z,1548760.0,S,301.0,0.0,0.0,1.0
0000950103-24-011721,2024-08-06T00:39:24.000Z,1548760.0,S,408.0,0.0,0.0,1.0
0000950103-24-011721,2024-08-06T00:39:24.000Z,1548760.0,S,621.0,0.0,0.0,1.0
0000950103-24-011721,2024-08-06T00:39:24.000Z,1548760.0,S,72.0,507.26,36522.72,1.0
0000950103-24-011721,2024-08-06T00:39:24.000Z,1548760.0,S,193.0,0.0,0.0,1.0
0000950103-24-011721,2024-08-06T00:39:24.000Z,1548760.0,S,169.0,0.0,0.0,1.0
0000950103-24-011721,2024-08-06T00:39:24.000Z,1548760.0,S,292.0,0.0,0.0,1.0
0000950103-24-011721,2024-08-06T00:39:24.000Z,1548760.0,S,80.0,513.49,41079.2,1.0
0000950103-24-011721,2024-08-06T00:39:24.000Z,1548760.0,S,192.0,0.0,0.0,1.0
0000950103-24-011721,2024-08-06T00:39:24.000Z,1548760.0,S,336.0,0.0,0.0,1.0
0000950103-24-011721,2024-08-06T00:39:24.000Z,1548760.0,S,264.0,0.0,0.0,1.0
0000950103-24-011721,2024-08-06T00:39:24.000Z,1548760.0,S,458.0,0.0,0.0,1.0
0000950103-24-011721,2024-08-06T00:39:24.000Z,1548760.0,S,172.0,0.0,0.0,1.0
0000950103-24-011721,2024-08-06T00:39:24.000Z,1548760.0,S,408.0,0.0,0.0,1.0
0000950103-24-011721,2024-08-06T00:39:24.000Z,1548760.0,S,96.0,522.41,50151.36,1.0
0000950103-24-011721,2024-08-06T00:39:24.000Z,1548760.0,S,96.0,524.09,50312.64,1.0
0000950103-24-011721,2024-08-06T00:39:24.000Z,1548760.0,S,96.0,525.21,50420.16,1.0
0000950103-24-011721,2024-08-06T00:39:24.000Z,1548760.0,S,205.0,0.0,0.0,1.0
0000950103-24-011719,2024-08-06T00:34:43.000Z,1548760.0,S,184.0,0.0,0.0,1.0
0000950103-24-011719,2024-08-06T00:34:43.000Z,1548760.0,S,351.0,0.0,0.0,1.0
0000950103-24-011719,2024-08-06T00:34:43.000Z,1548760.0,S,300.0,0.0,0.0,1.0
0000950103-24-011719,2024-08-06T00:34:43.000Z,1548760.0,S,444.0,0.0,0.0,1.0
0000950103-24-011719,2024-08-06T00:34:43.000Z,1548760.0,S,476.0,0.0,0.0,1.0
0000950103-24-011719,2024-08-06T00:34:43.000Z,1548760.0,S,401.0,0.0,0.0,1.0
0000950103-24-011719,2024-08-06T00:34:43.000Z,1548760.0,S,96.0,508.0,48768.0,1.0
0000950103-24-011719,2024-08-06T00:34:43.000Z,1548760.0,S,96.0,509.21,48884.16,1.0
0000950103-24-011719,2024-08-06T00:34:43.000Z,1548760.0,S,207.0,0.0,0.0,1.0
0000950103-24-011719,2024-08-06T00:34:43.000Z,1548760.0,S,280.0,0.0,0.0,1.0
0000950103-24-011719,2024-08-06T00:34:43.000Z,1548760.0,S,368.0,0.0,0.0,1.0
0000950103-24-011719,2024-08-06T00:34:43.000Z,1548760.0,S,172.0,0.0,0.0,1.0
0000950103-24-011719,2024-08-06T00:34:43.000Z,1548760.0,S,252.0,0.0,0.0,1.0
0000950103-24-011719,2024-08-06T00:34:43.000Z,1548760.0,S,268.0,0.0,0.0,1.0
0000950103-24-011719,2024-08-06T00:34:43.000Z,1548760.0,S,355.0,0.0,0.0,1.0
0000950103-24-011719,2024-08-06T00:34:43.000Z,1548760.0,S,344.0,0.0,0.0,1.0
0000950103-24-011719,2024-08-06T00:34:43.000Z,1548760.0,S,168.0,0.0,0.0,1.0
0000950103-24-011719,2024-08-06T00:34:43.000Z,1548760.0,S,183.0,0.0,0.0,1.0
0000950103-24-011707,2024-08-05T22:39:17.000Z,1564475.0,S,412.0,521.48,214849.76,1.0
0000950103-24-011469,2024-08-01T22:33:33.000Z,1780525.0,S,905.0,467.0,422635.0,1.0
0000950103-24-011015,2024-07-29T22:17:15.000Z,1564475.0,S,412.0,463.0,190756.0,1.0
0000950103-24-010789,2024-07-25T22:10:50.000Z,1780525.0,S,905.0,489.8,443269.0,1.0
0000950103-24-010423,2024-07-22T22:05:22.000Z,1564475.0,S,412.0,474.86,195642.32,1.0
0000950103-24-010140,2024-07-18T00:40:22.000Z,1548760.0,S,229.0,0.0,0.0,1.0
0000950103-24-010140,2024-07-18T00:40:22.000Z,1548760.0,S,600.0,0.0,0.0,1.0
0000950103-24-010140,2024-07-18T00:40:22.000Z,1548760.0,S,148.0,0.0,0.0,1.0
0000950103-24-010140,2024-07-18T00:40:22.000Z,1548760.0,S,299.0,0.0,0.0,1.0
0000950103-24-010140,2024-07-18T00:40:22.000Z,1548760.0,S,436.0,0.0,0.0,1.0
0000950103-24-010139,2024-07-18T00:37:45.000Z,1548760.0,S,1278.0,0.0,0.0,1.0
0000950103-24-010139,2024-07-18T00:37:45.000Z,1548760.0,S,1131.0,0.0,0.0,1.0
0000950103-24-010139,2024-07-18T00:37:45.000Z,1548760.0,S,602.0,0.0,0.0,1.0
0000950103-24-010139,2024-07-18T00:37:45.000Z,1548760.0,S,180.0,0.0,0.0,1.0
0000950103-24-010139,2024-07-18T00:37:45.000Z,1548760.0,S,877.0,0.0,0.0,1.0
0000950103-24-010139,2024-07-18T00:37:45.000Z,1548760.0,S,185.0,0.0,0.0,1.0
0000950103-24-010139,2024-07-18T00:37:45.000Z,1548760.0,S,1346.0,0.0,0.0,1.0
0000950103-24-010139,2024-07-18T00:37:45.000Z,1548760.0,S,1349.0,0.0,0.0,1.0
0000950103-24-010139,2024-07-18T00:37:45.000Z,1548760.0,S,548.0,0.0,0.0,1.0
0000950103-24-010139,2024-07-18T00:37:45.000Z,1548760.0,S,588.0,0.0,0.0,1.0
0000950103-24-010139,2024-07-18T00:37:45.000Z,1548760.0,S,744.0,0.0,0.0,1.0
0000950103-24-010139,2024-07-18T00:37:45.000Z,1548760.0,S,96.0,506.18,48593.28,1.0
0000950103-24-010132,2024-07-17T23:10:42.000Z,1780525.0,S,905.0,501.42,453785.1,1.0
0000950103-24-010035,2024-07-15T22:11:16.000Z,1548760.0,S,1196.0,0.0,0.0,1.0
0000950103-24-010035,2024-07-15T22:11:16.000Z,1548760.0,S,786.0,0.0,0.0,1.0
0000950103-24-010035,2024-07-15T22:11:16.000Z,1548760.0,S,834.0,0.0,0.0,1.0
0000950103-24-010035,2024-07-15T22:11:16.000Z,1548760.0,S,1545.0,0.0,0.0,1.0
0000950103-24-010035,2024-07-15T22:11:16.000Z,1548760.0,S,1547.0,0.0,0.0,1.0
0000950103-24-010035,2024-07-15T22:11:16.000Z,1548760.0,S,785.0,0.0,0.0,1.0
0000950103-24-010035,2024-07-15T22:11:16.000Z,1548760.0,S,432.0,0.0,0.0,1.0
0000950103-24-010035,2024-07-15T22:11:16.000Z,1548760.0,S,1128.0,0.0,0.0,1.0
0000950103-24-010035,2024-07-15T22:11:16.000Z,1548760.0,S,877.0,0.0,0.0,1.0
0000950103-24-010035,2024-07-15T22:11:16.000Z,1548760.0,S,880.0,0.0,0.0,1.0
0000950103-24-010035,2024-07-15T22:11:16.000Z,1548760.0,S,1843.0,0.0,0.0,1.0
0000950103-24-010035,2024-07-15T22:11:16.000Z,1548760.0,S,1624.0,0.0,0.0,1.0
0000950103-24-010035,2024-07-15T22:11:16.000Z,1548760.0,S,752.0,0.0,0.0,1.0
0000950103-24-010035,2024-07-15T22:11:16.000Z,1548760.0,S,645.0,0.0,0.0,1.0
0000950103-24-010034,2024-07-15T22:07:27.000Z,1548760.0,S,72.0,508.66,36623.52,1.0
0000950103-24-010034,2024-07-15T22:07:27.000Z,1548760.0,S,659.0,0.0,0.0,1.0
0000950103-24-010034,2024-07-15T22:07:27.000Z,1548760.0,S,479.0,0.0,0.0,1.0
0000950103-24-010034,2024-07-15T22:07:27.000Z,1548760.0,S,970.0,0.0,0.0,1.0
0000950103-24-010034,2024-07-15T22:07:27.000Z,1548760.0,S,1551.0,0.0,0.0,1.0
0000950103-24-010034,2024-07-15T22:07:27.000Z,1548760.0,S,727.0,0.0,0.0,1.0
0000950103-24-010034,2024-07-15T22:07:27.000Z,1548760.0,S,488.0,0.0,0.0,1.0
0000950103-24-010034,2024-07-15T22:07:27.000Z,1548760.0,S,280.0,0.0,0.0,1.0
0000950103-24-010034,2024-07-15T22:07:27.000Z,1548760.0,S,384.0,0.0,0.0,1.0
0000950103-24-010034,2024-07-15T22:07:27.000Z,1548760.0,S,594.0,0.0,0.0,1.0
0000950103-24-010034,2024-07-15T22:07:27.000Z,1548760.0,S,448.0,0.0,0.0,1.0
0000950103-24-010034,2024-07-15T22:07:27.000Z,1548760.0,S,84.0,524.88,44089.92,1.0
0000950103-24-010034,2024-07-15T22:07:27.000Z,1548760.0,S,100.0,526.13,52613.0,1.0
0000950103-24-010034,2024-07-15T22:07:27.000Z,1548760.0,S,172.0,0.0,0.0,1.0
0000950103-24-010034,2024-07-15T22:07:27.000Z,1548760.0,S,288.0,0.0,0.0,1.0
0000950103-24-010034,2024-07-15T22:07:27.000Z,1548760.0,S,238.0,0.0,0.0,1.0
0000950103-24-010034,2024-07-15T22:07:27.000Z,1548760.0,S,240.0,0.0,0.0,1.0
0000950103-24-010034,2024-07-15T22:07:27.000Z,1548760.0,S,404.0,0.0,0.0,1.0
0000950103-24-010034,2024-07-15T22:07:27.000Z,1548760.0,S,549.0,0.0,0.0,1.0
0000950103-24-010033,2024-07-15T22:05:06.000Z,1548760.0,S,475.0,0.0,0.0,1.0
0000950103-24-010033,2024-07-15T22:05:06.000Z,1548760.0,S,335.0,0.0,0.0,1.0
0000950103-24-010033,2024-07-15T22:05:06.000Z,1548760.0,S,548.0,0.0,0.0,1.0
0000950103-24-010033,2024-07-15T22:05:06.000Z,1548760.0,S,1259.0,0.0,0.0,1.0
0000950103-24-010033,2024-07-15T22:05:06.000Z,1548760.0,S,673.0,0.0,0.0,1.0
0000950103-24-010033,2024-07-15T22:05:06.000Z,1548760.0,S,827.0,0.0,0.0,1.0
0000950103-24-010033,2024-07-15T22:05:06.000Z,1548760.0,S,391.0,0.0,0.0,1.0
0000950103-24-010033,2024-07-15T22:05:06.000Z,1548760.0,S,516.0,0.0,0.0,1.0
0000950103-24-010033,2024-07-15T22:05:06.000Z,1548760.0,S,588.0,0.0,0.0,1.0
0000950103-24-010033,2024-07-15T22:05:06.000Z,1548760.0,S,396.0,0.0,0.0,1.0
0000950103-24-010033,2024-07-15T22:05:06.000Z,1548760.0,S,84.0,524.44,44052.96000000001,1.0
0000950103-24-010033,2024-07-15T22:05:06.000Z,1548760.0,S,96.0,525.44,50442.240000000005,1.0
0000950103-24-010033,2024-07-15T22:05:06.000Z,1548760.0,S,100.0,526.96,52696.0,1.0
0000950103-24-010033,2024-07-15T22:05:06.000Z,1548760.0,S,182.0,0.0,0.0,1.0
0000950103-24-010033,2024-07-15T22:05:06.000Z,1548760.0,S,312.0,0.0,0.0,1.0
0000950103-24-010033,2024-07-15T22:05:06.000Z,1548760.0,S,326.0,0.0,0.0,1.0
0000950103-24-010033,2024-07-15T22:05:06.000Z,1548760.0,S,503.0,0.0,0.0,1.0
0000950103-24-010033,2024-07-15T22:05:06.000Z,1548760.0,S,364.0,0.0,0.0,1.0
0000950103-24-010032,2024-07-15T22:03:18.000Z,1564475.0,S,412.0,530.81,218693.72,1.0
0000950103-24-009860,2024-07-11T00:38:46.000Z,1548760.0,S,423.0,0.0,0.0,1.0
0000950103-24-009860,2024-07-11T00:38:46.000Z,1548760.0,S,1207.0,0.0,0.0,1.0
0000950103-24-009860,2024-07-11T00:38:46.000Z,1548760.0,S,1013.0,0.0,0.0,1.0
0000950103-24-009860,2024-07-11T00:38:46.000Z,1548760.0,S,811.0,0.0,0.0,1.0
0000950103-24-009860,2024-07-11T00:38:46.000Z,1548760.0,S,401.0,0.0,0.0,1.0
0000950103-24-009860,2024-07-11T00:38:46.000Z,1548760.0,S,1438.0,0.0,0.0,1.0
0000950103-24-009860,2024-07-11T00:38:46.000Z,1548760.0,S,494.0,0.0,0.0,1.0
0000950103-24-009860,2024-07-11T00:38:46.000Z,1548760.0,S,1142.0,0.0,0.0,1.0
0000950103-24-009860,2024-07-11T00:38:46.000Z,1548760.0,S,1046.0,0.0,0.0,1.0
0000950103-24-009860,2024-07-11T00:38:46.000Z,1548760.0,S,632.0,0.0,0.0,1.0
0000950103-24-009860,2024-07-11T00:38:46.000Z,1548760.0,S,1238.0,0.0,0.0,1.0
0000950103-24-009860,2024-07-11T00:38:46.000Z,1548760.0,S,1086.0,0.0,0.0,1.0
0000950103-24-009860,2024-07-11T00:38:46.000Z,1548760.0,S,832.0,0.0,0.0,1.0
0000950103-24-009860,2024-07-11T00:38:46.000Z,1548760.0,S,338.0,0.0,0.0,1.0
0000950103-24-009860,2024-07-11T00:38:46.000Z,1548760.0,S,1445.0,0.0,0.0,1.0
0000950103-24-009860,2024-07-11T00:38:46.000Z,1548760.0,S,730.0,0.0,0.0,1.0
0000950103-24-009860,2024-07-11T00:38:46.000Z,1548760.0,S,1096.0,0.0,0.0,1.0
0000950103-24-009860,2024-07-11T00:38:46.000Z,1548760.0,S,1330.0,0.0,0.0,1.0
0000950103-24-009859,2024-07-11T00:34:58.000Z,1548760.0,S,336.0,0.0,0.0,1.0
0000950103-24-009859,2024-07-11T00:34:58.000Z,1548760.0,S,1210.0,0.0,0.0,1.0
0000950103-24-009859,2024-07-11T00:34:58.000Z,1548760.0,S,2721.0,0.0,0.0,1.0
0000950103-24-009859,2024-07-11T00:34:58.000Z,1548760.0,S,609.0,0.0,0.0,1.0
0000950103-24-009859,2024-07-11T00:34:58.000Z,1548760.0,S,975.0,0.0,0.0,1.0
0000950103-24-009859,2024-07-11T00:34:58.000Z,1548760.0,S,1523.0,0.0,0.0,1.0
0000950103-24-009859,2024-07-11T00:34:58.000Z,1548760.0,S,349.0,0.0,0.0,1.0
0000950103-24-009859,2024-07-11T00:34:58.000Z,1548760.0,S,252.0,0.0,0.0,1.0
0000950103-24-009859,2024-07-11T00:34:58.000Z,1548760.0,S,355.0,0.0,0.0,1.0
0000950103-24-009859,2024-07-11T00:34:58.000Z,1548760.0,S,874.0,0.0,0.0,1.0
0000950103-24-009859,2024-07-11T00:34:58.000Z,1548760.0,S,2947.0,0.0,0.0,1.0
0000950103-24-009859,2024-07-11T00:34:58.000Z,1548760.0,S,1031.0,0.0,0.0,1.0
0000950103-24-009859,2024-07-11T00:34:58.000Z,1548760.0,S,1826.0,0.0,0.0,1.0
0000950103-24-009859,2024-07-11T00:34:58.000Z,1548760.0,S,1298.0,0.0,0.0,1.0
0000950103-24-009859,2024-07-11T00:34:58.000Z,1548760.0,S,200.0,0.0,0.0,1.0
0000950103-24-009859,2024-07-11T00:34:58.000Z,1548760.0,S,196.0,0.0,0.0,1.0
0000950103-24-009858,2024-07-11T00:32:19.000Z,1548760.0,S,556.0,0.0,0.0,1.0
0000950103-24-009858,2024-07-11T00:32:19.000Z,1548760.0,S,1503.0,0.0,0.0,1.0
0000950103-24-009858,2024-07-11T00:32:19.000Z,1548760.0,S,2228.0,0.0,0.0,1.0
0000950103-24-009858,2024-07-11T00:32:19.000Z,1548760.0,S,1084.0,0.0,0.0,1.0
0000950103-24-009858,2024-07-11T00:32:19.000Z,1548760.0,S,1055.0,0.0,0.0,1.0
0000950103-24-009858,2024-07-11T00:32:19.000Z,1548760.0,S,684.0,0.0,0.0,1.0
0000950103-24-009858,2024-07-11T00:32:19.000Z,1548760.0,S,397.0,0.0,0.0,1.0
0000950103-24-009858,2024-07-11T00:32:19.000Z,1548760.0,S,204.0,0.0,0.0,1.0
0000950103-24-009858,2024-07-11T00:32:19.000Z,1548760.0,S,96.0,536.45,51499.2,1.0
0000950103-24-009858,2024-07-11T00:32:19.000Z,1548760.0,S,96.0,538.62,51707.52,1.0
0000950103-24-009858,2024-07-11T00:32:19.000Z,1548760.0,S,72.0,542.61,39067.92,1.0
0000950103-24-009858,2024-07-11T00:32:19.000Z,1548760.0,S,747.0,0.0,0.0,1.0
0000950103-24-009858,2024-07-11T00:32:19.000Z,1548760.0,S,1031.0,0.0,0.0,1.0
0000950103-24-009858,2024-07-11T00:32:19.000Z,1548760.0,S,2580.0,0.0,0.0,1.0
0000950103-24-009858,2024-07-11T00:32:19.000Z,1548760.0,S,1677.0,0.0,0.0,1.0
0000950103-24-009858,2024-07-11T00:32:19.000Z,1548760.0,S,728.0,0.0,0.0,1.0
0000950103-24-009858,2024-07-11T00:32:19.000Z,1548760.0,S,1010.0,0.0,0.0,1.0
0000950103-24-009858,2024-07-11T00:32:19.000Z,1548760.0,S,276.0,0.0,0.0,1.0
0000950103-24-009858,2024-07-11T00:32:19.000Z,1548760.0,S,96.0,534.47,51309.12,1.0
0000950103-24-009858,2024-07-11T00:32:19.000Z,1548760.0,S,360.0,0.0,0.0,1.0
0000950103-24-009858,2024-07-11T00:32:19.000Z,1548760.0,S,138.0,0.0,0.0,1.0
0000950103-24-009858,2024-07-11T00:32:19.000Z,1548760.0,S,84.0,542.61,45579.24,1.0
0000950103-24-009857,2024-07-11T00:30:39.000Z,1780525.0,S,905.0,533.95,483224.75000000006,1.0
0000950103-24-009791,2024-07-09T22:05:44.000Z,1564475.0,S,412.0,512.0,210944.0,1.0
0000950103-24-009735,2024-07-08T22:12:46.000Z,1548760.0,S,200.0,0.0,0.0,1.0
0000950103-24-009735,2024-07-08T22:12:46.000Z,1548760.0,S,324.0,0.0,0.0,1.0
0000950103-24-009735,2024-07-08T22:12:46.000Z,1548760.0,S,101.0,0.0,0.0,1.0
0000950103-24-009735,2024-07-08T22:12:46.000Z,1548760.0,S,96.0,517.0,49632.0,1.0
0000950103-24-009735,2024-07-08T22:12:46.000Z,1548760.0,S,110.0,0.0,0.0,1.0
0000950103-24-009735,2024-07-08T22:12:46.000Z,1548760.0,S,96.0,519.82,49902.72,1.0
0000950103-24-009735,2024-07-08T22:12:46.000Z,1548760.0,S,643.0,0.0,0.0,1.0
0000950103-24-009735,2024-07-08T22:12:46.000Z,1548760.0,S,476.0,0.0,0.0,1.0
0000950103-24-009735,2024-07-08T22:12:46.000Z,1548760.0,S,333.0,0.0,0.0,1.0
0000950103-24-009735,2024-07-08T22:12:46.000Z,1548760.0,S,610.0,0.0,0.0,1.0
0000950103-24-009735,2024-07-08T22:12:46.000Z,1548760.0,S,172.0,0.0,0.0,1.0
0000950103-24-009735,2024-07-08T22:12:46.000Z,1548760.0,S,406.0,0.0,0.0,1.0
0000950103-24-009735,2024-07-08T22:12:46.000Z,1548760.0,S,156.0,0.0,0.0,1.0
0000950103-24-009735,2024-07-08T22:12:46.000Z,1548760.0,S,570.0,0.0,0.0,1.0
0000950103-24-009735,2024-07-08T22:12:46.000Z,1548760.0,S,476.0,0.0,0.0,1.0
0000950103-24-009735,2024-07-08T22:12:46.000Z,1548760.0,S,942.0,0.0,0.0,1.0
0000950103-24-009735,2024-07-08T22:12:46.000Z,1548760.0,S,863.0,0.0,0.0,1.0
0000950103-24-009735,2024-07-08T22:12:46.000Z,1548760.0,S,631.0,0.0,0.0,1.0
0000950103-24-009735,2024-07-08T22:12:46.000Z,1548760.0,S,523.0,0.0,0.0,1.0
0000950103-24-009735,2024-07-08T22:12:46.000Z,1548760.0,S,252.0,0.0,0.0,1.0
0000950103-24-009735,2024-07-08T22:12:46.000Z,1548760.0,S,280.0,0.0,0.0,1.0
0000950103-24-009735,2024-07-08T22:12:46.000Z,1548760.0,S,467.0,0.0,0.0,1.0
0000950103-24-009734,2024-07-08T22:09:12.000Z,1548760.0,S,178.0,0.0,0.0,1.0
0000950103-24-009734,2024-07-08T22:09:12.000Z,1548760.0,S,253.0,0.0,0.0,1.0
0000950103-24-009734,2024-07-08T22:09:12.000Z,1548760.0,S,97.0,0.0,0.0,1.0
0000950103-24-009734,2024-07-08T22:09:12.000Z,1548760.0,S,96.0,516.18,49553.28,1.0
0000950103-24-009734,2024-07-08T22:09:12.000Z,1548760.0,S,100.0,517.53,51753.0,1.0
0000950103-24-009734,2024-07-08T22:09:12.000Z,1548760.0,S,161.0,0.0,0.0,1.0
0000950103-24-009734,2024-07-08T22:09:12.000Z,1548760.0,S,534.0,0.0,0.0,1.0
0000950103-24-009734,2024-07-08T22:09:12.000Z,1548760.0,S,296.0,0.0,0.0,1.0
0000950103-24-009734,2024-07-08T22:09:12.000Z,1548760.0,S,534.0,0.0,0.0,1.0
0000950103-24-009734,2024-07-08T22:09:12.000Z,1548760.0,S,454.0,0.0,0.0,1.0
0000950103-24-009734,2024-07-08T22:09:12.000Z,1548760.0,S,224.0,0.0,0.0,1.0
0000950103-24-009734,2024-07-08T22:09:12.000Z,1548760.0,S,192.0,0.0,0.0,1.0
0000950103-24-009734,2024-07-08T22:09:12.000Z,1548760.0,S,204.0,0.0,0.0,1.0
0000950103-24-009734,2024-07-08T22:09:12.000Z,1548760.0,S,637.0,0.0,0.0,1.0
0000950103-24-009734,2024-07-08T22:09:12.000Z,1548760.0,S,447.0,0.0,0.0,1.0
0000950103-24-009734,2024-07-08T22:09:12.000Z,1548760.0,S,432.0,0.0,0.0,1.0
0000950103-24-009734,2024-07-08T22:09:12.000Z,1548760.0,S,832.0,0.0,0.0,1.0
0000950103-24-009734,2024-07-08T22:09:12.000Z,1548760.0,S,604.0,0.0,0.0,1.0
0000950103-24-009734,2024-07-08T22:09:12.000Z,1548760.0,S,507.0,0.0,0.0,1.0
0000950103-24-009734,2024-07-08T22:09:12.000Z,1548760.0,S,352.0,0.0,0.0,1.0
0000950103-24-009734,2024-07-08T22:09:12.000Z,1548760.0,S,240.0,0.0,0.0,1.0
0000950103-24-009734,2024-07-08T22:09:12.000Z,1548760.0,S,205.0,0.0,0.0,1.0
0000950103-24-009734,2024-07-08T22:09:12.000Z,1548760.0,S,396.0,0.0,0.0,1.0
0000950103-24-009663,2024-07-03T23:34:13.000Z,1548760.0,S,859.0,0.0,0.0,1.0
0000950103-24-009663,2024-07-03T23:34:13.000Z,1548760.0,S,1220.0,0.0,0.0,1.0
0000950103-24-009663,2024-07-03T23:34:13.000Z,1548760.0,S,2341.0,0.0,0.0,1.0
0000950103-24-009663,2024-07-03T23:34:13.000Z,1548760.0,S,3263.0,0.0,0.0,1.0
0000950103-24-009663,2024-07-03T23:34:13.000Z,1548760.0,S,292.0,0.0,0.0,1.0
0000950103-24-009663,2024-07-03T23:34:13.000Z,1548760.0,S,672.0,0.0,0.0,1.0
0000950103-24-009663,2024-07-03T23:34:13.000Z,1548760.0,S,1119.0,0.0,0.0,1.0
0000950103-24-009663,2024-07-03T23:34:13.000Z,1548760.0,S,2429.0,0.0,0.0,1.0
0000950103-24-009663,2024-07-03T23:34:13.000Z,1548760.0,S,4023.0,0.0,0.0,1.0
0000950103-24-009663,2024-07-03T23:34:13.000Z,1548760.0,S,484.0,0.0,0.0,1.0
0000950103-24-009662,2024-07-03T23:31:30.000Z,1548760.0,S,638.0,0.0,0.0,1.0
0000950103-24-009662,2024-07-03T23:31:30.000Z,1548760.0,S,1225.0,0.0,0.0,1.0
0000950103-24-009662,2024-07-03T23:31:30.000Z,1548760.0,S,760.0,0.0,0.0,1.0
0000950103-24-009662,2024-07-03T23:31:30.000Z,1548760.0,S,1179.0,0.0,0.0,1.0
0000950103-24-009662,2024-07-03T23:31:30.000Z,1548760.0,S,703.0,0.0,0.0,1.0
0000950103-24-009662,2024-07-03T23:31:30.000Z,1548760.0,S,430.0,0.0,0.0,1.0
0000950103-24-009662,2024-07-03T23:31:30.000Z,1548760.0,S,174.0,0.0,0.0,1.0
0000950103-24-009662,2024-07-03T23:31:30.000Z,1548760.0,S,2088.0,0.0,0.0,1.0
0000950103-24-009662,2024-07-03T23:31:30.000Z,1548760.0,S,778.0,0.0,0.0,1.0
0000950103-24-009662,2024-07-03T23:31:30.000Z,1548760.0,S,766.0,0.0,0.0,1.0
0000950103-24-009662,2024-07-03T23:31:30.000Z,1548760.0,S,1165.0,0.0,0.0,1.0
0000950103-24-009662,2024-07-03T23:31:30.000Z,1548760.0,S,752.0,0.0,0.0,1.0
0000950103-24-009662,2024-07-03T23:31:30.000Z,1548760.0,S,1443.0,0.0,0.0,1.0
0000950103-24-009662,2024-07-03T23:31:30.000Z,1548760.0,S,812.0,0.0,0.0,1.0
0000950103-24-009662,2024-07-03T23:31:30.000Z,1548760.0,S,370.0,0.0,0.0,1.0
0000950103-24-009662,2024-07-03T23:31:30.000Z,1548760.0,S,206.0,0.0,0.0,1.0
0000950103-24-009662,2024-07-03T23:31:30.000Z,1548760.0,S,859.0,0.0,0.0,1.0
0000950103-24-009662,2024-07-03T23:31:30.000Z,1548760.0,S,2106.0,0.0,0.0,1.0
0000950103-24-009662,2024-07-03T23:31:30.000Z,1548760.0,S,248.0,0.0,0.0,1.0
0000950103-24-009661,2024-07-03T23:29:01.000Z,1548760.0,S,491.0,0.0,0.0,1.0
0000950103-24-009661,2024-07-03T23:29:01.000Z,1548760.0,S,1358.0,0.0,0.0,1.0
0000950103-24-009661,2024-07-03T23:29:01.000Z,1548760.0,S,1700.0,0.0,0.0,1.0
0000950103-24-009661,2024-07-03T23:29:01.000Z,1548760.0,S,3231.0,0.0,0.0,1.0
0000950103-24-009661,2024-07-03T23:29:01.000Z,1548760.0,S,1027.0,0.0,0.0,1.0
0000950103-24-009661,2024-07-03T23:29:01.000Z,1548760.0,S,168.0,0.0,0.0,1.0
0000950103-24-009661,2024-07-03T23:29:01.000Z,1548760.0,S,482.0,0.0,0.0,1.0
0000950103-24-009661,2024-07-03T23:29:01.000Z,1548760.0,S,1765.0,0.0,0.0,1.0
0000950103-24-009661,2024-07-03T23:29:01.000Z,1548760.0,S,1948.0,0.0,0.0,1.0
0000950103-24-009661,2024-07-03T23:29:01.000Z,1548760.0,S,3310.0,0.0,0.0,1.0
0000950103-24-009661,2024-07-03T23:29:01.000Z,1548760.0,S,1222.0,0.0,0.0,1.0
0000950103-24-009659,2024-07-03T22:08:39.000Z,1780525.0,S,905.0,500.57,453015.85,1.0
0000950103-24-009395,2024-07-02T00:28:48.000Z,1548760.0,S,77.0,0.0,0.0,1.0
0000950103-24-009395,2024-07-02T00:28:48.000Z,1548760.0,S,196.0,0.0,0.0,1.0
0000950103-24-009395,2024-07-02T00:28:48.000Z,1548760.0,S,96.0,507.61,48730.56,1.0
0000950103-24-009395,2024-07-02T00:28:48.000Z,1548760.0,S,72.0,509.0,36648.0,1.0
0000950103-24-009395,2024-07-02T00:28:48.000Z,1548760.0,S,84.0,510.29,42864.36,1.0
0000950103-24-009395,2024-07-02T00:28:48.000Z,1548760.0,S,305.0,0.0,0.0,1.0
0000950103-24-009395,2024-07-02T00:28:48.000Z,1548760.0,S,1159.0,0.0,0.0,1.0
0000950103-24-009395,2024-07-02T00:28:48.000Z,1548760.0,S,1343.0,0.0,0.0,1.0
0000950103-24-009395,2024-07-02T00:28:48.000Z,1548760.0,S,1486.0,0.0,0.0,1.0
0000950103-24-009395,2024-07-02T00:28:48.000Z,1548760.0,S,1028.0,0.0,0.0,1.0
0000950103-24-009395,2024-07-02T00:28:48.000Z,1548760.0,S,649.0,0.0,0.0,1.0
0000950103-24-009395,2024-07-02T00:28:48.000Z,1548760.0,S,487.0,0.0,0.0,1.0
0000950103-24-009395,2024-07-02T00:28:48.000Z,1548760.0,S,476.0,0.0,0.0,1.0
0000950103-24-009395,2024-07-02T00:28:48.000Z,1548760.0,S,361.0,0.0,0.0,1.0
0000950103-24-009395,2024-07-02T00:28:48.000Z,1548760.0,S,156.0,0.0,0.0,1.0
0000950103-24-009395,2024-07-02T00:28:48.000Z,1548760.0,S,60.0,0.0,0.0,1.0
0000950103-24-009395,2024-07-02T00:28:48.000Z,1548760.0,S,168.0,0.0,0.0,1.0
0000950103-24-009395,2024-07-02T00:28:48.000Z,1548760.0,S,180.0,0.0,0.0,1.0
0000950103-24-009395,2024-07-02T00:28:48.000Z,1548760.0,S,72.0,509.0,36648.0,1.0
0000950103-24-009395,2024-07-02T00:28:48.000Z,1548760.0,S,172.0,0.0,0.0,1.0
0000950103-24-009395,2024-07-02T00:28:48.000Z,1548760.0,S,286.0,0.0,0.0,1.0
0000950103-24-009395,2024-07-02T00:28:48.000Z,1548760.0,S,1244.0,0.0,0.0,1.0
0000950103-24-009395,2024-07-02T00:28:48.000Z,1548760.0,S,1684.0,0.0,0.0,1.0
0000950103-24-009395,2024-07-02T00:28:48.000Z,1548760.0,S,1231.0,0.0,0.0,1.0
0000950103-24-009395,2024-07-02T00:28:48.000Z,1548760.0,S,1454.0,0.0,0.0,1.0
0000950103-24-009395,2024-07-02T00:28:48.000Z,1548760.0,S,760.0,0.0,0.0,1.0
0000950103-24-009395,2024-07-02T00:28:48.000Z,1548760.0,S,448.0,0.0,0.0,1.0
0000950103-24-009395,2024-07-02T00:28:48.000Z,1548760.0,S,576.0,0.0,0.0,1.0
0000950103-24-009395,2024-07-02T00:28:48.000Z,1548760.0,S,316.0,0.0,0.0,1.0
0000950103-24-009395,2024-07-02T00:28:48.000Z,1548760.0,S,76.0,521.62,39643.12,1.0
0000950103-24-009388,2024-07-02T00:22:30.000Z,1548760.0,S,151.0,0.0,0.0,1.0
0000950103-24-009388,2024-07-02T00:22:30.000Z,1548760.0,S,917.0,0.0,0.0,1.0
0000950103-24-009388,2024-07-02T00:22:30.000Z,1548760.0,S,820.0,0.0,0.0,1.0
0000950103-24-009388,2024-07-02T00:22:30.000Z,1548760.0,S,3057.0,0.0,0.0,1.0
0000950103-24-009388,2024-07-02T00:22:30.000Z,1548760.0,S,1531.0,0.0,0.0,1.0
0000950103-24-009388,2024-07-02T00:22:30.000Z,1548760.0,S,1019.0,0.0,0.0,1.0
0000950103-24-009388,2024-07-02T00:22:30.000Z,1548760.0,S,285.0,0.0,0.0,1.0
0000950103-24-009388,2024-07-02T00:22:30.000Z,1548760.0,S,195.0,0.0,0.0,1.0
0000950103-24-009388,2024-07-02T00:22:30.000Z,1548760.0,S,168.0,0.0,0.0,1.0
0000950103-24-009388,2024-07-02T00:22:30.000Z,1548760.0,S,817.0,0.0,0.0,1.0
0000950103-24-009388,2024-07-02T00:22:30.000Z,1548760.0,S,876.0,0.0,0.0,1.0
0000950103-24-009388,2024-07-02T00:22:30.000Z,1548760.0,S,3630.0,0.0,0.0,1.0
0000950103-24-009388,2024-07-02T00:22:30.000Z,1548760.0,S,1586.0,0.0,0.0,1.0
0000950103-24-009388,2024-07-02T00:22:30.000Z,1548760.0,S,1241.0,0.0,0.0,1.0
0000950103-24-009388,2024-07-02T00:22:30.000Z,1548760.0,S,180.0,0.0,0.0,1.0
0000950103-24-009388,2024-07-02T00:22:30.000Z,1548760.0,S,229.0,0.0,0.0,1.0
0000950103-24-009357,2024-07-01T22:19:57.000Z,1564475.0,S,412.0,514.41,211936.92,1.0
0000950103-24-009074,2024-06-28T00:08:44.000Z,1780525.0,S,905.0,496.99,449775.95,1.0
0000950103-24-008923,2024-06-27T01:06:34.000Z,1548760.0,S,722.0,0.0,0.0,1.0
0000950103-24-008923,2024-06-27T01:06:34.000Z,1548760.0,S,776.0,0.0,0.0,1.0
0000950103-24-008923,2024-06-27T01:06:34.000Z,1548760.0,S,489.0,0.0,0.0,1.0
0000950103-24-008923,2024-06-27T01:06:34.000Z,1548760.0,S,2168.0,0.0,0.0,1.0
0000950103-24-008923,2024-06-27T01:06:34.000Z,1548760.0,S,2787.0,0.0,0.0,1.0
0000950103-24-008923,2024-06-27T01:06:34.000Z,1548760.0,S,1033.0,0.0,0.0,1.0
0000950103-24-008923,2024-06-27T01:06:34.000Z,1548760.0,S,375.0,0.0,0.0,1.0
0000950103-24-008923,2024-06-27T01:06:34.000Z,1548760.0,S,946.0,0.0,0.0,1.0
0000950103-24-008923,2024-06-27T01:06:34.000Z,1548760.0,S,360.0,0.0,0.0,1.0
0000950103-24-008923,2024-06-27T01:06:34.000Z,1548760.0,S,487.0,0.0,0.0,1.0
0000950103-24-008923,2024-06-27T01:06:34.000Z,1548760.0,S,1636.0,0.0,0.0,1.0
0000950103-24-008923,2024-06-27T01:06:34.000Z,1548760.0,S,3482.0,0.0,0.0,1.0
0000950103-24-008923,2024-06-27T01:06:34.000Z,1548760.0,S,1441.0,0.0,0.0,1.0
0000950103-24-008922,2024-06-27T01:03:32.000Z,1548760.0,S,356.0,0.0,0.0,1.0
0000950103-24-008922,2024-06-27T01:03:32.000Z,1548760.0,S,285.0,0.0,0.0,1.0
0000950103-24-008922,2024-06-27T01:03:32.000Z,1548760.0,S,319.0,0.0,0.0,1.0
0000950103-24-008922,2024-06-27T01:03:32.000Z,1548760.0,S,324.0,0.0,0.0,1.0
0000950103-24-008922,2024-06-27T01:03:32.000Z,1548760.0,S,1075.0,0.0,0.0,1.0
0000950103-24-008922,2024-06-27T01:03:32.000Z,1548760.0,S,848.0,0.0,0.0,1.0
0000950103-24-008922,2024-06-27T01:03:32.000Z,1548760.0,S,926.0,0.0,0.0,1.0
0000950103-24-008922,2024-06-27T01:03:32.000Z,1548760.0,S,2632.0,0.0,0.0,1.0
0000950103-24-008922,2024-06-27T01:03:32.000Z,1548760.0,S,1089.0,0.0,0.0,1.0
0000950103-24-008922,2024-06-27T01:03:32.000Z,1548760.0,S,121.0,0.0,0.0,1.0
0000950103-24-008922,2024-06-27T01:03:32.000Z,1548760.0,S,420.0,0.0,0.0,1.0
0000950103-24-008922,2024-06-27T01:03:32.000Z,1548760.0,S,457.0,0.0,0.0,1.0
0000950103-24-008922,2024-06-27T01:03:32.000Z,1548760.0,S,196.0,0.0,0.0,1.0
0000950103-24-008922,2024-06-27T01:03:32.000Z,1548760.0,S,318.0,0.0,0.0,1.0
0000950103-24-008922,2024-06-27T01:03:32.000Z,1548760.0,S,1163.0,0.0,0.0,1.0
0000950103-24-008922,2024-06-27T01:03:32.000Z,1548760.0,S,797.0,0.0,0.0,1.0
0000950103-24-008922,2024-06-27T01:03:32.000Z,1548760.0,S,775.0,0.0,0.0,1.0
0000950103-24-008922,2024-06-27T01:03:32.000Z,1548760.0,S,2634.0,0.0,0.0,1.0
0000950103-24-008922,2024-06-27T01:03:32.000Z,1548760.0,S,1871.0,0.0,0.0,1.0
0000950103-24-008922,2024-06-27T01:03:32.000Z,1548760.0,S,96.0,0.0,0.0,1.0
0000950103-24-008920,2024-06-27T00:59:06.000Z,1548760.0,S,597.0,0.0,0.0,1.0
0000950103-24-008920,2024-06-27T00:59:06.000Z,1548760.0,S,1409.0,0.0,0.0,1.0
0000950103-24-008920,2024-06-27T00:59:06.000Z,1548760.0,S,806.0,0.0,0.0,1.0
0000950103-24-008920,2024-06-27T00:59:06.000Z,1548760.0,S,528.0,0.0,0.0,1.0
0000950103-24-008920,2024-06-27T00:59:06.000Z,1548760.0,S,551.0,0.0,0.0,1.0
0000950103-24-008920,2024-06-27T00:59:06.000Z,1548760.0,S,712.0,0.0,0.0,1.0
0000950103-24-008920,2024-06-27T00:59:06.000Z,1548760.0,S,72.0,507.6,36547.2,1.0
0000950103-24-008920,2024-06-27T00:59:06.000Z,1548760.0,S,616.0,0.0,0.0,1.0
0000950103-24-008920,2024-06-27T00:59:06.000Z,1548760.0,S,1455.0,0.0,0.0,1.0
0000950103-24-008920,2024-06-27T00:59:06.000Z,1548760.0,S,1030.0,0.0,0.0,1.0
0000950103-24-008920,2024-06-27T00:59:06.000Z,1548760.0,S,448.0,0.0,0.0,1.0
0000950103-24-008920,2024-06-27T00:59:06.000Z,1548760.0,S,904.0,0.0,0.0,1.0
0000950103-24-008920,2024-06-27T00:59:06.000Z,1548760.0,S,463.0,0.0,0.0,1.0
0000950103-24-008920,2024-06-27T00:59:06.000Z,1548760.0,S,169.0,0.0,0.0,1.0
0000950103-24-008718,2024-06-24T22:19:20.000Z,1548760.0,S,560.0,0.0,0.0,1.0
0000950103-24-008718,2024-06-24T22:19:20.000Z,1548760.0,S,460.0,0.0,0.0,1.0
0000950103-24-008718,2024-06-24T22:19:20.000Z,1548760.0,S,456.0,0.0,0.0,1.0
0000950103-24-008718,2024-06-24T22:19:20.000Z,1548760.0,S,578.0,0.0,0.0,1.0
0000950103-24-008717,2024-06-24T22:16:22.000Z,1548760.0,S,2543.0,0.0,0.0,1.0
0000950103-24-008717,2024-06-24T22:16:22.000Z,1548760.0,S,3458.0,0.0,0.0,1.0
0000950103-24-008717,2024-06-24T22:16:22.000Z,1548760.0,S,1974.0,0.0,0.0,1.0
0000950103-24-008717,2024-06-24T22:16:22.000Z,1548760.0,S,2874.0,0.0,0.0,1.0
0000950103-24-008717,2024-06-24T22:16:22.000Z,1548760.0,S,2965.0,0.0,0.0,1.0
0000950103-24-008717,2024-06-24T22:16:22.000Z,1548760.0,S,2792.0,0.0,0.0,1.0
0000950103-24-008717,2024-06-24T22:16:22.000Z,1548760.0,S,96.0,503.0,48288.0,1.0
0000950103-24-008716,2024-06-24T22:12:57.000Z,1564475.0,S,412.0,502.0,206824.0,1.0
0000950103-24-008601,2024-06-20T23:08:19.000Z,1548760.0,S,575.0,0.0,0.0,1.0
0000950103-24-008601,2024-06-20T23:08:19.000Z,1548760.0,S,190.0,0.0,0.0,1.0
0000950103-24-008601,2024-06-20T23:08:19.000Z,1548760.0,S,432.0,0.0,0.0,1.0
0000950103-24-008601,2024-06-20T23:08:19.000Z,1548760.0,S,1268.0,0.0,0.0,1.0
0000950103-24-008601,2024-06-20T23:08:19.000Z,1548760.0,S,1004.0,0.0,0.0,1.0
0000950103-24-008601,2024-06-20T23:08:19.000Z,1548760.0,S,701.0,0.0,0.0,1.0
0000950103-24-008601,2024-06-20T23:08:19.000Z,1548760.0,S,296.0,0.0,0.0,1.0
0000950103-24-008601,2024-06-20T23:08:19.000Z,1548760.0,S,727.0,0.0,0.0,1.0
0000950103-24-008601,2024-06-20T23:08:19.000Z,1548760.0,S,1884.0,0.0,0.0,1.0
0000950103-24-008601,2024-06-20T23:08:19.000Z,1548760.0,S,201.0,0.0,0.0,1.0
0000950103-24-008595,2024-06-20T22:53:06.000Z,1548760.0,S,1487.0,0.0,0.0,1.0
0000950103-24-008595,2024-06-20T22:53:06.000Z,1548760.0,S,1479.0,0.0,0.0,1.0
0000950103-24-008595,2024-06-20T22:53:06.000Z,1548760.0,S,678.0,0.0,0.0,1.0
0000950103-24-008595,2024-06-20T22:53:06.000Z,1548760.0,S,171.0,0.0,0.0,1.0
0000950103-24-008595,2024-06-20T22:53:06.000Z,1548760.0,S,101.0,0.0,0.0,1.0
0000950103-24-008595,2024-06-20T22:53:06.000Z,1548760.0,S,150.0,0.0,0.0,1.0
0000950103-24-008595,2024-06-20T22:53:06.000Z,1548760.0,S,613.0,0.0,0.0,1.0
0000950103-24-008595,2024-06-20T22:53:06.000Z,1548760.0,S,732.0,0.0,0.0,1.0
0000950103-24-008595,2024-06-20T22:53:06.000Z,1548760.0,S,1356.0,0.0,0.0,1.0
0000950103-24-008595,2024-06-20T22:53:06.000Z,1548760.0,S,1208.0,0.0,0.0,1.0
0000950103-24-008595,2024-06-20T22:53:06.000Z,1548760.0,S,1376.0,0.0,0.0,1.0
0000950103-24-008595,2024-06-20T22:53:06.000Z,1548760.0,S,1888.0,0.0,0.0,1.0
0000950103-24-008595,2024-06-20T22:53:06.000Z,1548760.0,S,804.0,0.0,0.0,1.0
0000950103-24-008595,2024-06-20T22:53:06.000Z,1548760.0,S,184.0,0.0,0.0,1.0
0000950103-24-008595,2024-06-20T22:53:06.000Z,1548760.0,S,264.0,0.0,0.0,1.0
0000950103-24-008595,2024-06-20T22:53:06.000Z,1548760.0,S,473.0,0.0,0.0,1.0
0000950103-24-008595,2024-06-20T22:53:06.000Z,1548760.0,S,849.0,0.0,0.0,1.0
0000950103-24-008595,2024-06-20T22:53:06.000Z,1548760.0,S,1229.0,0.0,0.0,1.0
0000950103-24-008595,2024-06-20T22:53:06.000Z,1548760.0,S,1660.0,0.0,0.0,1.0
0000950103-24-008594,2024-06-20T22:37:53.000Z,,-,,,,
0000950103-24-008593,2024-06-20T22:36:33.000Z,,-,,,,
0000950103-24-008592,2024-06-20T22:34:33.000Z,,-,,,,
0000950103-24-008591,2024-06-20T22:33:18.000Z,,-,,,,
0000950103-24-008590,2024-06-20T22:32:09.000Z,,-,,,,
0000950103-24-008589,2024-06-20T22:30:31.000Z,,-,,,,
0000950103-24-008588,2024-06-20T22:29:13.000Z,,-,,,,
0000950103-24-008587,2024-06-20T22:27:43.000Z,,-,,,,
0000950103-24-008586,2024-06-20T22:26:31.000Z,,-,,,,
0000950103-24-008585,2024-06-20T22:02:59.000Z,1780525.0,S,905.0,504.7,456753.5,1.0
0000950103-24-008432,2024-06-17T22:15:11.000Z,1548760.0,S,900.0,0.0,0.0,1.0
0000950103-24-008432,2024-06-17T22:15:11.000Z,1548760.0,S,3052.0,0.0,0.0,1.0
0000950103-24-008432,2024-06-17T22:15:11.000Z,1548760.0,S,2471.0,0.0,0.0,1.0
0000950103-24-008432,2024-06-17T22:15:11.000Z,1548760.0,S,1120.0,0.0,0.0,1.0
0000950103-24-008432,2024-06-17T22:15:11.000Z,1548760.0,S,264.0,0.0,0.0,1.0
0000950103-24-008432,2024-06-17T22:15:11.000Z,1548760.0,S,168.0,0.0,0.0,1.0
0000950103-24-008432,2024-06-17T22:15:11.000Z,1548760.0,S,315.0,0.0,0.0,1.0
0000950103-24-008432,2024-06-17T22:15:11.000Z,1548760.0,S,3127.0,0.0,0.0,1.0
0000950103-24-008432,2024-06-17T22:15:11.000Z,1548760.0,S,3485.0,0.0,0.0,1.0
0000950103-24-008432,2024-06-17T22:15:11.000Z,1548760.0,S,1044.0,0.0,0.0,1.0
0000950103-24-008432,2024-06-17T22:15:11.000Z,1548760.0,S,622.0,0.0,0.0,1.0
0000950103-24-008432,2024-06-17T22:15:11.000Z,1548760.0,S,134.0,0.0,0.0,1.0
0000950103-24-008431,2024-06-17T22:13:54.000Z,1548760.0,S,251.0,0.0,0.0,1.0
0000950103-24-008431,2024-06-17T22:13:54.000Z,1548760.0,S,1628.0,0.0,0.0,1.0
0000950103-24-008431,2024-06-17T22:13:54.000Z,1548760.0,S,3893.0,0.0,0.0,1.0
0000950103-24-008431,2024-06-17T22:13:54.000Z,1548760.0,S,711.0,0.0,0.0,1.0
0000950103-24-008431,2024-06-17T22:13:54.000Z,1548760.0,S,994.0,0.0,0.0,1.0
0000950103-24-008431,2024-06-17T22:13:54.000Z,1548760.0,S,402.0,0.0,0.0,1.0
0000950103-24-008431,2024-06-17T22:13:54.000Z,1548760.0,S,96.0,508.85,48849.600000000006,1.0
0000950103-24-008431,2024-06-17T22:13:54.000Z,1548760.0,S,655.0,0.0,0.0,1.0
0000950103-24-008431,2024-06-17T22:13:54.000Z,1548760.0,S,1816.0,0.0,0.0,1.0
0000950103-24-008431,2024-06-17T22:13:54.000Z,1548760.0,S,4445.0,0.0,0.0,1.0
0000950103-24-008431,2024-06-17T22:13:54.000Z,1548760.0,S,739.0,0.0,0.0,1.0
0000950103-24-008431,2024-06-17T22:13:54.000Z,1548760.0,S,832.0,0.0,0.0,1.0
0000950103-24-008431,2024-06-17T22:13:54.000Z,1548760.0,S,144.0,0.0,0.0,1.0
0000950103-24-008431,2024-06-17T22:13:54.000Z,1548760.0,S,96.0,509.39,48901.44,1.0
0000950103-24-008430,2024-06-17T22:12:21.000Z,1564475.0,S,412.0,505.75,208369.0,1.0
0000950103-24-008320,2024-06-13T22:33:20.000Z,1780525.0,S,905.0,500.0,452500.0,1.0
0000950103-24-008263,2024-06-13T01:49:15.000Z,1548760.0,S,1705.0,0.0,0.0,1.0
0000950103-24-008263,2024-06-13T01:49:15.000Z,1548760.0,S,2157.0,0.0,0.0,1.0
0000950103-24-008263,2024-06-13T01:49:15.000Z,1548760.0,S,1619.0,0.0,0.0,1.0
0000950103-24-008263,2024-06-13T01:49:15.000Z,1548760.0,S,1786.0,0.0,0.0,1.0
0000950103-24-008263,2024-06-13T01:49:15.000Z,1548760.0,S,193.0,0.0,0.0,1.0
0000950103-24-008263,2024-06-13T01:49:15.000Z,1548760.0,S,423.0,0.0,0.0,1.0
0000950103-24-008263,2024-06-13T01:49:15.000Z,1548760.0,S,92.0,0.0,0.0,1.0
0000950103-24-008263,2024-06-13T01:49:15.000Z,1548760.0,S,1252.0,0.0,0.0,1.0
0000950103-24-008263,2024-06-13T01:49:15.000Z,1548760.0,S,2399.0,0.0,0.0,1.0
0000950103-24-008263,2024-06-13T01:49:15.000Z,1548760.0,S,2221.0,0.0,0.0,1.0
0000950103-24-008263,2024-06-13T01:49:15.000Z,1548760.0,S,1681.0,0.0,0.0,1.0
0000950103-24-008263,2024-06-13T01:49:15.000Z,1548760.0,S,563.0,0.0,0.0,1.0
0000950103-24-008263,2024-06-13T01:49:15.000Z,1548760.0,S,531.0,0.0,0.0,1.0
0000950103-24-008263,2024-06-13T01:49:15.000Z,1548760.0,S,80.0,513.91,41112.8,1.0
0000950103-24-008262,2024-06-13T01:47:48.000Z,1548760.0,S,1739.0,0.0,0.0,1.0
0000950103-24-008262,2024-06-13T01:47:48.000Z,1548760.0,S,780.0,0.0,0.0,1.0
0000950103-24-008262,2024-06-13T01:47:48.000Z,1548760.0,S,1840.0,0.0,0.0,1.0
0000950103-24-008262,2024-06-13T01:47:48.000Z,1548760.0,S,1228.0,0.0,0.0,1.0
0000950103-24-008262,2024-06-13T01:47:48.000Z,1548760.0,S,569.0,0.0,0.0,1.0
0000950103-24-008262,2024-06-13T01:47:48.000Z,1548760.0,S,1460.0,0.0,0.0,1.0
0000950103-24-008262,2024-06-13T01:47:48.000Z,1548760.0,S,359.0,0.0,0.0,1.0
0000950103-24-008262,2024-06-13T01:47:48.000Z,1548760.0,S,1945.0,0.0,0.0,1.0
0000950103-24-008262,2024-06-13T01:47:48.000Z,1548760.0,S,888.0,0.0,0.0,1.0
0000950103-24-008262,2024-06-13T01:47:48.000Z,1548760.0,S,1794.0,0.0,0.0,1.0
0000950103-24-008262,2024-06-13T01:47:48.000Z,1548760.0,S,1456.0,0.0,0.0,1.0
0000950103-24-008262,2024-06-13T01:47:48.000Z,1548760.0,S,522.0,0.0,0.0,1.0
0000950103-24-008262,2024-06-13T01:47:48.000Z,1548760.0,S,1180.0,0.0,0.0,1.0
0000950103-24-008262,2024-06-13T01:47:48.000Z,1548760.0,S,942.0,0.0,0.0,1.0
0000950103-24-008261,2024-06-13T01:46:31.000Z,1548760.0,S,3953.0,0.0,0.0,1.0
0000950103-24-008261,2024-06-13T01:46:31.000Z,1548760.0,S,2897.0,0.0,0.0,1.0
0000950103-24-008261,2024-06-13T01:46:31.000Z,1548760.0,S,1125.0,0.0,0.0,1.0
0000950103-24-008261,2024-06-13T01:46:31.000Z,1548760.0,S,4365.0,0.0,0.0,1.0
0000950103-24-008261,2024-06-13T01:46:31.000Z,1548760.0,S,3187.0,0.0,0.0,1.0
0000950103-24-008261,2024-06-13T01:46:31.000Z,1548760.0,S,1175.0,0.0,0.0,1.0
0000950103-24-008143,2024-06-11T01:18:41.000Z,1548760.0,S,598.0,0.0,0.0,1.0
0000950103-24-008143,2024-06-11T01:18:41.000Z,1548760.0,S,345.0,0.0,0.0,1.0
0000950103-24-008143,2024-06-11T01:18:41.000Z,1548760.0,S,456.0,0.0,0.0,1.0
0000950103-24-008143,2024-06-11T01:18:41.000Z,1548760.0,S,612.0,0.0,0.0,1.0
0000950103-24-008135,2024-06-10T22:36:12.000Z,1564475.0,S,412.0,492.98,203107.76,1.0
0000950103-24-008022,2024-06-06T22:49:43.000Z,1780525.0,S,905.0,477.0,431685.0,1.0
0000950103-24-007672,2024-06-03T22:30:13.000Z,1564475.0,S,412.0,471.67,194328.04,1.0
0000950103-24-007571,2024-05-31T22:53:29.000Z,1366010.0,S,3788.0,0.0,0.0,1.0
0000950103-24-007571,2024-05-31T22:53:29.000Z,1366010.0,S,15255.0,0.0,0.0,1.0
0000950103-24-007571,2024-05-31T22:53:29.000Z,1366010.0,S,12397.0,0.0,0.0,1.0
0000950103-24-007571,2024-05-31T22:53:29.000Z,1366010.0,S,15505.0,0.0,0.0,1.0
0000950103-24-007571,2024-05-31T22:53:29.000Z,1366010.0,S,13719.0,0.0,0.0,1.0
0000950103-24-007571,2024-05-31T22:53:29.000Z,1366010.0,S,3236.0,0.0,0.0,1.0
0000950103-24-007571,2024-05-31T22:53:29.000Z,1366010.0,S,2475.0,0.0,0.0,1.0
0000950103-24-007571,2024-05-31T22:53:29.000Z,1366010.0,S,9937.0,0.0,0.0,1.0
0000950103-24-007571,2024-05-31T22:53:29.000Z,1366010.0,S,7835.0,0.0,0.0,1.0
0000950103-24-007571,2024-05-31T22:53:29.000Z,1366010.0,S,9590.0,0.0,0.0,1.0
0000950103-24-007571,2024-05-31T22:53:29.000Z,1366010.0,S,9259.0,0.0,0.0,1.0
0000950103-24-007571,2024-05-31T22:53:29.000Z,1366010.0,S,2004.0,0.0,0.0,1.0
0000950103-24-007436,2024-05-30T22:41:22.000Z,1780525.0,S,905.0,476.69,431404.45,1.0
0000950103-24-007198,2024-05-28T22:27:01.000Z,1564475.0,S,412.0,472.7,194752.4,1.0
0000950103-24-007073,2024-05-23T23:05:02.000Z,1780525.0,S,905.0,467.57,423150.85,1.0
0000950103-24-006861,2024-05-18T01:21:11.000Z,,-,,,,
0000950103-24-006860,2024-05-18T00:24:04.000Z,,-,,,,
0000950103-24-006859,2024-05-18T00:22:11.000Z,,-,,,,
0000950103-24-006858,2024-05-18T00:21:16.000Z,,-,,,,
0000950103-24-006857,2024-05-18T00:20:26.000Z,,-,,,,
0000950103-24-006856,2024-05-18T00:19:15.000Z,,-,,,,
0000950103-24-006855,2024-05-18T00:19:02.000Z,,-,,,,
0000950103-24-006854,2024-05-18T00:17:35.000Z,,-,,,,
0000950103-24-006853,2024-05-18T00:17:28.000Z,,-,,,,
0000950103-24-006852,2024-05-18T00:16:17.000Z,,-,,,,
0000950103-24-006851,2024-05-18T00:15:50.000Z,,-,,,,
0000950103-24-006850,2024-05-18T00:14:38.000Z,1915704.0,S,0.0,471.85,0.0,1.0
0000950103-24-006850,2024-05-18T00:14:38.000Z,1915704.0,S,600.0,0.0,0.0,1.0
0000950103-24-006850,2024-05-18T00:14:38.000Z,1915704.0,S,2877.0,0.0,0.0,1.0
0000950103-24-006850,2024-05-18T00:14:38.000Z,1915704.0,S,2913.0,0.0,0.0,1.0
0000950103-24-006850,2024-05-18T00:14:38.000Z,1915704.0,S,900.0,0.0,0.0,1.0
0000950103-24-006849,2024-05-18T00:14:21.000Z,1564475.0,S,0.0,471.85,0.0,1.0
0000950103-24-006849,2024-05-18T00:14:21.000Z,1564475.0,S,618.0,475.0,293550.0,1.0
0000950103-24-006848,2024-05-18T00:12:53.000Z,1739092.0,S,0.0,471.85,0.0,1.0
0000950103-24-006848,2024-05-18T00:12:53.000Z,1739092.0,S,0.0,471.85,0.0,1.0
0000950103-24-006848,2024-05-18T00:12:53.000Z,1739092.0,S,1750.0,0.0,0.0,1.0
0000950103-24-006848,2024-05-18T00:12:53.000Z,1739092.0,S,5936.0,0.0,0.0,1.0
0000950103-24-006848,2024-05-18T00:12:53.000Z,1739092.0,S,6778.0,0.0,0.0,1.0
0000950103-24-006848,2024-05-18T00:12:53.000Z,1739092.0,S,4179.0,0.0,0.0,1.0
0000950103-24-006847,2024-05-18T00:12:43.000Z,1645073.0,S,35.0,474.75,16616.25,1.0
0000950103-24-006846,2024-05-18T00:12:02.000Z,1917373.0,S,0.0,471.85,0.0,1.0
0000950103-24-006846,2024-05-18T00:12:02.000Z,1917373.0,S,1206.0,0.0,0.0,1.0
0000950103-24-006846,2024-05-18T00:12:02.000Z,1917373.0,S,4792.0,0.0,0.0,1.0
0000950103-24-006846,2024-05-18T00:12:02.000Z,1917373.0,S,5479.0,0.0,0.0,1.0
0000950103-24-006846,2024-05-18T00:12:02.000Z,1917373.0,S,3268.0,0.0,0.0,1.0
0000950103-24-006845,2024-05-18T00:09:36.000Z,1780525.0,S,905.0,475.0,429875.0,1.0
0000950103-24-006514,2024-05-09T22:21:35.000Z,1780525.0,S,576.0,466.33,268606.08,1.0
0000950103-24-006438,2024-05-07T22:06:32.000Z,1564475.0,S,490.0,445.93,218505.7,1.0
0000950103-24-006289,2024-05-02T22:16:14.000Z,1780525.0,S,585.0,431.05,252164.25,1.0
0000950103-24-006055,2024-04-30T22:53:30.000Z,,-,,,,
0000950103-24-006054,2024-04-30T22:51:55.000Z,1564475.0,S,490.0,441.54,216354.6,1.0
0000950103-24-005771,2024-04-25T22:24:01.000Z,1780525.0,S,585.0,491.25,287381.25,1.0
0000950103-24-005644,2024-04-23T22:14:16.000Z,1564475.0,S,490.0,501.18,245578.2,1.0
0000950103-24-005489,2024-04-18T22:05:56.000Z,1780525.0,S,585.0,498.59,291675.15,1.0
0000950103-24-005369,2024-04-16T22:10:17.000Z,1564475.0,S,490.0,517.75,253697.5,1.0
0000950103-24-005198,2024-04-11T22:06:02.000Z,1780525.0,S,585.0,522.0,305370.0,1.0
0000950103-24-005088,2024-04-09T22:18:59.000Z,1564475.0,S,490.0,516.51,253089.9,1.0
0000950103-24-004867,2024-04-03T22:35:38.000Z,1564475.0,S,490.0,486.75,238507.5,1.0
0000950103-24-004866,2024-04-03T22:33:43.000Z,1780525.0,S,585.0,485.0,283725.0,1.0
0000950103-24-004865,2024-04-03T22:32:17.000Z,1548760.0,S,208.0,0.0,0.0,1.0
0000950103-24-004865,2024-04-03T22:32:17.000Z,1548760.0,S,100.0,483.27,48327.0,1.0
0000950103-24-004865,2024-04-03T22:32:17.000Z,1548760.0,S,400.0,0.0,0.0,1.0
0000950103-24-004865,2024-04-03T22:32:17.000Z,1548760.0,S,200.0,0.0,0.0,1.0
0000950103-24-004865,2024-04-03T22:32:17.000Z,1548760.0,S,600.0,0.0,0.0,1.0
0000950103-24-004865,2024-04-03T22:32:17.000Z,1548760.0,S,1290.0,0.0,0.0,1.0
0000950103-24-004865,2024-04-03T22:32:17.000Z,1548760.0,S,8010.0,0.0,0.0,1.0
0000950103-24-004865,2024-04-03T22:32:17.000Z,1548760.0,S,10222.0,0.0,0.0,1.0
0000950103-24-004865,2024-04-03T22:32:17.000Z,1548760.0,S,2274.0,0.0,0.0,1.0
0000950103-24-004865,2024-04-03T22:32:17.000Z,1548760.0,S,1706.0,0.0,0.0,1.0
0000950103-24-004865,2024-04-03T22:32:17.000Z,1548760.0,S,2237.0,0.0,0.0,1.0
0000950103-24-004865,2024-04-03T22:32:17.000Z,1548760.0,S,3517.0,0.0,0.0,1.0
0000950103-24-004865,2024-04-03T22:32:17.000Z,1548760.0,S,601.0,0.0,0.0,1.0
0000950103-24-004865,2024-04-03T22:32:17.000Z,1548760.0,S,100.0,496.94,49694.0,1.0
0000950103-24-004764,2024-04-01T22:22:08.000Z,1548760.0,S,3902.0,0.0,0.0,1.0
0000950103-24-004764,2024-04-01T22:22:08.000Z,1548760.0,S,3729.0,0.0,0.0,1.0
0000950103-24-004764,2024-04-01T22:22:08.000Z,1548760.0,S,7932.0,0.0,0.0,1.0
0000950103-24-004764,2024-04-01T22:22:08.000Z,1548760.0,S,6588.0,0.0,0.0,1.0
0000950103-24-004764,2024-04-01T22:22:08.000Z,1548760.0,S,6793.0,0.0,0.0,1.0
0000950103-24-004764,2024-04-01T22:22:08.000Z,1548760.0,S,2400.0,0.0,0.0,1.0
0000950103-24-004764,2024-04-01T22:22:08.000Z,1548760.0,S,149.0,0.0,0.0,1.0
0000950103-24-004510,2024-03-28T00:57:51.000Z,1548760.0,S,1947.0,0.0,0.0,1.0
0000950103-24-004510,2024-03-28T00:57:51.000Z,1548760.0,S,3344.0,0.0,0.0,1.0
0000950103-24-004510,2024-03-28T00:57:51.000Z,1548760.0,S,9206.0,0.0,0.0,1.0
0000950103-24-004510,2024-03-28T00:57:51.000Z,1548760.0,S,9086.0,0.0,0.0,1.0
0000950103-24-004510,2024-03-28T00:57:51.000Z,1548760.0,S,2792.0,0.0,0.0,1.0
0000950103-24-004510,2024-03-28T00:57:51.000Z,1548760.0,S,3471.0,0.0,0.0,1.0
0000950103-24-004510,2024-03-28T00:57:51.000Z,1548760.0,S,120.0,0.0,0.0,1.0
0000950103-24-004510,2024-03-28T00:57:51.000Z,1548760.0,S,507.0,0.0,0.0,1.0
0000950103-24-004510,2024-03-28T00:57:51.000Z,1548760.0,S,300.0,0.0,0.0,1.0
0000950103-24-004510,2024-03-28T00:57:51.000Z,1548760.0,S,520.0,0.0,0.0,1.0
0000950103-24-004510,2024-03-28T00:57:51.000Z,1548760.0,S,200.0,0.0,0.0,1.0
0000950103-24-004508,2024-03-28T00:55:04.000Z,1548760.0,S,2334.0,0.0,0.0,1.0
0000950103-24-004508,2024-03-28T00:55:04.000Z,1548760.0,S,4259.0,0.0,0.0,1.0
0000950103-24-004508,2024-03-28T00:55:04.000Z,1548760.0,S,11246.0,0.0,0.0,1.0
0000950103-24-004508,2024-03-28T00:55:04.000Z,1548760.0,S,6901.0,0.0,0.0,1.0
0000950103-24-004508,2024-03-28T00:55:04.000Z,1548760.0,S,5403.0,0.0,0.0,1.0
0000950103-24-004508,2024-03-28T00:55:04.000Z,1548760.0,S,800.0,0.0,0.0,1.0
0000950103-24-004508,2024-03-28T00:55:04.000Z,1548760.0,S,600.0,0.0,0.0,1.0
0000950103-24-004508,2024-03-28T00:55:04.000Z,1548760.0,S,502.0,0.0,0.0,1.0
0000950103-24-004508,2024-03-28T00:55:04.000Z,1548760.0,S,525.0,0.0,0.0,1.0
0000950103-24-004508,2024-03-28T00:55:04.000Z,1548760.0,S,1200.0,0.0,0.0,1.0
0000950103-24-004508,2024-03-28T00:55:04.000Z,1548760.0,S,1813.0,0.0,0.0,1.0
0000950103-24-004508,2024-03-28T00:55:04.000Z,1548760.0,S,4758.0,0.0,0.0,1.0
0000950103-24-004508,2024-03-28T00:55:04.000Z,1548760.0,S,2332.0,0.0,0.0,1.0
0000950103-24-004508,2024-03-28T00:55:04.000Z,1548760.0,S,1851.0,0.0,0.0,1.0
0000950103-24-004508,2024-03-28T00:55:04.000Z,1548760.0,S,300.0,0.0,0.0,1.0
0000950103-24-004508,2024-03-28T00:55:04.000Z,1548760.0,S,321.0,0.0,0.0,1.0
0000950103-24-004508,2024-03-28T00:55:04.000Z,1548760.0,S,250.0,0.0,0.0,1.0
0000950103-24-004508,2024-03-28T00:55:04.000Z,1548760.0,S,100.0,499.22,49922.0,1.0
0000950103-24-004504,2024-03-28T00:39:42.000Z,1548760.0,S,1119.0,0.0,0.0,1.0
0000950103-24-004504,2024-03-28T00:39:42.000Z,1548760.0,S,1211.0,0.0,0.0,1.0
0000950103-24-004504,2024-03-28T00:39:42.000Z,1548760.0,S,400.0,0.0,0.0,1.0
0000950103-24-004504,2024-03-28T00:39:42.000Z,1548760.0,S,900.0,0.0,0.0,1.0
0000950103-24-004504,2024-03-28T00:39:42.000Z,1548760.0,S,300.0,0.0,0.0,1.0
0000950103-24-004504,2024-03-28T00:39:42.000Z,1548760.0,S,503.0,0.0,0.0,1.0
0000950103-24-004504,2024-03-28T00:39:42.000Z,1548760.0,S,600.0,0.0,0.0,1.0
0000950103-24-004504,2024-03-28T00:39:42.000Z,1548760.0,S,2657.0,0.0,0.0,1.0
0000950103-24-004504,2024-03-28T00:39:42.000Z,1548760.0,S,3425.0,0.0,0.0,1.0
0000950103-24-004504,2024-03-28T00:39:42.000Z,1548760.0,S,4135.0,0.0,0.0,1.0
0000950103-24-004504,2024-03-28T00:39:42.000Z,1548760.0,S,3800.0,0.0,0.0,1.0
0000950103-24-004504,2024-03-28T00:39:42.000Z,1548760.0,S,8618.0,0.0,0.0,1.0
0000950103-24-004504,2024-03-28T00:39:42.000Z,1548760.0,S,3425.0,0.0,0.0,1.0
0000950103-24-004504,2024-03-28T00:39:42.000Z,1548760.0,S,400.0,0.0,0.0,1.0
0000950103-24-004501,2024-03-28T00:33:03.000Z,1548760.0,S,1251.0,0.0,0.0,1.0
0000950103-24-004501,2024-03-28T00:33:03.000Z,1548760.0,S,1200.0,0.0,0.0,1.0
0000950103-24-004501,2024-03-28T00:33:03.000Z,1548760.0,S,400.0,0.0,0.0,1.0
0000950103-24-004501,2024-03-28T00:33:03.000Z,1548760.0,S,900.0,0.0,0.0,1.0
0000950103-24-004501,2024-03-28T00:33:03.000Z,1548760.0,S,200.0,0.0,0.0,1.0
0000950103-24-004501,2024-03-28T00:33:03.000Z,1548760.0,S,700.0,0.0,0.0,1.0
0000950103-24-004501,2024-03-28T00:33:03.000Z,1548760.0,S,625.0,0.0,0.0,1.0
0000950103-24-004501,2024-03-28T00:33:03.000Z,1548760.0,S,2992.0,0.0,0.0,1.0
0000950103-24-004501,2024-03-28T00:33:03.000Z,1548760.0,S,3677.0,0.0,0.0,1.0
0000950103-24-004501,2024-03-28T00:33:03.000Z,1548760.0,S,4446.0,0.0,0.0,1.0
0000950103-24-004501,2024-03-28T00:33:03.000Z,1548760.0,S,5169.0,0.0,0.0,1.0
0000950103-24-004501,2024-03-28T00:33:03.000Z,1548760.0,S,8003.0,0.0,0.0,1.0
0000950103-24-004501,2024-03-28T00:33:03.000Z,1548760.0,S,3231.0,0.0,0.0,1.0
0000950103-24-004501,2024-03-28T00:33:03.000Z,1548760.0,S,441.0,0.0,0.0,1.0
0000950103-24-004501,2024-03-28T00:33:03.000Z,1548760.0,S,300.0,0.0,0.0,1.0
0000950103-24-004501,2024-03-28T00:33:03.000Z,1548760.0,S,400.0,0.0,0.0,1.0
0000950103-24-004501,2024-03-28T00:33:03.000Z,1548760.0,S,300.0,0.0,0.0,1.0
0000950103-24-004501,2024-03-28T00:33:03.000Z,1548760.0,S,100.0,499.995,49999.5,1.0
0000950103-24-004501,2024-03-28T00:33:03.000Z,1548760.0,S,200.0,0.0,0.0,1.0
0000950103-24-004501,2024-03-28T00:33:03.000Z,1548760.0,S,382.0,0.0,0.0,1.0
0000950103-24-004501,2024-03-28T00:33:03.000Z,1548760.0,S,1765.0,0.0,0.0,1.0
0000950103-24-004501,2024-03-28T00:33:03.000Z,1548760.0,S,1600.0,0.0,0.0,1.0
0000950103-24-004501,2024-03-28T00:33:03.000Z,1548760.0,S,1963.0,0.0,0.0,1.0
0000950103-24-004501,2024-03-28T00:33:03.000Z,1548760.0,S,3100.0,0.0,0.0,1.0
0000950103-24-004501,2024-03-28T00:33:03.000Z,1548760.0,S,2000.0,0.0,0.0,1.0
0000950103-24-004501,2024-03-28T00:33:03.000Z,1548760.0,S,574.0,0.0,0.0,1.0
0000950103-24-004499,2024-03-28T00:28:45.000Z,1548760.0,S,416.0,0.0,0.0,1.0
0000950103-24-004499,2024-03-28T00:28:45.000Z,1548760.0,S,600.0,0.0,0.0,1.0
0000950103-24-004499,2024-03-28T00:28:45.000Z,1548760.0,S,2847.0,0.0,0.0,1.0
0000950103-24-004499,2024-03-28T00:28:45.000Z,1548760.0,S,6930.0,0.0,0.0,1.0
0000950103-24-004499,2024-03-28T00:28:45.000Z,1548760.0,S,12374.0,0.0,0.0,1.0
0000950103-24-004499,2024-03-28T00:28:45.000Z,1548760.0,S,9227.0,0.0,0.0,1.0
0000950103-24-004499,2024-03-28T00:28:45.000Z,1548760.0,S,400.0,0.0,0.0,1.0
0000950103-24-004499,2024-03-28T00:28:45.000Z,1548760.0,S,200.0,0.0,0.0,1.0
0000950103-24-004499,2024-03-28T00:28:45.000Z,1548760.0,S,300.0,0.0,0.0,1.0
0000950103-24-004499,2024-03-28T00:28:45.000Z,1548760.0,S,1039.0,0.0,0.0,1.0
0000950103-24-004499,2024-03-28T00:28:45.000Z,1548760.0,S,3755.0,0.0,0.0,1.0
0000950103-24-004499,2024-03-28T00:28:45.000Z,1548760.0,S,5626.0,0.0,0.0,1.0
0000950103-24-004499,2024-03-28T00:28:45.000Z,1548760.0,S,2105.0,0.0,0.0,1.0
0000950103-24-004499,2024-03-28T00:28:45.000Z,1548760.0,S,100.0,506.78,50678.0,1.0
0000950103-24-004499,2024-03-28T00:28:45.000Z,1548760.0,S,600.0,0.0,0.0,1.0
0000950103-24-004499,2024-03-28T00:28:45.000Z,1548760.0,S,800.0,0.0,0.0,1.0
0000950103-24-004499,2024-03-28T00:28:45.000Z,1548760.0,S,3044.0,0.0,0.0,1.0
0000950103-24-004499,2024-03-28T00:28:45.000Z,1548760.0,S,9111.0,0.0,0.0,1.0
0000950103-24-004499,2024-03-28T00:28:45.000Z,1548760.0,S,14027.0,0.0,0.0,1.0
0000950103-24-004499,2024-03-28T00:28:45.000Z,1548760.0,S,3811.0,0.0,0.0,1.0
0000950103-24-004499,2024-03-28T00:28:45.000Z,1548760.0,S,100.0,506.98,50698.0,1.0
0000950103-24-004498,2024-03-28T00:24:36.000Z,1780525.0,S,585.0,505.29,295594.65,1.0
0000950103-24-004313,2024-03-26T22:29:54.000Z,1564475.0,S,490.0,507.0,248430.0,1.0
0000950103-24-004241,2024-03-25T22:14:17.000Z,1548760.0,S,5912.0,0.0,0.0,1.0
0000950103-24-004241,2024-03-25T22:14:17.000Z,1548760.0,S,10686.0,0.0,0.0,1.0
0000950103-24-004241,2024-03-25T22:14:17.000Z,1548760.0,S,3012.0,0.0,0.0,1.0
0000950103-24-004241,2024-03-25T22:14:17.000Z,1548760.0,S,5734.0,0.0,0.0,1.0
0000950103-24-004241,2024-03-25T22:14:17.000Z,1548760.0,S,5776.0,0.0,0.0,1.0
0000950103-24-004241,2024-03-25T22:14:17.000Z,1548760.0,S,1674.0,0.0,0.0,1.0
0000950103-24-004241,2024-03-25T22:14:17.000Z,1548760.0,S,4312.0,0.0,0.0,1.0
0000950103-24-004241,2024-03-25T22:14:17.000Z,1548760.0,S,2718.0,0.0,0.0,1.0
0000950103-24-004241,2024-03-25T22:14:17.000Z,1548760.0,S,1190.0,0.0,0.0,1.0
0000950103-24-004241,2024-03-25T22:14:17.000Z,1548760.0,S,2684.0,0.0,0.0,1.0
0000950103-24-004241,2024-03-25T22:14:17.000Z,1548760.0,S,1921.0,0.0,0.0,1.0
0000950103-24-004241,2024-03-25T22:14:17.000Z,1548760.0,S,300.0,0.0,0.0,1.0
0000950103-24-004241,2024-03-25T22:14:17.000Z,1548760.0,S,5754.0,0.0,0.0,1.0
0000950103-24-004241,2024-03-25T22:14:17.000Z,1548760.0,S,10571.0,0.0,0.0,1.0
0000950103-24-004241,2024-03-25T22:14:17.000Z,1548760.0,S,2447.0,0.0,0.0,1.0
0000950103-24-004241,2024-03-25T22:14:17.000Z,1548760.0,S,6035.0,0.0,0.0,1.0
0000950103-24-004241,2024-03-25T22:14:17.000Z,1548760.0,S,5295.0,0.0,0.0,1.0
0000950103-24-004241,2024-03-25T22:14:17.000Z,1548760.0,S,1391.0,0.0,0.0,1.0
0000950103-24-004240,2024-03-25T22:09:35.000Z,1548760.0,S,1090.0,0.0,0.0,1.0
0000950103-24-004240,2024-03-25T22:09:35.000Z,1548760.0,S,9839.0,0.0,0.0,1.0
0000950103-24-004240,2024-03-25T22:09:35.000Z,1548760.0,S,7767.0,0.0,0.0,1.0
0000950103-24-004240,2024-03-25T22:09:35.000Z,1548760.0,S,7512.0,0.0,0.0,1.0
0000950103-24-004240,2024-03-25T22:09:35.000Z,1548760.0,S,5673.0,0.0,0.0,1.0
0000950103-24-004240,2024-03-25T22:09:35.000Z,1548760.0,S,813.0,0.0,0.0,1.0
0000950103-24-004240,2024-03-25T22:09:35.000Z,1548760.0,S,100.0,514.12,51412.0,1.0
0000950103-24-004240,2024-03-25T22:09:35.000Z,1548760.0,S,887.0,0.0,0.0,1.0
0000950103-24-004240,2024-03-25T22:09:35.000Z,1548760.0,S,4168.0,0.0,0.0,1.0
0000950103-24-004240,2024-03-25T22:09:35.000Z,1548760.0,S,3067.0,0.0,0.0,1.0
0000950103-24-004240,2024-03-25T22:09:35.000Z,1548760.0,S,3399.0,0.0,0.0,1.0
0000950103-24-004240,2024-03-25T22:09:35.000Z,1548760.0,S,1404.0,0.0,0.0,1.0
0000950103-24-004240,2024-03-25T22:09:35.000Z,1548760.0,S,200.0,0.0,0.0,1.0
0000950103-24-004240,2024-03-25T22:09:35.000Z,1548760.0,S,2631.0,0.0,0.0,1.0
0000950103-24-004240,2024-03-25T22:09:35.000Z,1548760.0,S,10067.0,0.0,0.0,1.0
0000950103-24-004240,2024-03-25T22:09:35.000Z,1548760.0,S,6767.0,0.0,0.0,1.0
0000950103-24-004240,2024-03-25T22:09:35.000Z,1548760.0,S,8078.0,0.0,0.0,1.0
0000950103-24-004240,2024-03-25T22:09:35.000Z,1548760.0,S,3450.0,0.0,0.0,1.0
0000950103-24-004240,2024-03-25T22:09:35.000Z,1548760.0,S,400.0,0.0,0.0,1.0
0000950103-24-004240,2024-03-25T22:09:35.000Z,1548760.0,S,100.0,513.12,51312.0,1.0
0000950103-24-004199,2024-03-22T22:34:12.000Z,,-,,,,
0000950103-24-004198,2024-03-22T22:33:11.000Z,,-,,,,
0000950103-24-004197,2024-03-22T22:33:06.000Z,,-,,,,
0000950103-24-004196,2024-03-22T22:32:18.000Z,,-,,,,
0000950103-24-004195,2024-03-22T22:31:45.000Z,,-,,,,
0000950103-24-004194,2024-03-22T22:29:59.000Z,,-,,,,
0000950103-24-004136,2024-03-21T22:39:41.000Z,1780525.0,S,585.0,488.5,285772.5,1.0
0000950103-24-004094,2024-03-21T01:32:04.000Z,1548760.0,S,2039.0,0.0,0.0,1.0
0000950103-24-004094,2024-03-21T01:32:04.000Z,1548760.0,S,5542.0,0.0,0.0,1.0
0000950103-24-004094,2024-03-21T01:32:04.000Z,1548760.0,S,7153.0,0.0,0.0,1.0
0000950103-24-004094,2024-03-21T01:32:04.000Z,1548760.0,S,2230.0,0.0,0.0,1.0
0000950103-24-004094,2024-03-21T01:32:04.000Z,1548760.0,S,1900.0,0.0,0.0,1.0
0000950103-24-004094,2024-03-21T01:32:04.000Z,1548760.0,S,2603.0,0.0,0.0,1.0
0000950103-24-004094,2024-03-21T01:32:04.000Z,1548760.0,S,1900.0,0.0,0.0,1.0
0000950103-24-004094,2024-03-21T01:32:04.000Z,1548760.0,S,600.0,0.0,0.0,1.0
0000950103-24-004094,2024-03-21T01:32:04.000Z,1548760.0,S,2001.0,0.0,0.0,1.0
0000950103-24-004094,2024-03-21T01:32:04.000Z,1548760.0,S,2825.0,0.0,0.0,1.0
0000950103-24-004094,2024-03-21T01:32:04.000Z,1548760.0,S,1800.0,0.0,0.0,1.0
0000950103-24-004094,2024-03-21T01:32:04.000Z,1548760.0,S,900.0,0.0,0.0,1.0
0000950103-24-004093,2024-03-21T01:29:23.000Z,1548760.0,S,2250.0,0.0,0.0,1.0
0000950103-24-004093,2024-03-21T01:29:23.000Z,1548760.0,S,5497.0,0.0,0.0,1.0
0000950103-24-004093,2024-03-21T01:29:23.000Z,1548760.0,S,7759.0,0.0,0.0,1.0
0000950103-24-004093,2024-03-21T01:29:23.000Z,1548760.0,S,2307.0,0.0,0.0,1.0
0000950103-24-004093,2024-03-21T01:29:23.000Z,1548760.0,S,1664.0,0.0,0.0,1.0
0000950103-24-004093,2024-03-21T01:29:23.000Z,1548760.0,S,2500.0,0.0,0.0,1.0
0000950103-24-004093,2024-03-21T01:29:23.000Z,1548760.0,S,2000.0,0.0,0.0,1.0
0000950103-24-004093,2024-03-21T01:29:23.000Z,1548760.0,S,600.0,0.0,0.0,1.0
0000950103-24-004093,2024-03-21T01:29:23.000Z,1548760.0,S,900.0,0.0,0.0,1.0
0000950103-24-004093,2024-03-21T01:29:23.000Z,1548760.0,S,4217.0,0.0,0.0,1.0
0000950103-24-004093,2024-03-21T01:29:23.000Z,1548760.0,S,2000.0,0.0,0.0,1.0
0000950103-24-004093,2024-03-21T01:29:23.000Z,1548760.0,S,1100.0,0.0,0.0,1.0
0000950103-24-004093,2024-03-21T01:29:23.000Z,1548760.0,S,1000.0,0.0,0.0,1.0
0000950103-24-004093,2024-03-21T01:29:23.000Z,1548760.0,S,2100.0,0.0,0.0,1.0
0000950103-24-004093,2024-03-21T01:29:23.000Z,1548760.0,S,3004.0,0.0,0.0,1.0
0000950103-24-004093,2024-03-21T01:29:23.000Z,1548760.0,S,1100.0,0.0,0.0,1.0
0000950103-24-004093,2024-03-21T01:29:23.000Z,1548760.0,S,599.0,0.0,0.0,1.0
0000950103-24-004093,2024-03-21T01:29:23.000Z,1548760.0,S,1400.0,0.0,0.0,1.0
0000950103-24-004093,2024-03-21T01:29:23.000Z,1548760.0,S,600.0,0.0,0.0,1.0
0000950103-24-004093,2024-03-21T01:29:23.000Z,1548760.0,S,100.0,502.76,50276.0,1.0
0000950103-24-004093,2024-03-21T01:29:23.000Z,1548760.0,S,400.0,0.0,0.0,1.0
0000950103-24-004093,2024-03-21T01:29:23.000Z,1548760.0,S,1422.0,0.0,0.0,1.0
0000950103-24-004093,2024-03-21T01:29:23.000Z,1548760.0,S,900.0,0.0,0.0,1.0
0000950103-24-004093,2024-03-21T01:29:23.000Z,1548760.0,S,500.0,0.0,0.0,1.0
0000950103-24-004092,2024-03-21T01:27:19.000Z,1548760.0,S,900.0,0.0,0.0,1.0
0000950103-24-004092,2024-03-21T01:27:19.000Z,1548760.0,S,600.0,0.0,0.0,1.0
0000950103-24-004092,2024-03-21T01:27:19.000Z,1548760.0,S,1550.0,0.0,0.0,1.0
0000950103-24-004092,2024-03-21T01:27:19.000Z,1548760.0,S,3000.0,0.0,0.0,1.0
0000950103-24-004092,2024-03-21T01:27:19.000Z,1548760.0,S,3100.0,0.0,0.0,1.0
0000950103-24-004092,2024-03-21T01:27:19.000Z,1548760.0,S,2903.0,0.0,0.0,1.0
0000950103-24-004092,2024-03-21T01:27:19.000Z,1548760.0,S,1836.0,0.0,0.0,1.0
0000950103-24-004092,2024-03-21T01:27:19.000Z,1548760.0,S,2013.0,0.0,0.0,1.0
0000950103-24-004092,2024-03-21T01:27:19.000Z,1548760.0,S,1485.0,0.0,0.0,1.0
0000950103-24-004092,2024-03-21T01:27:19.000Z,1548760.0,S,996.0,0.0,0.0,1.0
0000950103-24-004092,2024-03-21T01:27:19.000Z,1548760.0,S,5211.0,0.0,0.0,1.0
0000950103-24-004092,2024-03-21T01:27:19.000Z,1548760.0,S,5455.0,0.0,0.0,1.0
0000950103-24-004092,2024-03-21T01:27:19.000Z,1548760.0,S,800.0,0.0,0.0,1.0
0000950103-24-004092,2024-03-21T01:27:19.000Z,1548760.0,S,1644.0,0.0,0.0,1.0
0000950103-24-004091,2024-03-21T01:24:40.000Z,1548760.0,S,600.0,0.0,0.0,1.0
0000950103-24-004091,2024-03-21T01:24:40.000Z,1548760.0,S,1100.0,0.0,0.0,1.0
0000950103-24-004091,2024-03-21T01:24:40.000Z,1548760.0,S,1960.0,0.0,0.0,1.0
0000950103-24-004091,2024-03-21T01:24:40.000Z,1548760.0,S,3011.0,0.0,0.0,1.0
0000950103-24-004091,2024-03-21T01:24:40.000Z,1548760.0,S,3321.0,0.0,0.0,1.0
0000950103-24-004091,2024-03-21T01:24:40.000Z,1548760.0,S,2800.0,0.0,0.0,1.0
0000950103-24-004091,2024-03-21T01:24:40.000Z,1548760.0,S,2200.0,0.0,0.0,1.0
0000950103-24-004091,2024-03-21T01:24:40.000Z,1548760.0,S,2113.0,0.0,0.0,1.0
0000950103-24-004091,2024-03-21T01:24:40.000Z,1548760.0,S,1000.0,0.0,0.0,1.0
0000950103-24-004091,2024-03-21T01:24:40.000Z,1548760.0,S,2208.0,0.0,0.0,1.0
0000950103-24-004091,2024-03-21T01:24:40.000Z,1548760.0,S,7638.0,0.0,0.0,1.0
0000950103-24-004091,2024-03-21T01:24:40.000Z,1548760.0,S,2481.0,0.0,0.0,1.0
0000950103-24-004091,2024-03-21T01:24:40.000Z,1548760.0,S,1640.0,0.0,0.0,1.0
0000950103-24-004091,2024-03-21T01:24:40.000Z,1548760.0,S,722.0,0.0,0.0,1.0
0000950103-24-004091,2024-03-21T01:24:40.000Z,1548760.0,S,400.0,0.0,0.0,1.0
0000950103-24-004091,2024-03-21T01:24:40.000Z,1548760.0,S,200.0,0.0,0.0,1.0
0000950103-24-004091,2024-03-21T01:24:40.000Z,1548760.0,S,700.0,0.0,0.0,1.0
0000950103-24-004091,2024-03-21T01:24:40.000Z,1548760.0,S,1500.0,0.0,0.0,1.0
0000950103-24-004091,2024-03-21T01:24:40.000Z,1548760.0,S,1399.0,0.0,0.0,1.0
0000950103-24-004091,2024-03-21T01:24:40.000Z,1548760.0,S,1175.0,0.0,0.0,1.0
0000950103-24-004091,2024-03-21T01:24:40.000Z,1548760.0,S,872.0,0.0,0.0,1.0
0000950103-24-004091,2024-03-21T01:24:40.000Z,1548760.0,S,900.0,0.0,0.0,1.0
0000950103-24-004091,2024-03-21T01:24:40.000Z,1548760.0,S,600.0,0.0,0.0,1.0
0000950103-24-004091,2024-03-21T01:24:40.000Z,1548760.0,S,2183.0,0.0,0.0,1.0
0000950103-24-004091,2024-03-21T01:24:40.000Z,1548760.0,S,2214.0,0.0,0.0,1.0
0000950103-24-004091,2024-03-21T01:24:40.000Z,1548760.0,S,399.0,0.0,0.0,1.0
0000950103-24-004091,2024-03-21T01:24:40.000Z,1548760.0,S,583.0,0.0,0.0,1.0
0000950103-24-004090,2024-03-21T01:23:03.000Z,1548760.0,S,1166.0,0.0,0.0,1.0
0000950103-24-004090,2024-03-21T01:23:03.000Z,1548760.0,S,1966.0,0.0,0.0,1.0
0000950103-24-004090,2024-03-21T01:23:03.000Z,1548760.0,S,1964.0,0.0,0.0,1.0
0000950103-24-004090,2024-03-21T01:23:03.000Z,1548760.0,S,3354.0,0.0,0.0,1.0
0000950103-24-004090,2024-03-21T01:23:03.000Z,1548760.0,S,5213.0,0.0,0.0,1.0
0000950103-24-004090,2024-03-21T01:23:03.000Z,1548760.0,S,7221.0,0.0,0.0,1.0
0000950103-24-004090,2024-03-21T01:23:03.000Z,1548760.0,S,4759.0,0.0,0.0,1.0
0000950103-24-004090,2024-03-21T01:23:03.000Z,1548760.0,S,2241.0,0.0,0.0,1.0
0000950103-24-004090,2024-03-21T01:23:03.000Z,1548760.0,S,2100.0,0.0,0.0,1.0
0000950103-24-004090,2024-03-21T01:23:03.000Z,1548760.0,S,1509.0,0.0,0.0,1.0
0000950103-24-004089,2024-03-21T01:20:06.000Z,1548760.0,S,1132.0,0.0,0.0,1.0
0000950103-24-004089,2024-03-21T01:20:06.000Z,1548760.0,S,2300.0,0.0,0.0,1.0
0000950103-24-004089,2024-03-21T01:20:06.000Z,1548760.0,S,2261.0,0.0,0.0,1.0
0000950103-24-004089,2024-03-21T01:20:06.000Z,1548760.0,S,3813.0,0.0,0.0,1.0
0000950103-24-004089,2024-03-21T01:20:06.000Z,1548760.0,S,6100.0,0.0,0.0,1.0
0000950103-24-004089,2024-03-21T01:20:06.000Z,1548760.0,S,7029.0,0.0,0.0,1.0
0000950103-24-004089,2024-03-21T01:20:06.000Z,1548760.0,S,4556.0,0.0,0.0,1.0
0000950103-24-004089,2024-03-21T01:20:06.000Z,1548760.0,S,2100.0,0.0,0.0,1.0
0000950103-24-004089,2024-03-21T01:20:06.000Z,1548760.0,S,1971.0,0.0,0.0,1.0
0000950103-24-004089,2024-03-21T01:20:06.000Z,1548760.0,S,1532.0,0.0,0.0,1.0
0000950103-24-004089,2024-03-21T01:20:06.000Z,1548760.0,S,600.0,0.0,0.0,1.0
0000950103-24-004089,2024-03-21T01:20:06.000Z,1548760.0,S,776.0,0.0,0.0,1.0
0000950103-24-004089,2024-03-21T01:20:06.000Z,1548760.0,S,1010.0,0.0,0.0,1.0
0000950103-24-004089,2024-03-21T01:20:06.000Z,1548760.0,S,1430.0,0.0,0.0,1.0
0000950103-24-004089,2024-03-21T01:20:06.000Z,1548760.0,S,3582.0,0.0,0.0,1.0
0000950103-24-004089,2024-03-21T01:20:06.000Z,1548760.0,S,2389.0,0.0,0.0,1.0
0000950103-24-004089,2024-03-21T01:20:06.000Z,1548760.0,S,1553.0,0.0,0.0,1.0
0000950103-24-004089,2024-03-21T01:20:06.000Z,1548760.0,S,700.0,0.0,0.0,1.0
0000950103-24-004089,2024-03-21T01:20:06.000Z,1548760.0,S,785.0,0.0,0.0,1.0
0000950103-24-004089,2024-03-21T01:20:06.000Z,1548760.0,S,300.0,0.0,0.0,1.0
0000950103-24-004038,2024-03-19T22:33:24.000Z,1564475.0,S,490.0,488.25,239242.5,1.0
0000950103-24-003959,2024-03-18T22:38:31.000Z,1548760.0,S,1000.0,0.0,0.0,1.0
0000950103-24-003959,2024-03-18T22:38:31.000Z,1548760.0,S,5469.0,0.0,0.0,1.0
0000950103-24-003959,2024-03-18T22:38:31.000Z,1548760.0,S,8434.0,0.0,0.0,1.0
0000950103-24-003959,2024-03-18T22:38:31.000Z,1548760.0,S,4944.0,0.0,0.0,1.0
0000950103-24-003959,2024-03-18T22:38:31.000Z,1548760.0,S,4639.0,0.0,0.0,1.0
0000950103-24-003959,2024-03-18T22:38:31.000Z,1548760.0,S,4678.0,0.0,0.0,1.0
0000950103-24-003959,2024-03-18T22:38:31.000Z,1548760.0,S,2386.0,0.0,0.0,1.0
0000950103-24-003959,2024-03-18T22:38:31.000Z,1548760.0,S,933.0,0.0,0.0,1.0
0000950103-24-003959,2024-03-18T22:38:31.000Z,1548760.0,S,311.0,0.0,0.0,1.0
0000950103-24-003959,2024-03-18T22:38:31.000Z,1548760.0,S,1053.0,0.0,0.0,1.0
0000950103-24-003959,2024-03-18T22:38:31.000Z,1548760.0,S,2300.0,0.0,0.0,1.0
0000950103-24-003959,2024-03-18T22:38:31.000Z,1548760.0,S,3691.0,0.0,0.0,1.0
0000950103-24-003959,2024-03-18T22:38:31.000Z,1548760.0,S,1604.0,0.0,0.0,1.0
0000950103-24-003959,2024-03-18T22:38:31.000Z,1548760.0,S,2090.0,0.0,0.0,1.0
0000950103-24-003959,2024-03-18T22:38:31.000Z,1548760.0,S,1587.0,0.0,0.0,1.0
0000950103-24-003959,2024-03-18T22:38:31.000Z,1548760.0,S,700.0,0.0,0.0,1.0
0000950103-24-003959,2024-03-18T22:38:31.000Z,1548760.0,S,100.0,489.345,48934.5,1.0
0000950103-24-003959,2024-03-18T22:38:31.000Z,1548760.0,S,1095.0,0.0,0.0,1.0
0000950103-24-003959,2024-03-18T22:38:31.000Z,1548760.0,S,4276.0,0.0,0.0,1.0
0000950103-24-003959,2024-03-18T22:38:31.000Z,1548760.0,S,9358.0,0.0,0.0,1.0
0000950103-24-003959,2024-03-18T22:38:31.000Z,1548760.0,S,3654.0,0.0,0.0,1.0
0000950103-24-003959,2024-03-18T22:38:31.000Z,1548760.0,S,5315.0,0.0,0.0,1.0
0000950103-24-003959,2024-03-18T22:38:31.000Z,1548760.0,S,4881.0,0.0,0.0,1.0
0000950103-24-003959,2024-03-18T22:38:31.000Z,1548760.0,S,2002.0,0.0,0.0,1.0
0000950103-24-003959,2024-03-18T22:38:31.000Z,1548760.0,S,600.0,0.0,0.0,1.0
0000950103-24-003959,2024-03-18T22:38:31.000Z,1548760.0,S,312.0,0.0,0.0,1.0
0000950103-24-003957,2024-03-18T22:27:51.000Z,1548760.0,S,500.0,0.0,0.0,1.0
0000950103-24-003957,2024-03-18T22:27:51.000Z,1548760.0,S,2063.0,0.0,0.0,1.0
0000950103-24-003957,2024-03-18T22:27:51.000Z,1548760.0,S,2682.0,0.0,0.0,1.0
0000950103-24-003957,2024-03-18T22:27:51.000Z,1548760.0,S,814.0,0.0,0.0,1.0
0000950103-24-003957,2024-03-18T22:27:51.000Z,1548760.0,S,1104.0,0.0,0.0,1.0
0000950103-24-003957,2024-03-18T22:27:51.000Z,1548760.0,S,2833.0,0.0,0.0,1.0
0000950103-24-003957,2024-03-18T22:27:51.000Z,1548760.0,S,5744.0,0.0,0.0,1.0
0000950103-24-003957,2024-03-18T22:27:51.000Z,1548760.0,S,8593.0,0.0,0.0,1.0
0000950103-24-003957,2024-03-18T22:27:51.000Z,1548760.0,S,4441.0,0.0,0.0,1.0
0000950103-24-003957,2024-03-18T22:27:51.000Z,1548760.0,S,2020.0,0.0,0.0,1.0
0000950103-24-003957,2024-03-18T22:27:51.000Z,1548760.0,S,603.0,0.0,0.0,1.0
0000950103-24-003957,2024-03-18T22:27:51.000Z,1548760.0,S,96.0,500.7,48067.2,1.0
0000950103-24-003956,2024-03-18T22:22:15.000Z,1548760.0,S,584.0,0.0,0.0,1.0
0000950103-24-003956,2024-03-18T22:22:15.000Z,1548760.0,S,2806.0,0.0,0.0,1.0
0000950103-24-003956,2024-03-18T22:22:15.000Z,1548760.0,S,2331.0,0.0,0.0,1.0
0000950103-24-003956,2024-03-18T22:22:15.000Z,1548760.0,S,703.0,0.0,0.0,1.0
0000950103-24-003956,2024-03-18T22:22:15.000Z,1548760.0,S,2317.0,0.0,0.0,1.0
0000950103-24-003956,2024-03-18T22:22:15.000Z,1548760.0,S,4129.0,0.0,0.0,1.0
0000950103-24-003956,2024-03-18T22:22:15.000Z,1548760.0,S,7393.0,0.0,0.0,1.0
0000950103-24-003956,2024-03-18T22:22:15.000Z,1548760.0,S,7442.0,0.0,0.0,1.0
0000950103-24-003956,2024-03-18T22:22:15.000Z,1548760.0,S,3601.0,0.0,0.0,1.0
0000950103-24-003956,2024-03-18T22:22:15.000Z,1548760.0,S,1247.0,0.0,0.0,1.0
0000950103-24-003956,2024-03-18T22:22:15.000Z,1548760.0,S,200.0,0.0,0.0,1.0
0000950103-24-003956,2024-03-18T22:22:15.000Z,1548760.0,S,41.0,500.7,20528.7,1.0
0000950103-24-003956,2024-03-18T22:22:15.000Z,1548760.0,S,320.0,0.0,0.0,1.0
0000950103-24-003956,2024-03-18T22:22:15.000Z,1548760.0,S,1408.0,0.0,0.0,1.0
0000950103-24-003956,2024-03-18T22:22:15.000Z,1548760.0,S,633.0,0.0,0.0,1.0
0000950103-24-003956,2024-03-18T22:22:15.000Z,1548760.0,S,472.0,0.0,0.0,1.0
0000950103-24-003956,2024-03-18T22:22:15.000Z,1548760.0,S,1134.0,0.0,0.0,1.0
0000950103-24-003956,2024-03-18T22:22:15.000Z,1548760.0,S,1800.0,0.0,0.0,1.0
0000950103-24-003956,2024-03-18T22:22:15.000Z,1548760.0,S,3932.0,0.0,0.0,1.0
0000950103-24-003956,2024-03-18T22:22:15.000Z,1548760.0,S,1625.0,0.0,0.0,1.0
0000950103-24-003956,2024-03-18T22:22:15.000Z,1548760.0,S,1401.0,0.0,0.0,1.0
0000950103-24-003956,2024-03-18T22:22:15.000Z,1548760.0,S,400.0,0.0,0.0,1.0
0000950103-24-003868,2024-03-14T22:13:36.000Z,1780525.0,S,585.0,493.75,288843.75,1.0
0000950103-24-003801,2024-03-14T01:10:51.000Z,1548760.0,S,1100.0,0.0,0.0,1.0
0000950103-24-003801,2024-03-14T01:10:51.000Z,1548760.0,S,1883.0,0.0,0.0,1.0
0000950103-24-003801,2024-03-14T01:10:51.000Z,1548760.0,S,3298.0,0.0,0.0,1.0
0000950103-24-003801,2024-03-14T01:10:51.000Z,1548760.0,S,9999.0,0.0,0.0,1.0
0000950103-24-003801,2024-03-14T01:10:51.000Z,1548760.0,S,6814.0,0.0,0.0,1.0
0000950103-24-003801,2024-03-14T01:10:51.000Z,1548760.0,S,8300.0,0.0,0.0,1.0
0000950103-24-003801,2024-03-14T01:10:51.000Z,1548760.0,S,1200.0,0.0,0.0,1.0
0000950103-24-003801,2024-03-14T01:10:51.000Z,1548760.0,S,200.0,0.0,0.0,1.0
0000950103-24-003801,2024-03-14T01:10:51.000Z,1548760.0,S,400.0,0.0,0.0,1.0
0000950103-24-003801,2024-03-14T01:10:51.000Z,1548760.0,S,800.0,0.0,0.0,1.0
0000950103-24-003801,2024-03-14T01:10:51.000Z,1548760.0,S,1900.0,0.0,0.0,1.0
0000950103-24-003801,2024-03-14T01:10:51.000Z,1548760.0,S,3925.0,0.0,0.0,1.0
0000950103-24-003801,2024-03-14T01:10:51.000Z,1548760.0,S,2300.0,0.0,0.0,1.0
0000950103-24-003801,2024-03-14T01:10:51.000Z,1548760.0,S,3500.0,0.0,0.0,1.0
0000950103-24-003801,2024-03-14T01:10:51.000Z,1548760.0,S,200.0,0.0,0.0,1.0
0000950103-24-003801,2024-03-14T01:10:51.000Z,1548760.0,S,100.0,499.33,49933.0,1.0
0000950103-24-003801,2024-03-14T01:10:51.000Z,1548760.0,S,600.0,0.0,0.0,1.0
0000950103-24-003801,2024-03-14T01:10:51.000Z,1548760.0,S,2000.0,0.0,0.0,1.0
0000950103-24-003801,2024-03-14T01:10:51.000Z,1548760.0,S,2666.0,0.0,0.0,1.0
0000950103-24-003801,2024-03-14T01:10:51.000Z,1548760.0,S,8830.0,0.0,0.0,1.0
0000950103-24-003801,2024-03-14T01:10:51.000Z,1548760.0,S,7091.0,0.0,0.0,1.0
0000950103-24-003801,2024-03-14T01:10:51.000Z,1548760.0,S,8806.0,0.0,0.0,1.0
0000950103-24-003801,2024-03-14T01:10:51.000Z,1548760.0,S,1200.0,0.0,0.0,1.0
0000950103-24-003801,2024-03-14T01:10:51.000Z,1548760.0,S,300.0,0.0,0.0,1.0
0000950103-24-003800,2024-03-14T01:03:43.000Z,1548760.0,S,400.0,0.0,0.0,1.0
0000950103-24-003800,2024-03-14T01:03:43.000Z,1548760.0,S,1500.0,0.0,0.0,1.0
0000950103-24-003800,2024-03-14T01:03:43.000Z,1548760.0,S,1200.0,0.0,0.0,1.0
0000950103-24-003800,2024-03-14T01:03:43.000Z,1548760.0,S,500.0,0.0,0.0,1.0
0000950103-24-003800,2024-03-14T01:03:43.000Z,1548760.0,S,800.0,0.0,0.0,1.0
0000950103-24-003800,2024-03-14T01:03:43.000Z,1548760.0,S,600.0,0.0,0.0,1.0
0000950103-24-003800,2024-03-14T01:03:43.000Z,1548760.0,S,614.0,0.0,0.0,1.0
0000950103-24-003800,2024-03-14T01:03:43.000Z,1548760.0,S,3200.0,0.0,0.0,1.0
0000950103-24-003800,2024-03-14T01:03:43.000Z,1548760.0,S,5150.0,0.0,0.0,1.0
0000950103-24-003800,2024-03-14T01:03:43.000Z,1548760.0,S,2700.0,0.0,0.0,1.0
0000950103-24-003800,2024-03-14T01:03:43.000Z,1548760.0,S,1300.0,0.0,0.0,1.0
0000950103-24-003800,2024-03-14T01:03:43.000Z,1548760.0,S,4400.0,0.0,0.0,1.0
0000950103-24-003800,2024-03-14T01:03:43.000Z,1548760.0,S,3300.0,0.0,0.0,1.0
0000950103-24-003800,2024-03-14T01:03:43.000Z,1548760.0,S,3628.0,0.0,0.0,1.0
0000950103-24-003800,2024-03-14T01:03:43.000Z,1548760.0,S,1900.0,0.0,0.0,1.0
0000950103-24-003800,2024-03-14T01:03:43.000Z,1548760.0,S,301.0,0.0,0.0,1.0
0000950103-24-003799,2024-03-14T01:01:32.000Z,1548760.0,S,300.0,0.0,0.0,1.0
0000950103-24-003799,2024-03-14T01:01:32.000Z,1548760.0,S,900.0,0.0,0.0,1.0
0000950103-24-003799,2024-03-14T01:01:32.000Z,1548760.0,S,400.0,0.0,0.0,1.0
0000950103-24-003799,2024-03-14T01:01:32.000Z,1548760.0,S,100.0,489.73,48973.0,1.0
0000950103-24-003799,2024-03-14T01:01:32.000Z,1548760.0,S,400.0,0.0,0.0,1.0
0000950103-24-003799,2024-03-14T01:01:32.000Z,1548760.0,S,400.0,0.0,0.0,1.0
0000950103-24-003799,2024-03-14T01:01:32.000Z,1548760.0,S,2000.0,0.0,0.0,1.0
0000950103-24-003799,2024-03-14T01:01:32.000Z,1548760.0,S,1700.0,0.0,0.0,1.0
0000950103-24-003799,2024-03-14T01:01:32.000Z,1548760.0,S,900.0,0.0,0.0,1.0
0000950103-24-003799,2024-03-14T01:01:32.000Z,1548760.0,S,1400.0,0.0,0.0,1.0
0000950103-24-003799,2024-03-14T01:01:32.000Z,1548760.0,S,1800.0,0.0,0.0,1.0
0000950103-24-003799,2024-03-14T01:01:32.000Z,1548760.0,S,1100.0,0.0,0.0,1.0
0000950103-24-003799,2024-03-14T01:01:32.000Z,1548760.0,S,1125.0,0.0,0.0,1.0
0000950103-24-003799,2024-03-14T01:01:32.000Z,1548760.0,S,600.0,0.0,0.0,1.0
0000950103-24-003798,2024-03-14T00:59:08.000Z,1548760.0,S,400.0,0.0,0.0,1.0
0000950103-24-003798,2024-03-14T00:59:08.000Z,1548760.0,S,1800.0,0.0,0.0,1.0
0000950103-24-003798,2024-03-14T00:59:08.000Z,1548760.0,S,1100.0,0.0,0.0,1.0
0000950103-24-003798,2024-03-14T00:59:08.000Z,1548760.0,S,700.0,0.0,0.0,1.0
0000950103-24-003798,2024-03-14T00:59:08.000Z,1548760.0,S,900.0,0.0,0.0,1.0
0000950103-24-003798,2024-03-14T00:59:08.000Z,1548760.0,S,600.0,0.0,0.0,1.0
0000950103-24-003798,2024-03-14T00:59:08.000Z,1548760.0,S,1400.0,0.0,0.0,1.0
0000950103-24-003798,2024-03-14T00:59:08.000Z,1548760.0,S,4400.0,0.0,0.0,1.0
0000950103-24-003798,2024-03-14T00:59:08.000Z,1548760.0,S,4100.0,0.0,0.0,1.0
0000950103-24-003798,2024-03-14T00:59:08.000Z,1548760.0,S,2200.0,0.0,0.0,1.0
0000950103-24-003798,2024-03-14T00:59:08.000Z,1548760.0,S,2100.0,0.0,0.0,1.0
0000950103-24-003798,2024-03-14T00:59:08.000Z,1548760.0,S,4800.0,0.0,0.0,1.0
0000950103-24-003798,2024-03-14T00:59:08.000Z,1548760.0,S,3300.0,0.0,0.0,1.0
0000950103-24-003798,2024-03-14T00:59:08.000Z,1548760.0,S,2994.0,0.0,0.0,1.0
0000950103-24-003798,2024-03-14T00:59:08.000Z,1548760.0,S,1900.0,0.0,0.0,1.0
0000950103-24-003798,2024-03-14T00:59:08.000Z,1548760.0,S,100.0,502.18,50218.0,1.0
0000950103-24-003796,2024-03-14T00:53:44.000Z,1548760.0,S,560.0,0.0,0.0,1.0
0000950103-24-003796,2024-03-14T00:53:44.000Z,1548760.0,S,800.0,0.0,0.0,1.0
0000950103-24-003796,2024-03-14T00:53:44.000Z,1548760.0,S,700.0,0.0,0.0,1.0
0000950103-24-003796,2024-03-14T00:53:44.000Z,1548760.0,S,1025.0,0.0,0.0,1.0
0000950103-24-003796,2024-03-14T00:53:44.000Z,1548760.0,S,500.0,0.0,0.0,1.0
0000950103-24-003796,2024-03-14T00:53:44.000Z,1548760.0,S,1300.0,0.0,0.0,1.0
0000950103-24-003796,2024-03-14T00:53:44.000Z,1548760.0,S,4917.0,0.0,0.0,1.0
0000950103-24-003796,2024-03-14T00:53:44.000Z,1548760.0,S,3196.0,0.0,0.0,1.0
0000950103-24-003796,2024-03-14T00:53:44.000Z,1548760.0,S,5617.0,0.0,0.0,1.0
0000950103-24-003796,2024-03-14T00:53:44.000Z,1548760.0,S,7441.0,0.0,0.0,1.0
0000950103-24-003796,2024-03-14T00:53:44.000Z,1548760.0,S,2999.0,0.0,0.0,1.0
0000950103-24-003796,2024-03-14T00:53:44.000Z,1548760.0,S,1135.0,0.0,0.0,1.0
0000950103-24-003796,2024-03-14T00:53:44.000Z,1548760.0,S,500.0,0.0,0.0,1.0
0000950103-24-003796,2024-03-14T00:53:44.000Z,1548760.0,S,400.0,0.0,0.0,1.0
0000950103-24-003796,2024-03-14T00:53:44.000Z,1548760.0,S,100.0,493.85,49385.0,1.0
0000950103-24-003796,2024-03-14T00:53:44.000Z,1548760.0,S,303.0,0.0,0.0,1.0
0000950103-24-003795,2024-03-14T00:50:43.000Z,1548760.0,S,200.0,0.0,0.0,1.0
0000950103-24-003795,2024-03-14T00:50:43.000Z,1548760.0,S,500.0,0.0,0.0,1.0
0000950103-24-003795,2024-03-14T00:50:43.000Z,1548760.0,S,500.0,0.0,0.0,1.0
0000950103-24-003795,2024-03-14T00:50:43.000Z,1548760.0,S,109.0,0.0,0.0,1.0
0000950103-24-003795,2024-03-14T00:50:43.000Z,1548760.0,S,500.0,0.0,0.0,1.0
0000950103-24-003795,2024-03-14T00:50:43.000Z,1548760.0,S,1679.0,0.0,0.0,1.0
0000950103-24-003795,2024-03-14T00:50:43.000Z,1548760.0,S,1793.0,0.0,0.0,1.0
0000950103-24-003795,2024-03-14T00:50:43.000Z,1548760.0,S,1680.0,0.0,0.0,1.0
0000950103-24-003795,2024-03-14T00:50:43.000Z,1548760.0,S,3460.0,0.0,0.0,1.0
0000950103-24-003795,2024-03-14T00:50:43.000Z,1548760.0,S,1412.0,0.0,0.0,1.0
0000950103-24-003795,2024-03-14T00:50:43.000Z,1548760.0,S,579.0,0.0,0.0,1.0
0000950103-24-003795,2024-03-14T00:50:43.000Z,1548760.0,S,200.0,0.0,0.0,1.0
0000950103-24-003795,2024-03-14T00:50:43.000Z,1548760.0,S,200.0,0.0,0.0,1.0
0000950103-24-003795,2024-03-14T00:50:43.000Z,1548760.0,S,100.0,493.195,49319.5,1.0
0000950103-24-003795,2024-03-14T00:50:43.000Z,1548760.0,S,113.0,0.0,0.0,1.0
0000950103-24-003795,2024-03-14T00:50:43.000Z,1548760.0,S,100.0,496.77,49677.0,1.0
0000950103-24-003794,2024-03-14T00:48:18.000Z,1548760.0,S,300.0,0.0,0.0,1.0
0000950103-24-003794,2024-03-14T00:48:18.000Z,1548760.0,S,1000.0,0.0,0.0,1.0
0000950103-24-003794,2024-03-14T00:48:18.000Z,1548760.0,S,1100.0,0.0,0.0,1.0
0000950103-24-003794,2024-03-14T00:48:18.000Z,1548760.0,S,500.0,0.0,0.0,1.0
0000950103-24-003794,2024-03-14T00:48:18.000Z,1548760.0,S,900.0,0.0,0.0,1.0
0000950103-24-003794,2024-03-14T00:48:18.000Z,1548760.0,S,700.0,0.0,0.0,1.0
0000950103-24-003794,2024-03-14T00:48:18.000Z,1548760.0,S,5079.0,0.0,0.0,1.0
0000950103-24-003794,2024-03-14T00:48:18.000Z,1548760.0,S,3780.0,0.0,0.0,1.0
0000950103-24-003794,2024-03-14T00:48:18.000Z,1548760.0,S,5000.0,0.0,0.0,1.0
0000950103-24-003794,2024-03-14T00:48:18.000Z,1548760.0,S,7843.0,0.0,0.0,1.0
0000950103-24-003794,2024-03-14T00:48:18.000Z,1548760.0,S,3943.0,0.0,0.0,1.0
0000950103-24-003794,2024-03-14T00:48:18.000Z,1548760.0,S,1199.0,0.0,0.0,1.0
0000950103-24-003794,2024-03-14T00:48:18.000Z,1548760.0,S,300.0,0.0,0.0,1.0
0000950103-24-003794,2024-03-14T00:48:18.000Z,1548760.0,S,300.0,0.0,0.0,1.0
0000950103-24-003794,2024-03-14T00:48:18.000Z,1548760.0,S,400.0,0.0,0.0,1.0
0000950103-24-003794,2024-03-14T00:48:18.000Z,1548760.0,S,100.0,493.62,49362.0,1.0
0000950103-24-003794,2024-03-14T00:48:18.000Z,1548760.0,S,350.0,0.0,0.0,1.0
0000950103-24-003739,2024-03-12T22:07:15.000Z,1564475.0,S,490.0,513.32,251526.8,1.0
0000950103-24-003680,2024-03-12T01:08:37.000Z,1548760.0,S,802.0,0.0,0.0,1.0
0000950103-24-003680,2024-03-12T01:08:37.000Z,1548760.0,S,799.0,0.0,0.0,1.0
0000950103-24-003680,2024-03-12T01:08:37.000Z,1548760.0,S,1578.0,0.0,0.0,1.0
0000950103-24-003680,2024-03-12T01:08:37.000Z,1548760.0,S,900.0,0.0,0.0,1.0
0000950103-24-003680,2024-03-12T01:08:37.000Z,1548760.0,S,1808.0,0.0,0.0,1.0
0000950103-24-003680,2024-03-12T01:08:37.000Z,1548760.0,S,3609.0,0.0,0.0,1.0
0000950103-24-003680,2024-03-12T01:08:37.000Z,1548760.0,S,2947.0,0.0,0.0,1.0
0000950103-24-003680,2024-03-12T01:08:37.000Z,1548760.0,S,1798.0,0.0,0.0,1.0
0000950103-24-003680,2024-03-12T01:08:37.000Z,1548760.0,S,1414.0,0.0,0.0,1.0
0000950103-24-003680,2024-03-12T01:08:37.000Z,1548760.0,S,1067.0,0.0,0.0,1.0
0000950103-24-003680,2024-03-12T01:08:37.000Z,1548760.0,S,467.0,0.0,0.0,1.0
0000950103-24-003680,2024-03-12T01:08:37.000Z,1548760.0,S,591.0,0.0,0.0,1.0
0000950103-24-003680,2024-03-12T01:08:37.000Z,1548760.0,S,300.0,0.0,0.0,1.0
0000950103-24-003680,2024-03-12T01:08:37.000Z,1548760.0,S,1336.0,0.0,0.0,1.0
0000950103-24-003680,2024-03-12T01:08:37.000Z,1548760.0,S,570.0,0.0,0.0,1.0
0000950103-24-003680,2024-03-12T01:08:37.000Z,1548760.0,S,1300.0,0.0,0.0,1.0
0000950103-24-003680,2024-03-12T01:08:37.000Z,1548760.0,S,2840.0,0.0,0.0,1.0
0000950103-24-003680,2024-03-12T01:08:37.000Z,1548760.0,S,2459.0,0.0,0.0,1.0
0000950103-24-003680,2024-03-12T01:08:37.000Z,1548760.0,S,1915.0,0.0,0.0,1.0
0000950103-24-003680,2024-03-12T01:08:37.000Z,1548760.0,S,1000.0,0.0,0.0,1.0
0000950103-24-003680,2024-03-12T01:08:37.000Z,1548760.0,S,900.0,0.0,0.0,1.0
0000950103-24-003680,2024-03-12T01:08:37.000Z,1548760.0,S,1093.0,0.0,0.0,1.0
0000950103-24-003679,2024-03-12T01:06:29.000Z,1548760.0,S,188.0,0.0,0.0,1.0
0000950103-24-003679,2024-03-12T01:06:29.000Z,1548760.0,S,400.0,0.0,0.0,1.0
0000950103-24-003679,2024-03-12T01:06:29.000Z,1548760.0,S,800.0,0.0,0.0,1.0
0000950103-24-003679,2024-03-12T01:06:29.000Z,1548760.0,S,1194.0,0.0,0.0,1.0
0000950103-24-003679,2024-03-12T01:06:29.000Z,1548760.0,S,1486.0,0.0,0.0,1.0
0000950103-24-003679,2024-03-12T01:06:29.000Z,1548760.0,S,824.0,0.0,0.0,1.0
0000950103-24-003679,2024-03-12T01:06:29.000Z,1548760.0,S,1300.0,0.0,0.0,1.0
0000950103-24-003679,2024-03-12T01:06:29.000Z,1548760.0,S,288.0,0.0,0.0,1.0
0000950103-24-003679,2024-03-12T01:06:29.000Z,1548760.0,S,300.0,0.0,0.0,1.0
0000950103-24-003679,2024-03-12T01:06:29.000Z,1548760.0,S,413.0,0.0,0.0,1.0
0000950103-24-003679,2024-03-12T01:06:29.000Z,1548760.0,S,200.0,0.0,0.0,1.0
0000950103-24-003679,2024-03-12T01:06:29.000Z,1548760.0,S,59.0,512.69,30248.710000000003,1.0
0000950103-24-003679,2024-03-12T01:06:29.000Z,1548760.0,S,631.0,0.0,0.0,1.0
0000950103-24-003679,2024-03-12T01:06:29.000Z,1548760.0,S,300.0,0.0,0.0,1.0
0000950103-24-003679,2024-03-12T01:06:29.000Z,1548760.0,S,800.0,0.0,0.0,1.0
0000950103-24-003679,2024-03-12T01:06:29.000Z,1548760.0,S,1260.0,0.0,0.0,1.0
0000950103-24-003679,2024-03-12T01:06:29.000Z,1548760.0,S,1326.0,0.0,0.0,1.0
0000950103-24-003679,2024-03-12T01:06:29.000Z,1548760.0,S,680.0,0.0,0.0,1.0
0000950103-24-003679,2024-03-12T01:06:29.000Z,1548760.0,S,200.0,0.0,0.0,1.0
0000950103-24-003679,2024-03-12T01:06:29.000Z,1548760.0,S,476.0,0.0,0.0,1.0
0000950103-24-003678,2024-03-12T01:00:50.000Z,1548760.0,S,1090.0,0.0,0.0,1.0
0000950103-24-003678,2024-03-12T01:00:50.000Z,1548760.0,S,300.0,0.0,0.0,1.0
0000950103-24-003678,2024-03-12T01:00:50.000Z,1548760.0,S,1800.0,0.0,0.0,1.0
0000950103-24-003678,2024-03-12T01:00:50.000Z,1548760.0,S,1200.0,0.0,0.0,1.0
0000950103-24-003678,2024-03-12T01:00:50.000Z,1548760.0,S,1948.0,0.0,0.0,1.0
0000950103-24-003678,2024-03-12T01:00:50.000Z,1548760.0,S,3826.0,0.0,0.0,1.0
0000950103-24-003678,2024-03-12T01:00:50.000Z,1548760.0,S,2713.0,0.0,0.0,1.0
0000950103-24-003678,2024-03-12T01:00:50.000Z,1548760.0,S,2098.0,0.0,0.0,1.0
0000950103-24-003678,2024-03-12T01:00:50.000Z,1548760.0,S,1177.0,0.0,0.0,1.0
0000950103-24-003678,2024-03-12T01:00:50.000Z,1548760.0,S,1300.0,0.0,0.0,1.0
0000950103-24-003678,2024-03-12T01:00:50.000Z,1548760.0,S,399.0,0.0,0.0,1.0
0000950103-24-003678,2024-03-12T01:00:50.000Z,1548760.0,S,702.0,0.0,0.0,1.0
0000950103-24-003678,2024-03-12T01:00:50.000Z,1548760.0,S,589.0,0.0,0.0,1.0
0000950103-24-003678,2024-03-12T01:00:50.000Z,1548760.0,S,1273.0,0.0,0.0,1.0
0000950103-24-003678,2024-03-12T01:00:50.000Z,1548760.0,S,400.0,0.0,0.0,1.0
0000950103-24-003678,2024-03-12T01:00:50.000Z,1548760.0,S,1256.0,0.0,0.0,1.0
0000950103-24-003678,2024-03-12T01:00:50.000Z,1548760.0,S,3290.0,0.0,0.0,1.0
0000950103-24-003678,2024-03-12T01:00:50.000Z,1548760.0,S,2517.0,0.0,0.0,1.0
0000950103-24-003678,2024-03-12T01:00:50.000Z,1548760.0,S,1700.0,0.0,0.0,1.0
0000950103-24-003678,2024-03-12T01:00:50.000Z,1548760.0,S,1216.0,0.0,0.0,1.0
0000950103-24-003678,2024-03-12T01:00:50.000Z,1548760.0,S,1000.0,0.0,0.0,1.0
0000950103-24-003678,2024-03-12T01:00:50.000Z,1548760.0,S,1000.0,0.0,0.0,1.0
0000950103-24-003677,2024-03-12T00:58:46.000Z,1548760.0,S,1100.0,0.0,0.0,1.0
0000950103-24-003677,2024-03-12T00:58:46.000Z,1548760.0,S,975.0,0.0,0.0,1.0
0000950103-24-003677,2024-03-12T00:58:46.000Z,1548760.0,S,1134.0,0.0,0.0,1.0
0000950103-24-003677,2024-03-12T00:58:46.000Z,1548760.0,S,900.0,0.0,0.0,1.0
0000950103-24-003677,2024-03-12T00:58:46.000Z,1548760.0,S,2503.0,0.0,0.0,1.0
0000950103-24-003677,2024-03-12T00:58:46.000Z,1548760.0,S,3243.0,0.0,0.0,1.0
0000950103-24-003677,2024-03-12T00:58:46.000Z,1548760.0,S,2182.0,0.0,0.0,1.0
0000950103-24-003677,2024-03-12T00:58:46.000Z,1548760.0,S,1665.0,0.0,0.0,1.0
0000950103-24-003677,2024-03-12T00:58:46.000Z,1548760.0,S,2570.0,0.0,0.0,1.0
0000950103-24-003677,2024-03-12T00:58:46.000Z,1548760.0,S,2415.0,0.0,0.0,1.0
0000950103-24-003677,2024-03-12T00:58:46.000Z,1548760.0,S,6322.0,0.0,0.0,1.0
0000950103-24-003677,2024-03-12T00:58:46.000Z,1548760.0,S,2450.0,0.0,0.0,1.0
0000950103-24-003677,2024-03-12T00:58:46.000Z,1548760.0,S,1229.0,0.0,0.0,1.0
0000950103-24-003677,2024-03-12T00:58:46.000Z,1548760.0,S,945.0,0.0,0.0,1.0
0000950103-24-003677,2024-03-12T00:58:46.000Z,1548760.0,S,1060.0,0.0,0.0,1.0
0000950103-24-003677,2024-03-12T00:58:46.000Z,1548760.0,S,600.0,0.0,0.0,1.0
0000950103-24-003677,2024-03-12T00:58:46.000Z,1548760.0,S,200.0,0.0,0.0,1.0
0000950103-24-003676,2024-03-12T00:56:44.000Z,1548760.0,S,400.0,0.0,0.0,1.0
0000950103-24-003676,2024-03-12T00:56:44.000Z,1548760.0,S,500.0,0.0,0.0,1.0
0000950103-24-003676,2024-03-12T00:56:44.000Z,1548760.0,S,504.0,0.0,0.0,1.0
0000950103-24-003676,2024-03-12T00:56:44.000Z,1548760.0,S,600.0,0.0,0.0,1.0
0000950103-24-003676,2024-03-12T00:56:44.000Z,1548760.0,S,1400.0,0.0,0.0,1.0
0000950103-24-003676,2024-03-12T00:56:44.000Z,1548760.0,S,1100.0,0.0,0.0,1.0
0000950103-24-003676,2024-03-12T00:56:44.000Z,1548760.0,S,871.0,0.0,0.0,1.0
0000950103-24-003676,2024-03-12T00:56:44.000Z,1548760.0,S,1100.0,0.0,0.0,1.0
0000950103-24-003676,2024-03-12T00:56:44.000Z,1548760.0,S,1027.0,0.0,0.0,1.0
0000950103-24-003676,2024-03-12T00:56:44.000Z,1548760.0,S,2380.0,0.0,0.0,1.0
0000950103-24-003676,2024-03-12T00:56:44.000Z,1548760.0,S,1518.0,0.0,0.0,1.0
0000950103-24-003676,2024-03-12T00:56:44.000Z,1548760.0,S,601.0,0.0,0.0,1.0
0000950103-24-003676,2024-03-12T00:56:44.000Z,1548760.0,S,521.0,0.0,0.0,1.0
0000950103-24-003676,2024-03-12T00:56:44.000Z,1548760.0,S,303.0,0.0,0.0,1.0
0000950103-24-003676,2024-03-12T00:56:44.000Z,1548760.0,S,300.0,0.0,0.0,1.0
0000950103-24-003675,2024-03-12T00:54:37.000Z,1548760.0,S,906.0,0.0,0.0,1.0
0000950103-24-003675,2024-03-12T00:54:37.000Z,1548760.0,S,1334.0,0.0,0.0,1.0
0000950103-24-003675,2024-03-12T00:54:37.000Z,1548760.0,S,1300.0,0.0,0.0,1.0
0000950103-24-003675,2024-03-12T00:54:37.000Z,1548760.0,S,600.0,0.0,0.0,1.0
0000950103-24-003675,2024-03-12T00:54:37.000Z,1548760.0,S,2389.0,0.0,0.0,1.0
0000950103-24-003675,2024-03-12T00:54:37.000Z,1548760.0,S,3505.0,0.0,0.0,1.0
0000950103-24-003675,2024-03-12T00:54:37.000Z,1548760.0,S,2302.0,0.0,0.0,1.0
0000950103-24-003675,2024-03-12T00:54:37.000Z,1548760.0,S,1907.0,0.0,0.0,1.0
0000950103-24-003675,2024-03-12T00:54:37.000Z,1548760.0,S,2348.0,0.0,0.0,1.0
0000950103-24-003675,2024-03-12T00:54:37.000Z,1548760.0,S,2355.0,0.0,0.0,1.0
0000950103-24-003675,2024-03-12T00:54:37.000Z,1548760.0,S,6757.0,0.0,0.0,1.0
0000950103-24-003675,2024-03-12T00:54:37.000Z,1548760.0,S,2793.0,0.0,0.0,1.0
0000950103-24-003675,2024-03-12T00:54:37.000Z,1548760.0,S,1403.0,0.0,0.0,1.0
0000950103-24-003675,2024-03-12T00:54:37.000Z,1548760.0,S,795.0,0.0,0.0,1.0
0000950103-24-003675,2024-03-12T00:54:37.000Z,1548760.0,S,1400.0,0.0,0.0,1.0
0000950103-24-003675,2024-03-12T00:54:37.000Z,1548760.0,S,600.0,0.0,0.0,1.0
0000950103-24-003675,2024-03-12T00:54:37.000Z,1548760.0,S,100.0,519.64,51964.0,1.0
0000950103-24-003554,2024-03-07T23:08:09.000Z,1780525.0,S,585.0,495.0,289575.0,1.0
0000950103-24-003508,2024-03-07T01:55:25.000Z,1548760.0,S,1600.0,0.0,0.0,1.0
0000950103-24-003508,2024-03-07T01:55:25.000Z,1548760.0,S,6201.0,0.0,0.0,1.0
0000950103-24-003508,2024-03-07T01:55:25.000Z,1548760.0,S,9036.0,0.0,0.0,1.0
0000950103-24-003508,2024-03-07T01:55:25.000Z,1548760.0,S,9148.0,0.0,0.0,1.0
0000950103-24-003508,2024-03-07T01:55:25.000Z,1548760.0,S,2715.0,0.0,0.0,1.0
0000950103-24-003508,2024-03-07T01:55:25.000Z,1548760.0,S,1500.0,0.0,0.0,1.0
0000950103-24-003508,2024-03-07T01:55:25.000Z,1548760.0,S,1394.0,0.0,0.0,1.0
0000950103-24-003508,2024-03-07T01:55:25.000Z,1548760.0,S,1100.0,0.0,0.0,1.0
0000950103-24-003508,2024-03-07T01:55:25.000Z,1548760.0,S,100.0,502.61,50261.0,1.0
0000950103-24-003508,2024-03-07T01:55:25.000Z,1548760.0,S,1767.0,0.0,0.0,1.0
0000950103-24-003508,2024-03-07T01:55:25.000Z,1548760.0,S,2942.0,0.0,0.0,1.0
0000950103-24-003508,2024-03-07T01:55:25.000Z,1548760.0,S,4182.0,0.0,0.0,1.0
0000950103-24-003508,2024-03-07T01:55:25.000Z,1548760.0,S,2108.0,0.0,0.0,1.0
0000950103-24-003508,2024-03-07T01:55:25.000Z,1548760.0,S,907.0,0.0,0.0,1.0
0000950103-24-003508,2024-03-07T01:55:25.000Z,1548760.0,S,719.0,0.0,0.0,1.0
0000950103-24-003508,2024-03-07T01:55:25.000Z,1548760.0,S,500.0,0.0,0.0,1.0
0000950103-24-003508,2024-03-07T01:55:25.000Z,1548760.0,S,3300.0,0.0,0.0,1.0
0000950103-24-003508,2024-03-07T01:55:25.000Z,1548760.0,S,5727.0,0.0,0.0,1.0
0000950103-24-003508,2024-03-07T01:55:25.000Z,1548760.0,S,10254.0,0.0,0.0,1.0
0000950103-24-003508,2024-03-07T01:55:25.000Z,1548760.0,S,7362.0,0.0,0.0,1.0
0000950103-24-003508,2024-03-07T01:55:25.000Z,1548760.0,S,2004.0,0.0,0.0,1.0
0000950103-24-003508,2024-03-07T01:55:25.000Z,1548760.0,S,1315.0,0.0,0.0,1.0
0000950103-24-003508,2024-03-07T01:55:25.000Z,1548760.0,S,1474.0,0.0,0.0,1.0
0000950103-24-003508,2024-03-07T01:55:25.000Z,1548760.0,S,57.0,0.0,0.0,1.0
0000950103-24-003507,2024-03-07T01:49:02.000Z,1548760.0,S,4369.0,0.0,0.0,1.0
0000950103-24-003507,2024-03-07T01:49:02.000Z,1548760.0,S,8492.0,0.0,0.0,1.0
0000950103-24-003507,2024-03-07T01:49:02.000Z,1548760.0,S,5976.0,0.0,0.0,1.0
0000950103-24-003507,2024-03-07T01:49:02.000Z,1548760.0,S,3466.0,0.0,0.0,1.0
0000950103-24-003507,2024-03-07T01:49:02.000Z,1548760.0,S,4090.0,0.0,0.0,1.0
0000950103-24-003507,2024-03-07T01:49:02.000Z,1548760.0,S,4701.0,0.0,0.0,1.0
0000950103-24-003507,2024-03-07T01:49:02.000Z,1548760.0,S,1500.0,0.0,0.0,1.0
0000950103-24-003507,2024-03-07T01:49:02.000Z,1548760.0,S,200.0,0.0,0.0,1.0
0000950103-24-003507,2024-03-07T01:49:02.000Z,1548760.0,S,1732.0,0.0,0.0,1.0
0000950103-24-003507,2024-03-07T01:49:02.000Z,1548760.0,S,3782.0,0.0,0.0,1.0
0000950103-24-003507,2024-03-07T01:49:02.000Z,1548760.0,S,2194.0,0.0,0.0,1.0
0000950103-24-003507,2024-03-07T01:49:02.000Z,1548760.0,S,1300.0,0.0,0.0,1.0
0000950103-24-003507,2024-03-07T01:49:02.000Z,1548760.0,S,1721.0,0.0,0.0,1.0
0000950103-24-003507,2024-03-07T01:49:02.000Z,1548760.0,S,1896.0,0.0,0.0,1.0
0000950103-24-003507,2024-03-07T01:49:02.000Z,1548760.0,S,500.0,0.0,0.0,1.0
0000950103-24-003507,2024-03-07T01:49:02.000Z,1548760.0,S,4601.0,0.0,0.0,1.0
0000950103-24-003507,2024-03-07T01:49:02.000Z,1548760.0,S,8577.0,0.0,0.0,1.0
0000950103-24-003507,2024-03-07T01:49:02.000Z,1548760.0,S,4921.0,0.0,0.0,1.0
0000950103-24-003507,2024-03-07T01:49:02.000Z,1548760.0,S,3235.0,0.0,0.0,1.0
0000950103-24-003507,2024-03-07T01:49:02.000Z,1548760.0,S,4100.0,0.0,0.0,1.0
0000950103-24-003507,2024-03-07T01:49:02.000Z,1548760.0,S,3978.0,0.0,0.0,1.0
0000950103-24-003507,2024-03-07T01:49:02.000Z,1548760.0,S,2081.0,0.0,0.0,1.0
0000950103-24-003506,2024-03-07T01:44:35.000Z,1548760.0,S,868.0,0.0,0.0,1.0
0000950103-24-003506,2024-03-07T01:44:35.000Z,1548760.0,S,4094.0,0.0,0.0,1.0
0000950103-24-003506,2024-03-07T01:44:35.000Z,1548760.0,S,4211.0,0.0,0.0,1.0
0000950103-24-003506,2024-03-07T01:44:35.000Z,1548760.0,S,9902.0,0.0,0.0,1.0
0000950103-24-003506,2024-03-07T01:44:35.000Z,1548760.0,S,5779.0,0.0,0.0,1.0
0000950103-24-003506,2024-03-07T01:44:35.000Z,1548760.0,S,5211.0,0.0,0.0,1.0
0000950103-24-003506,2024-03-07T01:44:35.000Z,1548760.0,S,2124.0,0.0,0.0,1.0
0000950103-24-003506,2024-03-07T01:44:35.000Z,1548760.0,S,605.0,0.0,0.0,1.0
0000950103-24-003506,2024-03-07T01:44:35.000Z,1548760.0,S,500.0,0.0,0.0,1.0
0000950103-24-003506,2024-03-07T01:44:35.000Z,1548760.0,S,1405.0,0.0,0.0,1.0
0000950103-24-003506,2024-03-07T01:44:35.000Z,1548760.0,S,2002.0,0.0,0.0,1.0
0000950103-24-003506,2024-03-07T01:44:35.000Z,1548760.0,S,4165.0,0.0,0.0,1.0
0000950103-24-003506,2024-03-07T01:44:35.000Z,1548760.0,S,2054.0,0.0,0.0,1.0
0000950103-24-003506,2024-03-07T01:44:35.000Z,1548760.0,S,2006.0,0.0,0.0,1.0
0000950103-24-003506,2024-03-07T01:44:35.000Z,1548760.0,S,993.0,0.0,0.0,1.0
0000950103-24-003506,2024-03-07T01:44:35.000Z,1548760.0,S,805.0,0.0,0.0,1.0
0000950103-24-003506,2024-03-07T01:44:35.000Z,1548760.0,S,3792.0,0.0,0.0,1.0
0000950103-24-003506,2024-03-07T01:44:35.000Z,1548760.0,S,4226.0,0.0,0.0,1.0
0000950103-24-003506,2024-03-07T01:44:35.000Z,1548760.0,S,9322.0,0.0,0.0,1.0
0000950103-24-003506,2024-03-07T01:44:35.000Z,1548760.0,S,5756.0,0.0,0.0,1.0
0000950103-24-003506,2024-03-07T01:44:35.000Z,1548760.0,S,4937.0,0.0,0.0,1.0
0000950103-24-003506,2024-03-07T01:44:35.000Z,1548760.0,S,1955.0,0.0,0.0,1.0
0000950103-24-003506,2024-03-07T01:44:35.000Z,1548760.0,S,700.0,0.0,0.0,1.0
0000950103-24-003460,2024-03-05T23:05:13.000Z,1564475.0,S,490.0,492.13,241143.7,1.0
0000950103-24-003404,2024-03-05T02:27:00.000Z,1548760.0,S,70.0,492.13,34449.1,1.0
0000950103-24-003404,2024-03-05T02:27:00.000Z,1548760.0,S,1500.0,0.0,0.0,1.0
0000950103-24-003404,2024-03-05T02:27:00.000Z,1548760.0,S,700.0,0.0,0.0,1.0
0000950103-24-003404,2024-03-05T02:27:00.000Z,1548760.0,S,2668.0,0.0,0.0,1.0
0000950103-24-003404,2024-03-05T02:27:00.000Z,1548760.0,S,6469.0,0.0,0.0,1.0
0000950103-24-003404,2024-03-05T02:27:00.000Z,1548760.0,S,6439.0,0.0,0.0,1.0
0000950103-24-003404,2024-03-05T02:27:00.000Z,1548760.0,S,2036.0,0.0,0.0,1.0
0000950103-24-003404,2024-03-05T02:27:00.000Z,1548760.0,S,6704.0,0.0,0.0,1.0
0000950103-24-003404,2024-03-05T02:27:00.000Z,1548760.0,S,3314.0,0.0,0.0,1.0
0000950103-24-003404,2024-03-05T02:27:00.000Z,1548760.0,S,1593.0,0.0,0.0,1.0
0000950103-24-003400,2024-03-05T01:52:45.000Z,1548760.0,S,38.0,491.86,18690.68,1.0
0000950103-24-003400,2024-03-05T01:52:45.000Z,1548760.0,S,1555.0,0.0,0.0,1.0
0000950103-24-003400,2024-03-05T01:52:45.000Z,1548760.0,S,600.0,0.0,0.0,1.0
0000950103-24-003400,2024-03-05T01:52:45.000Z,1548760.0,S,1092.0,0.0,0.0,1.0
0000950103-24-003400,2024-03-05T01:52:45.000Z,1548760.0,S,5277.0,0.0,0.0,1.0
0000950103-24-003400,2024-03-05T01:52:45.000Z,1548760.0,S,8237.0,0.0,0.0,1.0
0000950103-24-003400,2024-03-05T01:52:45.000Z,1548760.0,S,2918.0,0.0,0.0,1.0
0000950103-24-003400,2024-03-05T01:52:45.000Z,1548760.0,S,3679.0,0.0,0.0,1.0
0000950103-24-003400,2024-03-05T01:52:45.000Z,1548760.0,S,6379.0,0.0,0.0,1.0
0000950103-24-003400,2024-03-05T01:52:45.000Z,1548760.0,S,2952.0,0.0,0.0,1.0
0000950103-24-003400,2024-03-05T01:52:45.000Z,1548760.0,S,67.0,504.18,33780.06,1.0
0000950103-24-003400,2024-03-05T01:52:45.000Z,1548760.0,S,700.0,0.0,0.0,1.0
0000950103-24-003400,2024-03-05T01:52:45.000Z,1548760.0,S,504.0,0.0,0.0,1.0
0000950103-24-003400,2024-03-05T01:52:45.000Z,1548760.0,S,2000.0,0.0,0.0,1.0
0000950103-24-003400,2024-03-05T01:52:45.000Z,1548760.0,S,2907.0,0.0,0.0,1.0
0000950103-24-003400,2024-03-05T01:52:45.000Z,1548760.0,S,1576.0,0.0,0.0,1.0
0000950103-24-003400,2024-03-05T01:52:45.000Z,1548760.0,S,1666.0,0.0,0.0,1.0
0000950103-24-003400,2024-03-05T01:52:45.000Z,1548760.0,S,2688.0,0.0,0.0,1.0
0000950103-24-003400,2024-03-05T01:52:45.000Z,1548760.0,S,1084.0,0.0,0.0,1.0
0000950103-24-003399,2024-03-05T01:46:46.000Z,1548760.0,S,300.0,0.0,0.0,1.0
0000950103-24-003399,2024-03-05T01:46:46.000Z,1548760.0,S,707.0,0.0,0.0,1.0
0000950103-24-003399,2024-03-05T01:46:46.000Z,1548760.0,S,1821.0,0.0,0.0,1.0
0000950103-24-003399,2024-03-05T01:46:46.000Z,1548760.0,S,3971.0,0.0,0.0,1.0
0000950103-24-003399,2024-03-05T01:46:46.000Z,1548760.0,S,5875.0,0.0,0.0,1.0
0000950103-24-003399,2024-03-05T01:46:46.000Z,1548760.0,S,9110.0,0.0,0.0,1.0
0000950103-24-003399,2024-03-05T01:46:46.000Z,1548760.0,S,8783.0,0.0,0.0,1.0
0000950103-24-003399,2024-03-05T01:46:46.000Z,1548760.0,S,2127.0,0.0,0.0,1.0
0000950103-24-003399,2024-03-05T01:46:46.000Z,1548760.0,S,100.0,491.51,49151.0,1.0
0000950103-24-003399,2024-03-05T01:46:46.000Z,1548760.0,S,300.0,0.0,0.0,1.0
0000950103-24-003399,2024-03-05T01:46:46.000Z,1548760.0,S,402.0,0.0,0.0,1.0
0000950103-24-003399,2024-03-05T01:46:46.000Z,1548760.0,S,1278.0,0.0,0.0,1.0
0000950103-24-003399,2024-03-05T01:46:46.000Z,1548760.0,S,1760.0,0.0,0.0,1.0
0000950103-24-003399,2024-03-05T01:46:46.000Z,1548760.0,S,3157.0,0.0,0.0,1.0
0000950103-24-003399,2024-03-05T01:46:46.000Z,1548760.0,S,4325.0,0.0,0.0,1.0
0000950103-24-003399,2024-03-05T01:46:46.000Z,1548760.0,S,1100.0,0.0,0.0,1.0
0000950103-24-003399,2024-03-05T01:46:46.000Z,1548760.0,S,803.0,0.0,0.0,1.0
0000950103-24-003399,2024-03-05T01:46:46.000Z,1548760.0,S,300.0,0.0,0.0,1.0
0000950103-24-003399,2024-03-05T01:46:46.000Z,1548760.0,S,1033.0,0.0,0.0,1.0
0000950103-24-003399,2024-03-05T01:46:46.000Z,1548760.0,S,2820.0,0.0,0.0,1.0
0000950103-24-003399,2024-03-05T01:46:46.000Z,1548760.0,S,3720.0,0.0,0.0,1.0
0000950103-24-003399,2024-03-05T01:46:46.000Z,1548760.0,S,7390.0,0.0,0.0,1.0
0000950103-24-003399,2024-03-05T01:46:46.000Z,1548760.0,S,8966.0,0.0,0.0,1.0
0000950103-24-003399,2024-03-05T01:46:46.000Z,1548760.0,S,5266.0,0.0,0.0,1.0
0000950103-24-003399,2024-03-05T01:46:46.000Z,1548760.0,S,1927.0,0.0,0.0,1.0
0000950103-24-003399,2024-03-05T01:46:46.000Z,1548760.0,S,71.0,491.56,34900.76,1.0
0000950103-24-003184,2024-02-29T23:11:16.000Z,1780525.0,S,585.0,480.0,280800.0,1.0
0000950103-24-003095,2024-02-29T01:52:01.000Z,1548760.0,S,2981.0,0.0,0.0,1.0
0000950103-24-003095,2024-02-29T01:52:01.000Z,1548760.0,S,5476.0,0.0,0.0,1.0
0000950103-24-003095,2024-02-29T01:52:01.000Z,1548760.0,S,5370.0,0.0,0.0,1.0
0000950103-24-003095,2024-02-29T01:52:01.000Z,1548760.0,S,8436.0,0.0,0.0,1.0
0000950103-24-003095,2024-02-29T01:52:01.000Z,1548760.0,S,6604.0,0.0,0.0,1.0
0000950103-24-003095,2024-02-29T01:52:01.000Z,1548760.0,S,1093.0,0.0,0.0,1.0
0000950103-24-003095,2024-02-29T01:52:01.000Z,1548760.0,S,2434.0,0.0,0.0,1.0
0000950103-24-003095,2024-02-29T01:52:01.000Z,1548760.0,S,400.0,0.0,0.0,1.0
0000950103-24-003095,2024-02-29T01:52:01.000Z,1548760.0,S,1319.0,0.0,0.0,1.0
0000950103-24-003095,2024-02-29T01:52:01.000Z,1548760.0,S,3013.0,0.0,0.0,1.0
0000950103-24-003095,2024-02-29T01:52:01.000Z,1548760.0,S,2028.0,0.0,0.0,1.0
0000950103-24-003095,2024-02-29T01:52:01.000Z,1548760.0,S,4084.0,0.0,0.0,1.0
0000950103-24-003095,2024-02-29T01:52:01.000Z,1548760.0,S,1400.0,0.0,0.0,1.0
0000950103-24-003095,2024-02-29T01:52:01.000Z,1548760.0,S,686.0,0.0,0.0,1.0
0000950103-24-003095,2024-02-29T01:52:01.000Z,1548760.0,S,495.0,0.0,0.0,1.0
0000950103-24-003095,2024-02-29T01:52:01.000Z,1548760.0,S,100.0,490.63,49063.0,1.0
0000950103-24-003095,2024-02-29T01:52:01.000Z,1548760.0,S,3009.0,0.0,0.0,1.0
0000950103-24-003095,2024-02-29T01:52:01.000Z,1548760.0,S,5511.0,0.0,0.0,1.0
0000950103-24-003095,2024-02-29T01:52:01.000Z,1548760.0,S,5455.0,0.0,0.0,1.0
0000950103-24-003095,2024-02-29T01:52:01.000Z,1548760.0,S,8242.0,0.0,0.0,1.0
0000950103-24-003095,2024-02-29T01:52:01.000Z,1548760.0,S,5676.0,0.0,0.0,1.0
0000950103-24-003095,2024-02-29T01:52:01.000Z,1548760.0,S,1200.0,0.0,0.0,1.0
0000950103-24-003095,2024-02-29T01:52:01.000Z,1548760.0,S,2000.0,0.0,0.0,1.0
0000950103-24-003095,2024-02-29T01:52:01.000Z,1548760.0,S,400.0,0.0,0.0,1.0
0000950103-24-003094,2024-02-29T01:48:33.000Z,1548760.0,S,700.0,0.0,0.0,1.0
0000950103-24-003094,2024-02-29T01:48:33.000Z,1548760.0,S,800.0,0.0,0.0,1.0
0000950103-24-003094,2024-02-29T01:48:33.000Z,1548760.0,S,6767.0,0.0,0.0,1.0
0000950103-24-003094,2024-02-29T01:48:33.000Z,1548760.0,S,7738.0,0.0,0.0,1.0
0000950103-24-003094,2024-02-29T01:48:33.000Z,1548760.0,S,8085.0,0.0,0.0,1.0
0000950103-24-003094,2024-02-29T01:48:33.000Z,1548760.0,S,4493.0,0.0,0.0,1.0
0000950103-24-003094,2024-02-29T01:48:33.000Z,1548760.0,S,4211.0,0.0,0.0,1.0
0000950103-24-003094,2024-02-29T01:48:33.000Z,1548760.0,S,300.0,0.0,0.0,1.0
0000950103-24-003094,2024-02-29T01:48:33.000Z,1548760.0,S,300.0,0.0,0.0,1.0
0000950103-24-003094,2024-02-29T01:48:33.000Z,1548760.0,S,2641.0,0.0,0.0,1.0
0000950103-24-003094,2024-02-29T01:48:33.000Z,1548760.0,S,3495.0,0.0,0.0,1.0
0000950103-24-003094,2024-02-29T01:48:33.000Z,1548760.0,S,3594.0,0.0,0.0,1.0
0000950103-24-003094,2024-02-29T01:48:33.000Z,1548760.0,S,1654.0,0.0,0.0,1.0
0000950103-24-003094,2024-02-29T01:48:33.000Z,1548760.0,S,1141.0,0.0,0.0,1.0
0000950103-24-003094,2024-02-29T01:48:33.000Z,1548760.0,S,718.0,0.0,0.0,1.0
0000950103-24-003094,2024-02-29T01:48:33.000Z,1548760.0,S,786.0,0.0,0.0,1.0
0000950103-24-003094,2024-02-29T01:48:33.000Z,1548760.0,S,6156.0,0.0,0.0,1.0
0000950103-24-003094,2024-02-29T01:48:33.000Z,1548760.0,S,8127.0,0.0,0.0,1.0
0000950103-24-003094,2024-02-29T01:48:33.000Z,1548760.0,S,7255.0,0.0,0.0,1.0
0000950103-24-003094,2024-02-29T01:48:33.000Z,1548760.0,S,4455.0,0.0,0.0,1.0
0000950103-24-003094,2024-02-29T01:48:33.000Z,1548760.0,S,3996.0,0.0,0.0,1.0
0000950103-24-003093,2024-02-29T01:43:13.000Z,1548760.0,S,2017.0,0.0,0.0,1.0
0000950103-24-003093,2024-02-29T01:43:13.000Z,1548760.0,S,9709.0,0.0,0.0,1.0
0000950103-24-003093,2024-02-29T01:43:13.000Z,1548760.0,S,7803.0,0.0,0.0,1.0
0000950103-24-003093,2024-02-29T01:43:13.000Z,1548760.0,S,9908.0,0.0,0.0,1.0
0000950103-24-003093,2024-02-29T01:43:13.000Z,1548760.0,S,3357.0,0.0,0.0,1.0
0000950103-24-003093,2024-02-29T01:43:13.000Z,1548760.0,S,1857.0,0.0,0.0,1.0
0000950103-24-003093,2024-02-29T01:43:13.000Z,1548760.0,S,3826.0,0.0,0.0,1.0
0000950103-24-003093,2024-02-29T01:43:13.000Z,1548760.0,S,3562.0,0.0,0.0,1.0
0000950103-24-003093,2024-02-29T01:43:13.000Z,1548760.0,S,3232.0,0.0,0.0,1.0
0000950103-24-003093,2024-02-29T01:43:13.000Z,1548760.0,S,648.0,0.0,0.0,1.0
0000950103-24-003093,2024-02-29T01:43:13.000Z,1548760.0,S,900.0,0.0,0.0,1.0
0000950103-24-003093,2024-02-29T01:43:13.000Z,1548760.0,S,9648.0,0.0,0.0,1.0
0000950103-24-003093,2024-02-29T01:43:13.000Z,1548760.0,S,7469.0,0.0,0.0,1.0
0000950103-24-003093,2024-02-29T01:43:13.000Z,1548760.0,S,9738.0,0.0,0.0,1.0
0000950103-24-003093,2024-02-29T01:43:13.000Z,1548760.0,S,3638.0,0.0,0.0,1.0
0000950103-24-003093,2024-02-29T01:43:13.000Z,1548760.0,S,100.0,486.06,48606.0,1.0
0000950103-24-002926,2024-02-28T01:35:16.000Z,1564475.0,S,490.0,488.03,239134.7,1.0
0000950103-24-002791,2024-02-26T23:59:57.000Z,1548760.0,S,2200.0,0.0,0.0,1.0
0000950103-24-002791,2024-02-26T23:59:57.000Z,1548760.0,S,4129.0,0.0,0.0,1.0
0000950103-24-002791,2024-02-26T23:59:57.000Z,1548760.0,S,3857.0,0.0,0.0,1.0
0000950103-24-002791,2024-02-26T23:59:57.000Z,1548760.0,S,2474.0,0.0,0.0,1.0
0000950103-24-002791,2024-02-26T23:59:57.000Z,1548760.0,S,3667.0,0.0,0.0,1.0
0000950103-24-002791,2024-02-26T23:59:57.000Z,1548760.0,S,5850.0,0.0,0.0,1.0
0000950103-24-002791,2024-02-26T23:59:57.000Z,1548760.0,S,1525.0,0.0,0.0,1.0
0000950103-24-002791,2024-02-26T23:59:57.000Z,1548760.0,S,500.0,0.0,0.0,1.0
0000950103-24-002791,2024-02-26T23:59:57.000Z,1548760.0,S,3243.0,0.0,0.0,1.0
0000950103-24-002791,2024-02-26T23:59:57.000Z,1548760.0,S,2287.0,0.0,0.0,1.0
0000950103-24-002791,2024-02-26T23:59:57.000Z,1548760.0,S,1718.0,0.0,0.0,1.0
0000950103-24-002791,2024-02-26T23:59:57.000Z,1548760.0,S,43.0,494.09,21245.87,1.0
0000950103-24-002790,2024-02-26T23:52:40.000Z,1548760.0,S,3011.0,0.0,0.0,1.0
0000950103-24-002790,2024-02-26T23:52:40.000Z,1548760.0,S,4848.0,0.0,0.0,1.0
0000950103-24-002790,2024-02-26T23:52:40.000Z,1548760.0,S,3034.0,0.0,0.0,1.0
0000950103-24-002790,2024-02-26T23:52:40.000Z,1548760.0,S,3200.0,0.0,0.0,1.0
0000950103-24-002790,2024-02-26T23:52:40.000Z,1548760.0,S,3960.0,0.0,0.0,1.0
0000950103-24-002790,2024-02-26T23:52:40.000Z,1548760.0,S,5587.0,0.0,0.0,1.0
0000950103-24-002790,2024-02-26T23:52:40.000Z,1548760.0,S,1284.0,0.0,0.0,1.0
0000950103-24-002790,2024-02-26T23:52:40.000Z,1548760.0,S,2283.0,0.0,0.0,1.0
0000950103-24-002790,2024-02-26T23:52:40.000Z,1548760.0,S,2929.0,0.0,0.0,1.0
0000950103-24-002790,2024-02-26T23:52:40.000Z,1548760.0,S,2258.0,0.0,0.0,1.0
0000950103-24-002790,2024-02-26T23:52:40.000Z,1548760.0,S,400.0,0.0,0.0,1.0
0000950103-24-002790,2024-02-26T23:52:40.000Z,1548760.0,S,1103.0,0.0,0.0,1.0
0000950103-24-002790,2024-02-26T23:52:40.000Z,1548760.0,S,2220.0,0.0,0.0,1.0
0000950103-24-002790,2024-02-26T23:52:40.000Z,1548760.0,S,1100.0,0.0,0.0,1.0
0000950103-24-002790,2024-02-26T23:52:40.000Z,1548760.0,S,1400.0,0.0,0.0,1.0
0000950103-24-002790,2024-02-26T23:52:40.000Z,1548760.0,S,1356.0,0.0,0.0,1.0
0000950103-24-002790,2024-02-26T23:52:40.000Z,1548760.0,S,2332.0,0.0,0.0,1.0
0000950103-24-002790,2024-02-26T23:52:40.000Z,1548760.0,S,487.0,0.0,0.0,1.0
0000950103-24-002790,2024-02-26T23:52:40.000Z,1548760.0,S,1221.0,0.0,0.0,1.0
0000950103-24-002790,2024-02-26T23:52:40.000Z,1548760.0,S,1418.0,0.0,0.0,1.0
0000950103-24-002790,2024-02-26T23:52:40.000Z,1548760.0,S,488.0,0.0,0.0,1.0
0000950103-24-002789,2024-02-26T23:47:24.000Z,1548760.0,S,16.0,480.0,7680.0,1.0
0000950103-24-002789,2024-02-26T23:47:24.000Z,1548760.0,S,900.0,0.0,0.0,1.0
0000950103-24-002789,2024-02-26T23:47:24.000Z,1548760.0,S,1074.0,0.0,0.0,1.0
0000950103-24-002789,2024-02-26T23:47:24.000Z,1548760.0,S,700.0,0.0,0.0,1.0
0000950103-24-002789,2024-02-26T23:47:24.000Z,1548760.0,S,507.0,0.0,0.0,1.0
0000950103-24-002789,2024-02-26T23:47:24.000Z,1548760.0,S,1215.0,0.0,0.0,1.0
0000950103-24-002789,2024-02-26T23:47:24.000Z,1548760.0,S,2409.0,0.0,0.0,1.0
0000950103-24-002789,2024-02-26T23:47:24.000Z,1548760.0,S,1200.0,0.0,0.0,1.0
0000950103-24-002789,2024-02-26T23:47:24.000Z,1548760.0,S,2262.0,0.0,0.0,1.0
0000950103-24-002789,2024-02-26T23:47:24.000Z,1548760.0,S,3559.0,0.0,0.0,1.0
0000950103-24-002789,2024-02-26T23:47:24.000Z,1548760.0,S,4683.0,0.0,0.0,1.0
0000950103-24-002789,2024-02-26T23:47:24.000Z,1548760.0,S,4964.0,0.0,0.0,1.0
0000950103-24-002789,2024-02-26T23:47:24.000Z,1548760.0,S,6552.0,0.0,0.0,1.0
0000950103-24-002789,2024-02-26T23:47:24.000Z,1548760.0,S,1468.0,0.0,0.0,1.0
0000950103-24-002787,2024-02-26T23:40:26.000Z,1548760.0,S,500.0,0.0,0.0,1.0
0000950103-24-002787,2024-02-26T23:40:26.000Z,1548760.0,S,1294.0,0.0,0.0,1.0
0000950103-24-002787,2024-02-26T23:40:26.000Z,1548760.0,S,841.0,0.0,0.0,1.0
0000950103-24-002787,2024-02-26T23:40:26.000Z,1548760.0,S,480.0,0.0,0.0,1.0
0000950103-24-002787,2024-02-26T23:40:26.000Z,1548760.0,S,400.0,0.0,0.0,1.0
0000950103-24-002787,2024-02-26T23:40:26.000Z,1548760.0,S,2128.0,0.0,0.0,1.0
0000950103-24-002787,2024-02-26T23:40:26.000Z,1548760.0,S,1839.0,0.0,0.0,1.0
0000950103-24-002787,2024-02-26T23:40:26.000Z,1548760.0,S,1270.0,0.0,0.0,1.0
0000950103-24-002787,2024-02-26T23:40:26.000Z,1548760.0,S,2870.0,0.0,0.0,1.0
0000950103-24-002787,2024-02-26T23:40:26.000Z,1548760.0,S,4645.0,0.0,0.0,1.0
0000950103-24-002787,2024-02-26T23:40:26.000Z,1548760.0,S,5677.0,0.0,0.0,1.0
0000950103-24-002787,2024-02-26T23:40:26.000Z,1548760.0,S,4671.0,0.0,0.0,1.0
0000950103-24-002787,2024-02-26T23:40:26.000Z,1548760.0,S,5786.0,0.0,0.0,1.0
0000950103-24-002787,2024-02-26T23:40:26.000Z,1548760.0,S,473.0,0.0,0.0,1.0
0000950103-24-002787,2024-02-26T23:40:26.000Z,1548760.0,S,301.0,0.0,0.0,1.0
0000950103-24-002787,2024-02-26T23:40:26.000Z,1548760.0,S,652.0,0.0,0.0,1.0
0000950103-24-002787,2024-02-26T23:40:26.000Z,1548760.0,S,319.0,0.0,0.0,1.0
0000950103-24-002787,2024-02-26T23:40:26.000Z,1548760.0,S,200.0,0.0,0.0,1.0
0000950103-24-002787,2024-02-26T23:40:26.000Z,1548760.0,S,1343.0,0.0,0.0,1.0
0000950103-24-002787,2024-02-26T23:40:26.000Z,1548760.0,S,300.0,0.0,0.0,1.0
0000950103-24-002787,2024-02-26T23:40:26.000Z,1548760.0,S,800.0,0.0,0.0,1.0
0000950103-24-002787,2024-02-26T23:40:26.000Z,1548760.0,S,1116.0,0.0,0.0,1.0
0000950103-24-002787,2024-02-26T23:40:26.000Z,1548760.0,S,2284.0,0.0,0.0,1.0
0000950103-24-002787,2024-02-26T23:40:26.000Z,1548760.0,S,2117.0,0.0,0.0,1.0
0000950103-24-002787,2024-02-26T23:40:26.000Z,1548760.0,S,2412.0,0.0,0.0,1.0
0000950103-24-002787,2024-02-26T23:40:26.000Z,1548760.0,S,1300.0,0.0,0.0,1.0
0000950103-24-002784,2024-02-26T23:21:56.000Z,,-,,,,
0000950103-24-002656,2024-02-22T23:07:48.000Z,1780525.0,S,585.0,469.88,274879.8,1.0
0000950103-24-002563,2024-02-22T02:50:44.000Z,1548760.0,S,970.0,0.0,0.0,1.0
0000950103-24-002563,2024-02-22T02:50:44.000Z,1548760.0,S,4002.0,0.0,0.0,1.0
0000950103-24-002563,2024-02-22T02:50:44.000Z,1548760.0,S,9732.0,0.0,0.0,1.0
0000950103-24-002563,2024-02-22T02:50:44.000Z,1548760.0,S,5414.0,0.0,0.0,1.0
0000950103-24-002563,2024-02-22T02:50:44.000Z,1548760.0,S,8612.0,0.0,0.0,1.0
0000950103-24-002563,2024-02-22T02:50:44.000Z,1548760.0,S,12575.0,0.0,0.0,1.0
0000950103-24-002563,2024-02-22T02:50:44.000Z,1548760.0,S,3465.0,0.0,0.0,1.0
0000950103-24-002563,2024-02-22T02:50:44.000Z,1548760.0,S,450.0,0.0,0.0,1.0
0000950103-24-002563,2024-02-22T02:50:44.000Z,1548760.0,S,1400.0,0.0,0.0,1.0
0000950103-24-002563,2024-02-22T02:50:44.000Z,1548760.0,S,3760.0,0.0,0.0,1.0
0000950103-24-002563,2024-02-22T02:50:44.000Z,1548760.0,S,1785.0,0.0,0.0,1.0
0000950103-24-002563,2024-02-22T02:50:44.000Z,1548760.0,S,3994.0,0.0,0.0,1.0
0000950103-24-002563,2024-02-22T02:50:44.000Z,1548760.0,S,4979.0,0.0,0.0,1.0
0000950103-24-002563,2024-02-22T02:50:44.000Z,1548760.0,S,1557.0,0.0,0.0,1.0
0000950103-24-002563,2024-02-22T02:50:44.000Z,1548760.0,S,250.0,0.0,0.0,1.0
0000950103-24-002563,2024-02-22T02:50:44.000Z,1548760.0,S,450.0,0.0,0.0,1.0
0000950103-24-002563,2024-02-22T02:50:44.000Z,1548760.0,S,675.0,0.0,0.0,1.0
0000950103-24-002563,2024-02-22T02:50:44.000Z,1548760.0,S,350.0,0.0,0.0,1.0
0000950103-24-002563,2024-02-22T02:50:44.000Z,1548760.0,S,1020.0,0.0,0.0,1.0
0000950103-24-002563,2024-02-22T02:50:44.000Z,1548760.0,S,160.0,0.0,0.0,1.0
0000950103-24-002563,2024-02-22T02:50:44.000Z,1548760.0,S,800.0,0.0,0.0,1.0
0000950103-24-002563,2024-02-22T02:50:44.000Z,1548760.0,S,2911.0,0.0,0.0,1.0
0000950103-24-002563,2024-02-22T02:50:44.000Z,1548760.0,S,6792.0,0.0,0.0,1.0
0000950103-24-002563,2024-02-22T02:50:44.000Z,1548760.0,S,3920.0,0.0,0.0,1.0
0000950103-24-002563,2024-02-22T02:50:44.000Z,1548760.0,S,6108.0,0.0,0.0,1.0
0000950103-24-002563,2024-02-22T02:50:44.000Z,1548760.0,S,8912.0,0.0,0.0,1.0
0000950103-24-002563,2024-02-22T02:50:44.000Z,1548760.0,S,2050.0,0.0,0.0,1.0
0000950103-24-002562,2024-02-22T02:45:44.000Z,1548760.0,S,617.0,0.0,0.0,1.0
0000950103-24-002562,2024-02-22T02:45:44.000Z,1548760.0,S,600.0,0.0,0.0,1.0
0000950103-24-002562,2024-02-22T02:45:44.000Z,1548760.0,S,603.0,0.0,0.0,1.0
0000950103-24-002562,2024-02-22T02:45:44.000Z,1548760.0,S,384.0,0.0,0.0,1.0
0000950103-24-002562,2024-02-22T02:45:44.000Z,1548760.0,S,450.0,0.0,0.0,1.0
0000950103-24-002562,2024-02-22T02:45:44.000Z,1548760.0,S,150.0,0.0,0.0,1.0
0000950103-24-002562,2024-02-22T02:45:44.000Z,1548760.0,S,50.0,474.2,23710.0,1.0
0000950103-24-002562,2024-02-22T02:45:44.000Z,1548760.0,S,51.0,0.0,0.0,1.0
0000950103-24-002562,2024-02-22T02:45:44.000Z,1548760.0,S,3753.0,0.0,0.0,1.0
0000950103-24-002562,2024-02-22T02:45:44.000Z,1548760.0,S,7061.0,0.0,0.0,1.0
0000950103-24-002562,2024-02-22T02:45:44.000Z,1548760.0,S,5256.0,0.0,0.0,1.0
0000950103-24-002562,2024-02-22T02:45:44.000Z,1548760.0,S,5823.0,0.0,0.0,1.0
0000950103-24-002562,2024-02-22T02:45:44.000Z,1548760.0,S,3421.0,0.0,0.0,1.0
0000950103-24-002562,2024-02-22T02:45:44.000Z,1548760.0,S,3879.0,0.0,0.0,1.0
0000950103-24-002562,2024-02-22T02:45:44.000Z,1548760.0,S,1900.0,0.0,0.0,1.0
0000950103-24-002562,2024-02-22T02:45:44.000Z,1548760.0,S,100.0,474.39,47439.0,1.0
0000950103-24-002562,2024-02-22T02:45:44.000Z,1548760.0,S,300.0,0.0,0.0,1.0
0000950103-24-002561,2024-02-22T02:42:01.000Z,1548760.0,S,5193.0,0.0,0.0,1.0
0000950103-24-002561,2024-02-22T02:42:01.000Z,1548760.0,S,7616.0,0.0,0.0,1.0
0000950103-24-002561,2024-02-22T02:42:01.000Z,1548760.0,S,8417.0,0.0,0.0,1.0
0000950103-24-002561,2024-02-22T02:42:01.000Z,1548760.0,S,9028.0,0.0,0.0,1.0
0000950103-24-002561,2024-02-22T02:42:01.000Z,1548760.0,S,5713.0,0.0,0.0,1.0
0000950103-24-002561,2024-02-22T02:42:01.000Z,1548760.0,S,4415.0,0.0,0.0,1.0
0000950103-24-002561,2024-02-22T02:42:01.000Z,1548760.0,S,3069.0,0.0,0.0,1.0
0000950103-24-002561,2024-02-22T02:42:01.000Z,1548760.0,S,1010.0,0.0,0.0,1.0
0000950103-24-002561,2024-02-22T02:42:01.000Z,1548760.0,S,309.0,0.0,0.0,1.0
0000950103-24-002561,2024-02-22T02:42:01.000Z,1548760.0,S,2130.0,0.0,0.0,1.0
0000950103-24-002561,2024-02-22T02:42:01.000Z,1548760.0,S,3704.0,0.0,0.0,1.0
0000950103-24-002561,2024-02-22T02:42:01.000Z,1548760.0,S,2651.0,0.0,0.0,1.0
0000950103-24-002561,2024-02-22T02:42:01.000Z,1548760.0,S,3889.0,0.0,0.0,1.0
0000950103-24-002561,2024-02-22T02:42:01.000Z,1548760.0,S,2107.0,0.0,0.0,1.0
0000950103-24-002561,2024-02-22T02:42:01.000Z,1548760.0,S,1945.0,0.0,0.0,1.0
0000950103-24-002561,2024-02-22T02:42:01.000Z,1548760.0,S,1199.0,0.0,0.0,1.0
0000950103-24-002561,2024-02-22T02:42:01.000Z,1548760.0,S,200.0,0.0,0.0,1.0
0000950103-24-002561,2024-02-22T02:42:01.000Z,1548760.0,S,100.0,476.12,47612.0,1.0
0000950103-24-002478,2024-02-21T01:14:25.000Z,,-,,,,
0000950103-24-002477,2024-02-21T01:09:33.000Z,,-,,,,
0000950103-24-002473,2024-02-21T00:29:53.000Z,1548760.0,S,50.0,469.5,23475.0,1.0
0000950103-24-002473,2024-02-21T00:29:53.000Z,1548760.0,S,300.0,0.0,0.0,1.0
0000950103-24-002473,2024-02-21T00:29:53.000Z,1548760.0,S,407.0,0.0,0.0,1.0
0000950103-24-002473,2024-02-21T00:29:53.000Z,1548760.0,S,888.0,0.0,0.0,1.0
0000950103-24-002473,2024-02-21T00:29:53.000Z,1548760.0,S,581.0,0.0,0.0,1.0
0000950103-24-002473,2024-02-21T00:29:53.000Z,1548760.0,S,247.0,0.0,0.0,1.0
0000950103-24-002473,2024-02-21T00:29:53.000Z,1548760.0,S,332.0,0.0,0.0,1.0
0000950103-24-002473,2024-02-21T00:29:53.000Z,1548760.0,S,100.0,0.0,0.0,1.0
0000950103-24-002473,2024-02-21T00:29:53.000Z,1548760.0,S,900.0,0.0,0.0,1.0
0000950103-24-002473,2024-02-21T00:29:53.000Z,1548760.0,S,2009.0,0.0,0.0,1.0
0000950103-24-002473,2024-02-21T00:29:53.000Z,1548760.0,S,3430.0,0.0,0.0,1.0
0000950103-24-002473,2024-02-21T00:29:53.000Z,1548760.0,S,7585.0,0.0,0.0,1.0
0000950103-24-002473,2024-02-21T00:29:53.000Z,1548760.0,S,7774.0,0.0,0.0,1.0
0000950103-24-002473,2024-02-21T00:29:53.000Z,1548760.0,S,3446.0,0.0,0.0,1.0
0000950103-24-002473,2024-02-21T00:29:53.000Z,1548760.0,S,4015.0,0.0,0.0,1.0
0000950103-24-002473,2024-02-21T00:29:53.000Z,1548760.0,S,1799.0,0.0,0.0,1.0
0000950103-24-002473,2024-02-21T00:29:53.000Z,1548760.0,S,535.0,0.0,0.0,1.0
0000950103-24-002472,2024-02-21T00:25:55.000Z,1548760.0,S,1101.0,0.0,0.0,1.0
0000950103-24-002472,2024-02-21T00:25:55.000Z,1548760.0,S,2632.0,0.0,0.0,1.0
0000950103-24-002472,2024-02-21T00:25:55.000Z,1548760.0,S,5267.0,0.0,0.0,1.0
0000950103-24-002472,2024-02-21T00:25:55.000Z,1548760.0,S,10156.0,0.0,0.0,1.0
0000950103-24-002472,2024-02-21T00:25:55.000Z,1548760.0,S,10657.0,0.0,0.0,1.0
0000950103-24-002472,2024-02-21T00:25:55.000Z,1548760.0,S,5860.0,0.0,0.0,1.0
0000950103-24-002472,2024-02-21T00:25:55.000Z,1548760.0,S,5589.0,0.0,0.0,1.0
0000950103-24-002472,2024-02-21T00:25:55.000Z,1548760.0,S,2908.0,0.0,0.0,1.0
0000950103-24-002472,2024-02-21T00:25:55.000Z,1548760.0,S,600.0,0.0,0.0,1.0
0000950103-24-002472,2024-02-21T00:25:55.000Z,1548760.0,S,689.0,0.0,0.0,1.0
0000950103-24-002472,2024-02-21T00:25:55.000Z,1548760.0,S,1247.0,0.0,0.0,1.0
0000950103-24-002472,2024-02-21T00:25:55.000Z,1548760.0,S,2663.0,0.0,0.0,1.0
0000950103-24-002472,2024-02-21T00:25:55.000Z,1548760.0,S,4445.0,0.0,0.0,1.0
0000950103-24-002472,2024-02-21T00:25:55.000Z,1548760.0,S,3628.0,0.0,0.0,1.0
0000950103-24-002472,2024-02-21T00:25:55.000Z,1548760.0,S,2250.0,0.0,0.0,1.0
0000950103-24-002472,2024-02-21T00:25:55.000Z,1548760.0,S,2405.0,0.0,0.0,1.0
0000950103-24-002472,2024-02-21T00:25:55.000Z,1548760.0,S,448.0,0.0,0.0,1.0
0000950103-24-002472,2024-02-21T00:25:55.000Z,1548760.0,S,150.0,0.0,0.0,1.0
0000950103-24-002471,2024-02-21T00:19:25.000Z,1548760.0,S,100.0,0.0,0.0,1.0
0000950103-24-002471,2024-02-21T00:19:25.000Z,1548760.0,S,250.0,0.0,0.0,1.0
0000950103-24-002471,2024-02-21T00:19:25.000Z,1548760.0,S,171.0,0.0,0.0,1.0
0000950103-24-002471,2024-02-21T00:19:25.000Z,1548760.0,S,100.0,0.0,0.0,1.0
0000950103-24-002471,2024-02-21T00:19:25.000Z,1548760.0,S,200.0,0.0,0.0,1.0
0000950103-24-002471,2024-02-21T00:19:25.000Z,1548760.0,S,250.0,0.0,0.0,1.0
0000950103-24-002471,2024-02-21T00:19:25.000Z,1548760.0,S,200.0,0.0,0.0,1.0
0000950103-24-002471,2024-02-21T00:19:25.000Z,1548760.0,S,351.0,0.0,0.0,1.0
0000950103-24-002471,2024-02-21T00:19:25.000Z,1548760.0,S,350.0,0.0,0.0,1.0
0000950103-24-002471,2024-02-21T00:19:25.000Z,1548760.0,S,683.0,0.0,0.0,1.0
0000950103-24-002471,2024-02-21T00:19:25.000Z,1548760.0,S,250.0,0.0,0.0,1.0
0000950103-24-002471,2024-02-21T00:19:25.000Z,1548760.0,S,400.0,0.0,0.0,1.0
0000950103-24-002471,2024-02-21T00:19:25.000Z,1548760.0,S,1500.0,0.0,0.0,1.0
0000950103-24-002471,2024-02-21T00:19:25.000Z,1548760.0,S,2500.0,0.0,0.0,1.0
0000950103-24-002471,2024-02-21T00:19:25.000Z,1548760.0,S,1200.0,0.0,0.0,1.0
0000950103-24-002471,2024-02-21T00:19:25.000Z,1548760.0,S,800.0,0.0,0.0,1.0
0000950103-24-002471,2024-02-21T00:19:25.000Z,1548760.0,S,2188.0,0.0,0.0,1.0
0000950103-24-002471,2024-02-21T00:19:25.000Z,1548760.0,S,2000.0,0.0,0.0,1.0
0000950103-24-002471,2024-02-21T00:19:25.000Z,1548760.0,S,2129.0,0.0,0.0,1.0
0000950103-24-002471,2024-02-21T00:19:25.000Z,1548760.0,S,600.0,0.0,0.0,1.0
0000950103-24-002471,2024-02-21T00:19:25.000Z,1548760.0,S,952.0,0.0,0.0,1.0
0000950103-24-002471,2024-02-21T00:19:25.000Z,1548760.0,S,2333.0,0.0,0.0,1.0
0000950103-24-002471,2024-02-21T00:19:25.000Z,1548760.0,S,2411.0,0.0,0.0,1.0
0000950103-24-002471,2024-02-21T00:19:25.000Z,1548760.0,S,5435.0,0.0,0.0,1.0
0000950103-24-002471,2024-02-21T00:19:25.000Z,1548760.0,S,5928.0,0.0,0.0,1.0
0000950103-24-002471,2024-02-21T00:19:25.000Z,1548760.0,S,1117.0,0.0,0.0,1.0
0000950103-24-002470,2024-02-21T00:16:08.000Z,1548760.0,S,902.0,0.0,0.0,1.0
0000950103-24-002470,2024-02-21T00:16:08.000Z,1548760.0,S,1550.0,0.0,0.0,1.0
0000950103-24-002470,2024-02-21T00:16:08.000Z,1548760.0,S,895.0,0.0,0.0,1.0
0000950103-24-002470,2024-02-21T00:16:08.000Z,1548760.0,S,600.0,0.0,0.0,1.0
0000950103-24-002470,2024-02-21T00:16:08.000Z,1548760.0,S,1151.0,0.0,0.0,1.0
0000950103-24-002470,2024-02-21T00:16:08.000Z,1548760.0,S,1268.0,0.0,0.0,1.0
0000950103-24-002470,2024-02-21T00:16:08.000Z,1548760.0,S,1098.0,0.0,0.0,1.0
0000950103-24-002470,2024-02-21T00:16:08.000Z,1548760.0,S,200.0,0.0,0.0,1.0
0000950103-24-002470,2024-02-21T00:16:08.000Z,1548760.0,S,438.0,0.0,0.0,1.0
0000950103-24-002470,2024-02-21T00:16:08.000Z,1548760.0,S,1083.0,0.0,0.0,1.0
0000950103-24-002470,2024-02-21T00:16:08.000Z,1548760.0,S,1333.0,0.0,0.0,1.0
0000950103-24-002470,2024-02-21T00:16:08.000Z,1548760.0,S,2478.0,0.0,0.0,1.0
0000950103-24-002470,2024-02-21T00:16:08.000Z,1548760.0,S,4312.0,0.0,0.0,1.0
0000950103-24-002470,2024-02-21T00:16:08.000Z,1548760.0,S,617.0,0.0,0.0,1.0
0000950103-24-002469,2024-02-21T00:11:07.000Z,1548760.0,S,400.0,0.0,0.0,1.0
0000950103-24-002469,2024-02-21T00:11:07.000Z,1548760.0,S,1800.0,0.0,0.0,1.0
0000950103-24-002469,2024-02-21T00:11:07.000Z,1548760.0,S,3923.0,0.0,0.0,1.0
0000950103-24-002469,2024-02-21T00:11:07.000Z,1548760.0,S,2000.0,0.0,0.0,1.0
0000950103-24-002469,2024-02-21T00:11:07.000Z,1548760.0,S,900.0,0.0,0.0,1.0
0000950103-24-002469,2024-02-21T00:11:07.000Z,1548760.0,S,2579.0,0.0,0.0,1.0
0000950103-24-002469,2024-02-21T00:11:07.000Z,1548760.0,S,2197.0,0.0,0.0,1.0
0000950103-24-002469,2024-02-21T00:11:07.000Z,1548760.0,S,2841.0,0.0,0.0,1.0
0000950103-24-002469,2024-02-21T00:11:07.000Z,1548760.0,S,2125.0,0.0,0.0,1.0
0000950103-24-002469,2024-02-21T00:11:07.000Z,1548760.0,S,300.0,0.0,0.0,1.0
0000950103-24-002469,2024-02-21T00:11:07.000Z,1548760.0,S,1628.0,0.0,0.0,1.0
0000950103-24-002469,2024-02-21T00:11:07.000Z,1548760.0,S,3348.0,0.0,0.0,1.0
0000950103-24-002469,2024-02-21T00:11:07.000Z,1548760.0,S,3420.0,0.0,0.0,1.0
0000950103-24-002469,2024-02-21T00:11:07.000Z,1548760.0,S,8982.0,0.0,0.0,1.0
0000950103-24-002469,2024-02-21T00:11:07.000Z,1548760.0,S,6932.0,0.0,0.0,1.0
0000950103-24-002469,2024-02-21T00:11:07.000Z,1548760.0,S,1395.0,0.0,0.0,1.0
0000950103-24-002468,2024-02-20T23:52:07.000Z,,-,,,,
0000950103-24-002467,2024-02-20T23:50:43.000Z,,-,,,,
0000950103-24-002466,2024-02-20T23:49:28.000Z,,-,,,,
0000950103-24-002465,2024-02-20T23:47:53.000Z,,-,,,,
0000950103-24-002464,2024-02-20T23:47:46.000Z,,-,,,,
0000950103-24-002462,2024-02-20T23:40:35.000Z,,-,,,,
0000950103-24-002461,2024-02-20T23:38:55.000Z,,-,,,,
0000950103-24-002460,2024-02-20T23:34:45.000Z,1564475.0,S,0.0,473.28,0.0,1.0
0000950103-24-002460,2024-02-20T23:34:45.000Z,1564475.0,S,734.0,477.21,350272.14,1.0
0000950103-24-002459,2024-02-20T23:31:33.000Z,1915704.0,S,0.0,473.28,0.0,1.0
0000950103-24-002459,2024-02-20T23:31:33.000Z,1915704.0,S,7382.0,477.21,3522764.22,1.0
0000950103-24-002458,2024-02-20T23:28:35.000Z,1780525.0,S,585.0,477.21,279167.85,1.0
0000950103-24-002457,2024-02-20T23:24:41.000Z,1917373.0,S,0.0,473.28,0.0,1.0
0000950103-24-002457,2024-02-20T23:24:41.000Z,1917373.0,S,1900.0,0.0,0.0,1.0
0000950103-24-002457,2024-02-20T23:24:41.000Z,1917373.0,S,1432.0,0.0,0.0,1.0
0000950103-24-002457,2024-02-20T23:24:41.000Z,1917373.0,S,1301.0,0.0,0.0,1.0
0000950103-24-002457,2024-02-20T23:24:41.000Z,1917373.0,S,5230.0,0.0,0.0,1.0
0000950103-24-002457,2024-02-20T23:24:41.000Z,1917373.0,S,3080.0,0.0,0.0,1.0
0000950103-24-002457,2024-02-20T23:24:41.000Z,1917373.0,S,1200.0,0.0,0.0,1.0
0000950103-24-002457,2024-02-20T23:24:41.000Z,1917373.0,S,200.0,0.0,0.0,1.0
0000950103-24-002456,2024-02-20T23:20:17.000Z,1739092.0,S,0.0,473.28,0.0,1.0
0000950103-24-002456,2024-02-20T23:20:17.000Z,1739092.0,S,0.0,473.28,0.0,1.0
0000950103-24-002456,2024-02-20T23:20:17.000Z,1739092.0,S,3014.0,0.0,0.0,1.0
0000950103-24-002456,2024-02-20T23:20:17.000Z,1739092.0,S,8099.0,0.0,0.0,1.0
0000950103-24-002456,2024-02-20T23:20:17.000Z,1739092.0,S,4837.0,0.0,0.0,1.0
0000950103-24-002456,2024-02-20T23:20:17.000Z,1739092.0,S,3288.0,0.0,0.0,1.0
0000950103-24-002230,2024-02-15T02:23:01.000Z,1548760.0,S,250.0,0.0,0.0,1.0
0000950103-24-002230,2024-02-15T02:23:01.000Z,1548760.0,S,600.0,0.0,0.0,1.0
0000950103-24-002230,2024-02-15T02:23:01.000Z,1548760.0,S,600.0,0.0,0.0,1.0
0000950103-24-002230,2024-02-15T02:23:01.000Z,1548760.0,S,850.0,0.0,0.0,1.0
0000950103-24-002230,2024-02-15T02:23:01.000Z,1548760.0,S,346.0,0.0,0.0,1.0
0000950103-24-002230,2024-02-15T02:23:01.000Z,1548760.0,S,175.0,0.0,0.0,1.0
0000950103-24-002230,2024-02-15T02:23:01.000Z,1548760.0,S,84.0,0.0,0.0,1.0
0000950103-24-002230,2024-02-15T02:23:01.000Z,1548760.0,S,2600.0,0.0,0.0,1.0
0000950103-24-002230,2024-02-15T02:23:01.000Z,1548760.0,S,5300.0,0.0,0.0,1.0
0000950103-24-002230,2024-02-15T02:23:01.000Z,1548760.0,S,3807.0,0.0,0.0,1.0
0000950103-24-002230,2024-02-15T02:23:01.000Z,1548760.0,S,8785.0,0.0,0.0,1.0
0000950103-24-002230,2024-02-15T02:23:01.000Z,1548760.0,S,6904.0,0.0,0.0,1.0
0000950103-24-002230,2024-02-15T02:23:01.000Z,1548760.0,S,1080.0,0.0,0.0,1.0
0000950103-24-002230,2024-02-15T02:23:01.000Z,1548760.0,S,1650.0,0.0,0.0,1.0
0000950103-24-002230,2024-02-15T02:23:01.000Z,1548760.0,S,1367.0,0.0,0.0,1.0
0000950103-24-002229,2024-02-15T02:19:24.000Z,1548760.0,S,3801.0,0.0,0.0,1.0
0000950103-24-002229,2024-02-15T02:19:24.000Z,1548760.0,S,7676.0,0.0,0.0,1.0
0000950103-24-002229,2024-02-15T02:19:24.000Z,1548760.0,S,5970.0,0.0,0.0,1.0
0000950103-24-002229,2024-02-15T02:19:24.000Z,1548760.0,S,11191.0,0.0,0.0,1.0
0000950103-24-002229,2024-02-15T02:19:24.000Z,1548760.0,S,10126.0,0.0,0.0,1.0
0000950103-24-002229,2024-02-15T02:19:24.000Z,1548760.0,S,1791.0,0.0,0.0,1.0
0000950103-24-002229,2024-02-15T02:19:24.000Z,1548760.0,S,2293.0,0.0,0.0,1.0
0000950103-24-002229,2024-02-15T02:19:24.000Z,1548760.0,S,1922.0,0.0,0.0,1.0
0000950103-24-002229,2024-02-15T02:19:24.000Z,1548760.0,S,1249.0,0.0,0.0,1.0
0000950103-24-002229,2024-02-15T02:19:24.000Z,1548760.0,S,3277.0,0.0,0.0,1.0
0000950103-24-002229,2024-02-15T02:19:24.000Z,1548760.0,S,2296.0,0.0,0.0,1.0
0000950103-24-002229,2024-02-15T02:19:24.000Z,1548760.0,S,4876.0,0.0,0.0,1.0
0000950103-24-002229,2024-02-15T02:19:24.000Z,1548760.0,S,3961.0,0.0,0.0,1.0
0000950103-24-002229,2024-02-15T02:19:24.000Z,1548760.0,S,734.0,0.0,0.0,1.0
0000950103-24-002229,2024-02-15T02:19:24.000Z,1548760.0,S,900.0,0.0,0.0,1.0
0000950103-24-002229,2024-02-15T02:19:24.000Z,1548760.0,S,632.0,0.0,0.0,1.0
0000950103-24-002228,2024-02-15T02:13:20.000Z,1548760.0,S,50.0,457.41,22870.5,1.0
0000950103-24-002228,2024-02-15T02:13:20.000Z,1548760.0,S,394.0,0.0,0.0,1.0
0000950103-24-002228,2024-02-15T02:13:20.000Z,1548760.0,S,500.0,0.0,0.0,1.0
0000950103-24-002228,2024-02-15T02:13:20.000Z,1548760.0,S,250.0,0.0,0.0,1.0
0000950103-24-002228,2024-02-15T02:13:20.000Z,1548760.0,S,322.0,0.0,0.0,1.0
0000950103-24-002228,2024-02-15T02:13:20.000Z,1548760.0,S,225.0,0.0,0.0,1.0
0000950103-24-002228,2024-02-15T02:13:20.000Z,1548760.0,S,650.0,0.0,0.0,1.0
0000950103-24-002228,2024-02-15T02:13:20.000Z,1548760.0,S,364.0,0.0,0.0,1.0
0000950103-24-002228,2024-02-15T02:13:20.000Z,1548760.0,S,150.0,0.0,0.0,1.0
0000950103-24-002228,2024-02-15T02:13:20.000Z,1548760.0,S,268.0,0.0,0.0,1.0
0000950103-24-002228,2024-02-15T02:13:20.000Z,1548760.0,S,407.0,0.0,0.0,1.0
0000950103-24-002228,2024-02-15T02:13:20.000Z,1548760.0,S,3840.0,0.0,0.0,1.0
0000950103-24-002228,2024-02-15T02:13:20.000Z,1548760.0,S,3713.0,0.0,0.0,1.0
0000950103-24-002228,2024-02-15T02:13:20.000Z,1548760.0,S,3599.0,0.0,0.0,1.0
0000950103-24-002228,2024-02-15T02:13:20.000Z,1548760.0,S,3310.0,0.0,0.0,1.0
0000950103-24-002228,2024-02-15T02:13:20.000Z,1548760.0,S,2283.0,0.0,0.0,1.0
0000950103-24-002228,2024-02-15T02:13:20.000Z,1548760.0,S,4116.0,0.0,0.0,1.0
0000950103-24-002228,2024-02-15T02:13:20.000Z,1548760.0,S,6191.0,0.0,0.0,1.0
0000950103-24-002228,2024-02-15T02:13:20.000Z,1548760.0,S,3466.0,0.0,0.0,1.0
0000950103-24-002228,2024-02-15T02:13:20.000Z,1548760.0,S,300.0,0.0,0.0,1.0
0000950103-24-002227,2024-02-15T02:10:49.000Z,1548760.0,S,300.0,0.0,0.0,1.0
0000950103-24-002227,2024-02-15T02:10:49.000Z,1548760.0,S,342.0,0.0,0.0,1.0
0000950103-24-002227,2024-02-15T02:10:49.000Z,1548760.0,S,200.0,0.0,0.0,1.0
0000950103-24-002227,2024-02-15T02:10:49.000Z,1548760.0,S,4723.0,0.0,0.0,1.0
0000950103-24-002227,2024-02-15T02:10:49.000Z,1548760.0,S,5901.0,0.0,0.0,1.0
0000950103-24-002227,2024-02-15T02:10:49.000Z,1548760.0,S,5322.0,0.0,0.0,1.0
0000950103-24-002227,2024-02-15T02:10:49.000Z,1548760.0,S,4522.0,0.0,0.0,1.0
0000950103-24-002227,2024-02-15T02:10:49.000Z,1548760.0,S,3186.0,0.0,0.0,1.0
0000950103-24-002227,2024-02-15T02:10:49.000Z,1548760.0,S,5987.0,0.0,0.0,1.0
0000950103-24-002227,2024-02-15T02:10:49.000Z,1548760.0,S,8541.0,0.0,0.0,1.0
0000950103-24-002227,2024-02-15T02:10:49.000Z,1548760.0,S,4455.0,0.0,0.0,1.0
0000950103-24-002227,2024-02-15T02:10:49.000Z,1548760.0,S,1291.0,0.0,0.0,1.0
0000950103-24-002227,2024-02-15T02:10:49.000Z,1548760.0,S,150.0,0.0,0.0,1.0
0000950103-24-002227,2024-02-15T02:10:49.000Z,1548760.0,S,253.0,0.0,0.0,1.0
0000950103-24-002227,2024-02-15T02:10:49.000Z,1548760.0,S,2312.0,0.0,0.0,1.0
0000950103-24-002227,2024-02-15T02:10:49.000Z,1548760.0,S,2194.0,0.0,0.0,1.0
0000950103-24-002227,2024-02-15T02:10:49.000Z,1548760.0,S,2078.0,0.0,0.0,1.0
0000950103-24-002227,2024-02-15T02:10:49.000Z,1548760.0,S,1870.0,0.0,0.0,1.0
0000950103-24-002227,2024-02-15T02:10:49.000Z,1548760.0,S,1262.0,0.0,0.0,1.0
0000950103-24-002227,2024-02-15T02:10:49.000Z,1548760.0,S,3113.0,0.0,0.0,1.0
0000950103-24-002227,2024-02-15T02:10:49.000Z,1548760.0,S,2520.0,0.0,0.0,1.0
0000950103-24-002227,2024-02-15T02:10:49.000Z,1548760.0,S,2098.0,0.0,0.0,1.0
0000950103-24-002227,2024-02-15T02:10:49.000Z,1548760.0,S,75.0,467.3,35047.5,1.0
0000950103-24-002226,2024-02-15T02:07:50.000Z,1548760.0,S,150.0,0.0,0.0,1.0
0000950103-24-002226,2024-02-15T02:07:50.000Z,1548760.0,S,429.0,0.0,0.0,1.0
0000950103-24-002226,2024-02-15T02:07:50.000Z,1548760.0,S,401.0,0.0,0.0,1.0
0000950103-24-002226,2024-02-15T02:07:50.000Z,1548760.0,S,145.0,0.0,0.0,1.0
0000950103-24-002226,2024-02-15T02:07:50.000Z,1548760.0,S,200.0,0.0,0.0,1.0
0000950103-24-002226,2024-02-15T02:07:50.000Z,1548760.0,S,119.0,0.0,0.0,1.0
0000950103-24-002226,2024-02-15T02:07:50.000Z,1548760.0,S,150.0,0.0,0.0,1.0
0000950103-24-002226,2024-02-15T02:07:50.000Z,1548760.0,S,750.0,0.0,0.0,1.0
0000950103-24-002226,2024-02-15T02:07:50.000Z,1548760.0,S,261.0,0.0,0.0,1.0
0000950103-24-002226,2024-02-15T02:07:50.000Z,1548760.0,S,300.0,0.0,0.0,1.0
0000950103-24-002226,2024-02-15T02:07:50.000Z,1548760.0,S,882.0,0.0,0.0,1.0
0000950103-24-002226,2024-02-15T02:07:50.000Z,1548760.0,S,4722.0,0.0,0.0,1.0
0000950103-24-002226,2024-02-15T02:07:50.000Z,1548760.0,S,4193.0,0.0,0.0,1.0
0000950103-24-002226,2024-02-15T02:07:50.000Z,1548760.0,S,2317.0,0.0,0.0,1.0
0000950103-24-002226,2024-02-15T02:07:50.000Z,1548760.0,S,1800.0,0.0,0.0,1.0
0000950103-24-002226,2024-02-15T02:07:50.000Z,1548760.0,S,758.0,0.0,0.0,1.0
0000950103-24-002226,2024-02-15T02:07:50.000Z,1548760.0,S,1900.0,0.0,0.0,1.0
0000950103-24-002226,2024-02-15T02:07:50.000Z,1548760.0,S,3828.0,0.0,0.0,1.0
0000950103-24-002226,2024-02-15T02:07:50.000Z,1548760.0,S,5525.0,0.0,0.0,1.0
0000950103-24-002226,2024-02-15T02:07:50.000Z,1548760.0,S,2859.0,0.0,0.0,1.0
0000950103-24-002226,2024-02-15T02:07:50.000Z,1548760.0,S,2498.0,0.0,0.0,1.0
0000950103-24-002226,2024-02-15T02:07:50.000Z,1548760.0,S,211.0,0.0,0.0,1.0
0000950103-24-002225,2024-02-15T02:05:24.000Z,1548760.0,S,500.0,0.0,0.0,1.0
0000950103-24-002225,2024-02-15T02:05:24.000Z,1548760.0,S,3995.0,0.0,0.0,1.0
0000950103-24-002225,2024-02-15T02:05:24.000Z,1548760.0,S,6968.0,0.0,0.0,1.0
0000950103-24-002225,2024-02-15T02:05:24.000Z,1548760.0,S,4239.0,0.0,0.0,1.0
0000950103-24-002225,2024-02-15T02:05:24.000Z,1548760.0,S,2209.0,0.0,0.0,1.0
0000950103-24-002225,2024-02-15T02:05:24.000Z,1548760.0,S,2269.0,0.0,0.0,1.0
0000950103-24-002225,2024-02-15T02:05:24.000Z,1548760.0,S,1207.0,0.0,0.0,1.0
0000950103-24-002225,2024-02-15T02:05:24.000Z,1548760.0,S,2598.0,0.0,0.0,1.0
0000950103-24-002225,2024-02-15T02:05:24.000Z,1548760.0,S,5975.0,0.0,0.0,1.0
0000950103-24-002225,2024-02-15T02:05:24.000Z,1548760.0,S,8045.0,0.0,0.0,1.0
0000950103-24-002225,2024-02-15T02:05:24.000Z,1548760.0,S,3535.0,0.0,0.0,1.0
0000950103-24-002225,2024-02-15T02:05:24.000Z,1548760.0,S,3230.0,0.0,0.0,1.0
0000950103-24-002225,2024-02-15T02:05:24.000Z,1548760.0,S,355.0,0.0,0.0,1.0
0000950103-24-002225,2024-02-15T02:05:24.000Z,1548760.0,S,1130.0,0.0,0.0,1.0
0000950103-24-002225,2024-02-15T02:05:24.000Z,1548760.0,S,2810.0,0.0,0.0,1.0
0000950103-24-002225,2024-02-15T02:05:24.000Z,1548760.0,S,1820.0,0.0,0.0,1.0
0000950103-24-002225,2024-02-15T02:05:24.000Z,1548760.0,S,1025.0,0.0,0.0,1.0
0000950103-24-002225,2024-02-15T02:05:24.000Z,1548760.0,S,900.0,0.0,0.0,1.0
0000950103-24-002225,2024-02-15T02:05:24.000Z,1548760.0,S,1005.0,0.0,0.0,1.0
0000950103-24-002225,2024-02-15T02:05:24.000Z,1548760.0,S,801.0,0.0,0.0,1.0
0000950103-24-002225,2024-02-15T02:05:24.000Z,1548760.0,S,2960.0,0.0,0.0,1.0
0000950103-24-002225,2024-02-15T02:05:24.000Z,1548760.0,S,3419.0,0.0,0.0,1.0
0000950103-24-002225,2024-02-15T02:05:24.000Z,1548760.0,S,1200.0,0.0,0.0,1.0
0000950103-24-002225,2024-02-15T02:05:24.000Z,1548760.0,S,500.0,0.0,0.0,1.0
0000950103-24-002082,2024-02-13T01:42:42.000Z,1548760.0,S,7569.0,0.0,0.0,1.0
0000950103-24-002082,2024-02-13T01:42:42.000Z,1548760.0,S,13964.0,0.0,0.0,1.0
0000950103-24-002082,2024-02-13T01:42:42.000Z,1548760.0,S,14993.0,0.0,0.0,1.0
0000950103-24-002082,2024-02-13T01:42:42.000Z,1548760.0,S,5481.0,0.0,0.0,1.0
0000950103-24-002082,2024-02-13T01:42:42.000Z,1548760.0,S,2088.0,0.0,0.0,1.0
0000950103-24-002082,2024-02-13T01:42:42.000Z,1548760.0,S,675.0,0.0,0.0,1.0
0000950103-24-002082,2024-02-13T01:42:42.000Z,1548760.0,S,2793.0,0.0,0.0,1.0
0000950103-24-002082,2024-02-13T01:42:42.000Z,1548760.0,S,5980.0,0.0,0.0,1.0
0000950103-24-002082,2024-02-13T01:42:42.000Z,1548760.0,S,5815.0,0.0,0.0,1.0
0000950103-24-002082,2024-02-13T01:42:42.000Z,1548760.0,S,2221.0,0.0,0.0,1.0
0000950103-24-002082,2024-02-13T01:42:42.000Z,1548760.0,S,657.0,0.0,0.0,1.0
0000950103-24-002082,2024-02-13T01:42:42.000Z,1548760.0,S,459.0,0.0,0.0,1.0
0000950103-24-002082,2024-02-13T01:42:42.000Z,1548760.0,S,594.0,0.0,0.0,1.0
0000950103-24-002082,2024-02-13T01:42:42.000Z,1548760.0,S,845.0,0.0,0.0,1.0
0000950103-24-002082,2024-02-13T01:42:42.000Z,1548760.0,S,951.0,0.0,0.0,1.0
0000950103-24-002082,2024-02-13T01:42:42.000Z,1548760.0,S,465.0,0.0,0.0,1.0
0000950103-24-002082,2024-02-13T01:42:42.000Z,1548760.0,S,50.0,472.83,23641.5,1.0
0000950103-24-002082,2024-02-13T01:42:42.000Z,1548760.0,S,5670.0,0.0,0.0,1.0
0000950103-24-002082,2024-02-13T01:42:42.000Z,1548760.0,S,10455.0,0.0,0.0,1.0
0000950103-24-002082,2024-02-13T01:42:42.000Z,1548760.0,S,9791.0,0.0,0.0,1.0
0000950103-24-002082,2024-02-13T01:42:42.000Z,1548760.0,S,3900.0,0.0,0.0,1.0
0000950103-24-002082,2024-02-13T01:42:42.000Z,1548760.0,S,1177.0,0.0,0.0,1.0
0000950103-24-002082,2024-02-13T01:42:42.000Z,1548760.0,S,500.0,0.0,0.0,1.0
0000950103-24-002081,2024-02-13T01:38:39.000Z,1548760.0,S,3154.0,0.0,0.0,1.0
0000950103-24-002081,2024-02-13T01:38:39.000Z,1548760.0,S,10180.0,0.0,0.0,1.0
0000950103-24-002081,2024-02-13T01:38:39.000Z,1548760.0,S,10779.0,0.0,0.0,1.0
0000950103-24-002081,2024-02-13T01:38:39.000Z,1548760.0,S,4710.0,0.0,0.0,1.0
0000950103-24-002081,2024-02-13T01:38:39.000Z,1548760.0,S,13978.0,0.0,0.0,1.0
0000950103-24-002081,2024-02-13T01:38:39.000Z,1548760.0,S,1969.0,0.0,0.0,1.0
0000950103-24-002081,2024-02-13T01:38:39.000Z,1548760.0,S,1502.0,0.0,0.0,1.0
0000950103-24-002081,2024-02-13T01:38:39.000Z,1548760.0,S,4661.0,0.0,0.0,1.0
0000950103-24-002081,2024-02-13T01:38:39.000Z,1548760.0,S,3981.0,0.0,0.0,1.0
0000950103-24-002081,2024-02-13T01:38:39.000Z,1548760.0,S,2125.0,0.0,0.0,1.0
0000950103-24-002081,2024-02-13T01:38:39.000Z,1548760.0,S,5656.0,0.0,0.0,1.0
0000950103-24-002081,2024-02-13T01:38:39.000Z,1548760.0,S,501.0,0.0,0.0,1.0
0000950103-24-002081,2024-02-13T01:38:39.000Z,1548760.0,S,1005.0,0.0,0.0,1.0
0000950103-24-002081,2024-02-13T01:38:39.000Z,1548760.0,S,300.0,0.0,0.0,1.0
0000950103-24-002081,2024-02-13T01:38:39.000Z,1548760.0,S,1049.0,0.0,0.0,1.0
0000950103-24-002081,2024-02-13T01:38:39.000Z,1548760.0,S,50.0,470.345,23517.25,1.0
0000950103-24-002081,2024-02-13T01:38:39.000Z,1548760.0,S,2097.0,0.0,0.0,1.0
0000950103-24-002081,2024-02-13T01:38:39.000Z,1548760.0,S,7558.0,0.0,0.0,1.0
0000950103-24-002081,2024-02-13T01:38:39.000Z,1548760.0,S,7469.0,0.0,0.0,1.0
0000950103-24-002081,2024-02-13T01:38:39.000Z,1548760.0,S,3259.0,0.0,0.0,1.0
0000950103-24-002081,2024-02-13T01:38:39.000Z,1548760.0,S,10214.0,0.0,0.0,1.0
0000950103-24-002081,2024-02-13T01:38:39.000Z,1548760.0,S,896.0,0.0,0.0,1.0
0000950103-24-001900,2024-02-08T02:19:54.000Z,1548760.0,S,100.0,0.0,0.0,1.0
0000950103-24-001900,2024-02-08T02:19:54.000Z,1548760.0,S,100.0,0.0,0.0,1.0
0000950103-24-001900,2024-02-08T02:19:54.000Z,1548760.0,S,50.0,462.95,23147.5,1.0
0000950103-24-001900,2024-02-08T02:19:54.000Z,1548760.0,S,90.0,0.0,0.0,1.0
0000950103-24-001900,2024-02-08T02:19:54.000Z,1548760.0,S,200.0,0.0,0.0,1.0
0000950103-24-001900,2024-02-08T02:19:54.000Z,1548760.0,S,1110.0,0.0,0.0,1.0
0000950103-24-001900,2024-02-08T02:19:54.000Z,1548760.0,S,1055.0,0.0,0.0,1.0
0000950103-24-001900,2024-02-08T02:19:54.000Z,1548760.0,S,200.0,0.0,0.0,1.0
0000950103-24-001900,2024-02-08T02:19:54.000Z,1548760.0,S,200.0,0.0,0.0,1.0
0000950103-24-001900,2024-02-08T02:19:54.000Z,1548760.0,S,392.0,0.0,0.0,1.0
0000950103-24-001900,2024-02-08T02:19:54.000Z,1548760.0,S,200.0,0.0,0.0,1.0
0000950103-24-001900,2024-02-08T02:19:54.000Z,1548760.0,S,400.0,0.0,0.0,1.0
0000950103-24-001900,2024-02-08T02:19:54.000Z,1548760.0,S,800.0,0.0,0.0,1.0
0000950103-24-001900,2024-02-08T02:19:54.000Z,1548760.0,S,599.0,0.0,0.0,1.0
0000950103-24-001900,2024-02-08T02:19:54.000Z,1548760.0,S,444.0,0.0,0.0,1.0
0000950103-24-001900,2024-02-08T02:19:54.000Z,1548760.0,S,900.0,0.0,0.0,1.0
0000950103-24-001900,2024-02-08T02:19:54.000Z,1548760.0,S,5578.0,0.0,0.0,1.0
0000950103-24-001900,2024-02-08T02:19:54.000Z,1548760.0,S,11544.0,0.0,0.0,1.0
0000950103-24-001900,2024-02-08T02:19:54.000Z,1548760.0,S,7896.0,0.0,0.0,1.0
0000950103-24-001900,2024-02-08T02:19:54.000Z,1548760.0,S,2440.0,0.0,0.0,1.0
0000950103-24-001900,2024-02-08T02:19:54.000Z,1548760.0,S,100.0,471.37,47137.0,1.0
0000950103-24-001899,2024-02-08T02:16:30.000Z,1548760.0,S,400.0,0.0,0.0,1.0
0000950103-24-001899,2024-02-08T02:16:30.000Z,1548760.0,S,550.0,0.0,0.0,1.0
0000950103-24-001899,2024-02-08T02:16:30.000Z,1548760.0,S,380.0,0.0,0.0,1.0
0000950103-24-001899,2024-02-08T02:16:30.000Z,1548760.0,S,500.0,0.0,0.0,1.0
0000950103-24-001899,2024-02-08T02:16:30.000Z,1548760.0,S,1500.0,0.0,0.0,1.0
0000950103-24-001899,2024-02-08T02:16:30.000Z,1548760.0,S,498.0,0.0,0.0,1.0
0000950103-24-001899,2024-02-08T02:16:30.000Z,1548760.0,S,701.0,0.0,0.0,1.0
0000950103-24-001899,2024-02-08T02:16:30.000Z,1548760.0,S,2202.0,0.0,0.0,1.0
0000950103-24-001899,2024-02-08T02:16:30.000Z,1548760.0,S,11579.0,0.0,0.0,1.0
0000950103-24-001899,2024-02-08T02:16:30.000Z,1548760.0,S,16343.0,0.0,0.0,1.0
0000950103-24-001899,2024-02-08T02:16:30.000Z,1548760.0,S,8505.0,0.0,0.0,1.0
0000950103-24-001899,2024-02-08T02:16:30.000Z,1548760.0,S,1512.0,0.0,0.0,1.0
0000950103-24-001899,2024-02-08T02:16:30.000Z,1548760.0,S,100.0,471.3,47130.0,1.0
0000950103-24-001899,2024-02-08T02:16:30.000Z,1548760.0,S,250.0,0.0,0.0,1.0
0000950103-24-001899,2024-02-08T02:16:30.000Z,1548760.0,S,200.0,0.0,0.0,1.0
0000950103-24-001899,2024-02-08T02:16:30.000Z,1548760.0,S,300.0,0.0,0.0,1.0
0000950103-24-001899,2024-02-08T02:16:30.000Z,1548760.0,S,850.0,0.0,0.0,1.0
0000950103-24-001899,2024-02-08T02:16:30.000Z,1548760.0,S,400.0,0.0,0.0,1.0
0000950103-24-001899,2024-02-08T02:16:30.000Z,1548760.0,S,1730.0,0.0,0.0,1.0
0000950103-24-001899,2024-02-08T02:16:30.000Z,1548760.0,S,5222.0,0.0,0.0,1.0
0000950103-24-001899,2024-02-08T02:16:30.000Z,1548760.0,S,6083.0,0.0,0.0,1.0
0000950103-24-001899,2024-02-08T02:16:30.000Z,1548760.0,S,2506.0,0.0,0.0,1.0
0000950103-24-001899,2024-02-08T02:16:30.000Z,1548760.0,S,384.0,0.0,0.0,1.0
0000950103-24-001898,2024-02-08T02:10:15.000Z,1548760.0,S,490.0,0.0,0.0,1.0
0000950103-24-001898,2024-02-08T02:10:15.000Z,1548760.0,S,700.0,0.0,0.0,1.0
0000950103-24-001898,2024-02-08T02:10:15.000Z,1548760.0,S,701.0,0.0,0.0,1.0
0000950103-24-001898,2024-02-08T02:10:15.000Z,1548760.0,S,500.0,0.0,0.0,1.0
0000950103-24-001898,2024-02-08T02:10:15.000Z,1548760.0,S,52.0,458.78,23856.56,1.0
0000950103-24-001898,2024-02-08T02:10:15.000Z,1548760.0,S,100.0,0.0,0.0,1.0
0000950103-24-001898,2024-02-08T02:10:15.000Z,1548760.0,S,212.0,0.0,0.0,1.0
0000950103-24-001898,2024-02-08T02:10:15.000Z,1548760.0,S,100.0,0.0,0.0,1.0
0000950103-24-001898,2024-02-08T02:10:15.000Z,1548760.0,S,50.0,466.99,23349.5,1.0
0000950103-24-001898,2024-02-08T02:10:15.000Z,1548760.0,S,3887.0,0.0,0.0,1.0
0000950103-24-001898,2024-02-08T02:10:15.000Z,1548760.0,S,7671.0,0.0,0.0,1.0
0000950103-24-001898,2024-02-08T02:10:15.000Z,1548760.0,S,5771.0,0.0,0.0,1.0
0000950103-24-001898,2024-02-08T02:10:15.000Z,1548760.0,S,6923.0,0.0,0.0,1.0
0000950103-24-001898,2024-02-08T02:10:15.000Z,1548760.0,S,2100.0,0.0,0.0,1.0
0000950103-24-001898,2024-02-08T02:10:15.000Z,1548760.0,S,203.0,0.0,0.0,1.0
0000950103-24-001898,2024-02-08T02:10:15.000Z,1548760.0,S,925.0,0.0,0.0,1.0
0000950103-24-001898,2024-02-08T02:10:15.000Z,1548760.0,S,600.0,0.0,0.0,1.0
0000950103-24-001898,2024-02-08T02:10:15.000Z,1548760.0,S,1311.0,0.0,0.0,1.0
0000950103-24-001898,2024-02-08T02:10:15.000Z,1548760.0,S,1263.0,0.0,0.0,1.0
0000950103-24-001898,2024-02-08T02:10:15.000Z,1548760.0,S,639.0,0.0,0.0,1.0
0000950103-24-001898,2024-02-08T02:10:15.000Z,1548760.0,S,200.0,0.0,0.0,1.0
0000950103-24-001897,2024-02-08T02:05:55.000Z,1548760.0,S,8336.0,0.0,0.0,1.0
0000950103-24-001897,2024-02-08T02:05:55.000Z,1548760.0,S,8485.0,0.0,0.0,1.0
0000950103-24-001897,2024-02-08T02:05:55.000Z,1548760.0,S,9987.0,0.0,0.0,1.0
0000950103-24-001897,2024-02-08T02:05:55.000Z,1548760.0,S,8617.0,0.0,0.0,1.0
0000950103-24-001897,2024-02-08T02:05:55.000Z,1548760.0,S,1951.0,0.0,0.0,1.0
0000950103-24-001897,2024-02-08T02:05:55.000Z,1548760.0,S,400.0,0.0,0.0,1.0
0000950103-24-001897,2024-02-08T02:05:55.000Z,1548760.0,S,1163.0,0.0,0.0,1.0
0000950103-24-001897,2024-02-08T02:05:55.000Z,1548760.0,S,206.0,0.0,0.0,1.0
0000950103-24-001897,2024-02-08T02:05:55.000Z,1548760.0,S,1601.0,0.0,0.0,1.0
0000950103-24-001897,2024-02-08T02:05:55.000Z,1548760.0,S,2296.0,0.0,0.0,1.0
0000950103-24-001897,2024-02-08T02:05:55.000Z,1548760.0,S,1108.0,0.0,0.0,1.0
0000950103-24-001897,2024-02-08T02:05:55.000Z,1548760.0,S,520.0,0.0,0.0,1.0
0000950103-24-001897,2024-02-08T02:05:55.000Z,1548760.0,S,100.0,466.89,46689.0,1.0
0000950103-24-001897,2024-02-08T02:05:55.000Z,1548760.0,S,3116.0,0.0,0.0,1.0
0000950103-24-001897,2024-02-08T02:05:55.000Z,1548760.0,S,3937.0,0.0,0.0,1.0
0000950103-24-001897,2024-02-08T02:05:55.000Z,1548760.0,S,4040.0,0.0,0.0,1.0
0000950103-24-001897,2024-02-08T02:05:55.000Z,1548760.0,S,3459.0,0.0,0.0,1.0
0000950103-24-001897,2024-02-08T02:05:55.000Z,1548760.0,S,522.0,0.0,0.0,1.0
0000950103-24-001897,2024-02-08T02:05:55.000Z,1548760.0,S,514.0,0.0,0.0,1.0
0000950103-24-001897,2024-02-08T02:05:55.000Z,1548760.0,S,100.0,461.46,46146.0,1.0
0000950103-24-001897,2024-02-08T02:05:55.000Z,1548760.0,S,700.0,0.0,0.0,1.0
0000950103-24-001897,2024-02-08T02:05:55.000Z,1548760.0,S,900.0,0.0,0.0,1.0
0000950103-24-001897,2024-02-08T02:05:55.000Z,1548760.0,S,400.0,0.0,0.0,1.0
0000950103-24-001897,2024-02-08T02:05:55.000Z,1548760.0,S,237.0,0.0,0.0,1.0
0000950103-24-001896,2024-02-08T02:00:11.000Z,1548760.0,S,142.0,0.0,0.0,1.0
0000950103-24-001896,2024-02-08T02:00:11.000Z,1548760.0,S,650.0,0.0,0.0,1.0
0000950103-24-001896,2024-02-08T02:00:11.000Z,1548760.0,S,1106.0,0.0,0.0,1.0
0000950103-24-001896,2024-02-08T02:00:11.000Z,1548760.0,S,300.0,0.0,0.0,1.0
0000950103-24-001896,2024-02-08T02:00:11.000Z,1548760.0,S,300.0,0.0,0.0,1.0
0000950103-24-001896,2024-02-08T02:00:11.000Z,1548760.0,S,160.0,0.0,0.0,1.0
0000950103-24-001896,2024-02-08T02:00:11.000Z,1548760.0,S,50.0,467.955,23397.75,1.0
0000950103-24-001896,2024-02-08T02:00:11.000Z,1548760.0,S,150.0,0.0,0.0,1.0
0000950103-24-001896,2024-02-08T02:00:11.000Z,1548760.0,S,47.0,470.27,22102.69,1.0
0000950103-24-001896,2024-02-08T02:00:11.000Z,1548760.0,S,780.0,0.0,0.0,1.0
0000950103-24-001896,2024-02-08T02:00:11.000Z,1548760.0,S,7665.0,0.0,0.0,1.0
0000950103-24-001896,2024-02-08T02:00:11.000Z,1548760.0,S,8777.0,0.0,0.0,1.0
0000950103-24-001896,2024-02-08T02:00:11.000Z,1548760.0,S,5586.0,0.0,0.0,1.0
0000950103-24-001896,2024-02-08T02:00:11.000Z,1548760.0,S,2629.0,0.0,0.0,1.0
0000950103-24-001896,2024-02-08T02:00:11.000Z,1548760.0,S,2105.0,0.0,0.0,1.0
0000950103-24-001896,2024-02-08T02:00:11.000Z,1548760.0,S,1001.0,0.0,0.0,1.0
0000950103-24-001896,2024-02-08T02:00:11.000Z,1548760.0,S,600.0,0.0,0.0,1.0
0000950103-24-001896,2024-02-08T02:00:11.000Z,1548760.0,S,650.0,0.0,0.0,1.0
0000950103-24-001896,2024-02-08T02:00:11.000Z,1548760.0,S,800.0,0.0,0.0,1.0
0000950103-24-001896,2024-02-08T02:00:11.000Z,1548760.0,S,800.0,0.0,0.0,1.0
0000950103-24-001896,2024-02-08T02:00:11.000Z,1548760.0,S,100.0,471.17,47117.0,1.0
0000950103-24-001895,2024-02-08T01:52:26.000Z,1548760.0,S,1614.0,0.0,0.0,1.0
0000950103-24-001895,2024-02-08T01:52:26.000Z,1548760.0,S,12662.0,0.0,0.0,1.0
0000950103-24-001895,2024-02-08T01:52:26.000Z,1548760.0,S,11899.0,0.0,0.0,1.0
0000950103-24-001895,2024-02-08T01:52:26.000Z,1548760.0,S,6956.0,0.0,0.0,1.0
0000950103-24-001895,2024-02-08T01:52:26.000Z,1548760.0,S,3685.0,0.0,0.0,1.0
0000950103-24-001895,2024-02-08T01:52:26.000Z,1548760.0,S,2335.0,0.0,0.0,1.0
0000950103-24-001895,2024-02-08T01:52:26.000Z,1548760.0,S,1300.0,0.0,0.0,1.0
0000950103-24-001895,2024-02-08T01:52:26.000Z,1548760.0,S,600.0,0.0,0.0,1.0
0000950103-24-001895,2024-02-08T01:52:26.000Z,1548760.0,S,1200.0,0.0,0.0,1.0
0000950103-24-001895,2024-02-08T01:52:26.000Z,1548760.0,S,1120.0,0.0,0.0,1.0
0000950103-24-001895,2024-02-08T01:52:26.000Z,1548760.0,S,1125.0,0.0,0.0,1.0
0000950103-24-001895,2024-02-08T01:52:26.000Z,1548760.0,S,274.0,0.0,0.0,1.0
0000950103-24-001895,2024-02-08T01:52:26.000Z,1548760.0,S,665.0,0.0,0.0,1.0
0000950103-24-001895,2024-02-08T01:52:26.000Z,1548760.0,S,4496.0,0.0,0.0,1.0
0000950103-24-001895,2024-02-08T01:52:26.000Z,1548760.0,S,5009.0,0.0,0.0,1.0
0000950103-24-001895,2024-02-08T01:52:26.000Z,1548760.0,S,3115.0,0.0,0.0,1.0
0000950103-24-001895,2024-02-08T01:52:26.000Z,1548760.0,S,1663.0,0.0,0.0,1.0
0000950103-24-001895,2024-02-08T01:52:26.000Z,1548760.0,S,854.0,0.0,0.0,1.0
0000950103-24-001895,2024-02-08T01:52:26.000Z,1548760.0,S,400.0,0.0,0.0,1.0
0000950103-24-001895,2024-02-08T01:52:26.000Z,1548760.0,S,500.0,0.0,0.0,1.0
0000950103-24-001895,2024-02-08T01:52:26.000Z,1548760.0,S,400.0,0.0,0.0,1.0
0000950103-24-001895,2024-02-08T01:52:26.000Z,1548760.0,S,673.0,0.0,0.0,1.0
0000950103-24-001895,2024-02-08T01:52:26.000Z,1548760.0,S,150.0,0.0,0.0,1.0
0000950103-24-001894,2024-02-08T00:13:39.000Z,1780525.0,S,552.0,464.0,256128.0,1.0
0000950103-24-001752,2024-02-06T02:06:11.000Z,1548760.0,S,100.0,453.5,45350.0,1.0
0000950103-24-001752,2024-02-06T02:06:11.000Z,1548760.0,S,500.0,0.0,0.0,1.0
0000950103-24-001752,2024-02-06T02:06:11.000Z,1548760.0,S,325.0,0.0,0.0,1.0
0000950103-24-001752,2024-02-06T02:06:11.000Z,1548760.0,S,323.0,0.0,0.0,1.0
0000950103-24-001752,2024-02-06T02:06:11.000Z,1548760.0,S,280.0,0.0,0.0,1.0
0000950103-24-001752,2024-02-06T02:06:11.000Z,1548760.0,S,100.0,461.785,46178.5,1.0
0000950103-24-001752,2024-02-06T02:06:11.000Z,1548760.0,S,500.0,0.0,0.0,1.0
0000950103-24-001752,2024-02-06T02:06:11.000Z,1548760.0,S,400.0,0.0,0.0,1.0
0000950103-24-001752,2024-02-06T02:06:11.000Z,1548760.0,S,94.0,466.38,43839.72,1.0
0000950103-24-001752,2024-02-06T02:06:11.000Z,1548760.0,S,100.0,467.58,46758.0,1.0
0000950103-24-001752,2024-02-06T02:06:11.000Z,1548760.0,S,300.0,0.0,0.0,1.0
0000950103-24-001752,2024-02-06T02:06:11.000Z,1548760.0,S,500.0,0.0,0.0,1.0
0000950103-24-001752,2024-02-06T02:06:11.000Z,1548760.0,S,488.0,0.0,0.0,1.0
0000950103-24-001752,2024-02-06T02:06:11.000Z,1548760.0,S,1167.0,0.0,0.0,1.0
0000950103-24-001752,2024-02-06T02:06:11.000Z,1548760.0,S,3302.0,0.0,0.0,1.0
0000950103-24-001752,2024-02-06T02:06:11.000Z,1548760.0,S,4895.0,0.0,0.0,1.0
0000950103-24-001752,2024-02-06T02:06:11.000Z,1548760.0,S,2344.0,0.0,0.0,1.0
0000950103-24-001752,2024-02-06T02:06:11.000Z,1548760.0,S,3819.0,0.0,0.0,1.0
0000950103-24-001752,2024-02-06T02:06:11.000Z,1548760.0,S,3273.0,0.0,0.0,1.0
0000950103-24-001752,2024-02-06T02:06:11.000Z,1548760.0,S,3650.0,0.0,0.0,1.0
0000950103-24-001752,2024-02-06T02:06:11.000Z,1548760.0,S,3366.0,0.0,0.0,1.0
0000950103-24-001752,2024-02-06T02:06:11.000Z,1548760.0,S,867.0,0.0,0.0,1.0
0000950103-24-001752,2024-02-06T02:06:11.000Z,1548760.0,S,300.0,0.0,0.0,1.0
0000950103-24-001752,2024-02-06T02:06:11.000Z,1548760.0,S,200.0,0.0,0.0,1.0
0000950103-24-001752,2024-02-06T02:06:11.000Z,1548760.0,S,300.0,0.0,0.0,1.0
0000950103-24-001751,2024-02-06T02:00:59.000Z,1548760.0,S,100.0,0.0,0.0,1.0
0000950103-24-001751,2024-02-06T02:00:59.000Z,1548760.0,S,50.0,459.94,22997.0,1.0
0000950103-24-001751,2024-02-06T02:00:59.000Z,1548760.0,S,50.0,461.99,23099.5,1.0
0000950103-24-001751,2024-02-06T02:00:59.000Z,1548760.0,S,50.0,464.05,23202.5,1.0
0000950103-24-001751,2024-02-06T02:00:59.000Z,1548760.0,S,25.0,468.98,11724.5,1.0
0000950103-24-001751,2024-02-06T02:00:59.000Z,1548760.0,S,100.0,0.0,0.0,1.0
0000950103-24-001751,2024-02-06T02:00:59.000Z,1548760.0,S,350.0,0.0,0.0,1.0
0000950103-24-001751,2024-02-06T02:00:59.000Z,1548760.0,S,525.0,0.0,0.0,1.0
0000950103-24-001751,2024-02-06T02:00:59.000Z,1548760.0,S,150.0,0.0,0.0,1.0
0000950103-24-001751,2024-02-06T02:00:59.000Z,1548760.0,S,605.0,0.0,0.0,1.0
0000950103-24-001751,2024-02-06T02:00:59.000Z,1548760.0,S,250.0,0.0,0.0,1.0
0000950103-24-001751,2024-02-06T02:00:59.000Z,1548760.0,S,400.0,0.0,0.0,1.0
0000950103-24-001751,2024-02-06T02:00:59.000Z,1548760.0,S,100.0,0.0,0.0,1.0
0000950103-24-001751,2024-02-06T02:00:59.000Z,1548760.0,S,100.0,0.0,0.0,1.0
0000950103-24-001751,2024-02-06T02:00:59.000Z,1548760.0,S,50.0,485.22,24261.0,1.0
0000950103-24-001750,2024-02-06T01:56:11.000Z,1548760.0,S,200.0,0.0,0.0,1.0
0000950103-24-001750,2024-02-06T01:56:11.000Z,1548760.0,S,100.0,455.7,45570.0,1.0
0000950103-24-001750,2024-02-06T01:56:11.000Z,1548760.0,S,250.0,0.0,0.0,1.0
0000950103-24-001750,2024-02-06T01:56:11.000Z,1548760.0,S,442.0,0.0,0.0,1.0
0000950103-24-001750,2024-02-06T01:56:11.000Z,1548760.0,S,350.0,0.0,0.0,1.0
0000950103-24-001750,2024-02-06T01:56:11.000Z,1548760.0,S,234.0,0.0,0.0,1.0
0000950103-24-001750,2024-02-06T01:56:11.000Z,1548760.0,S,100.0,466.83,46683.0,1.0
0000950103-24-001750,2024-02-06T01:56:11.000Z,1548760.0,S,200.0,0.0,0.0,1.0
0000950103-24-001750,2024-02-06T01:56:11.000Z,1548760.0,S,200.0,0.0,0.0,1.0
0000950103-24-001750,2024-02-06T01:56:11.000Z,1548760.0,S,400.0,0.0,0.0,1.0
0000950103-24-001750,2024-02-06T01:56:11.000Z,1548760.0,S,901.0,0.0,0.0,1.0
0000950103-24-001750,2024-02-06T01:56:11.000Z,1548760.0,S,2201.0,0.0,0.0,1.0
0000950103-24-001750,2024-02-06T01:56:11.000Z,1548760.0,S,1971.0,0.0,0.0,1.0
0000950103-24-001750,2024-02-06T01:56:11.000Z,1548760.0,S,2079.0,0.0,0.0,1.0
0000950103-24-001750,2024-02-06T01:56:11.000Z,1548760.0,S,2545.0,0.0,0.0,1.0
0000950103-24-001750,2024-02-06T01:56:11.000Z,1548760.0,S,1477.0,0.0,0.0,1.0
0000950103-24-001750,2024-02-06T01:56:11.000Z,1548760.0,S,2330.0,0.0,0.0,1.0
0000950103-24-001750,2024-02-06T01:56:11.000Z,1548760.0,S,1498.0,0.0,0.0,1.0
0000950103-24-001750,2024-02-06T01:56:11.000Z,1548760.0,S,150.0,0.0,0.0,1.0
0000950103-24-001750,2024-02-06T01:56:11.000Z,1548760.0,S,100.0,483.24,48324.0,1.0
0000950103-24-001750,2024-02-06T01:56:11.000Z,1548760.0,S,197.0,0.0,0.0,1.0
0000950103-24-001749,2024-02-06T01:53:25.000Z,1548760.0,S,473.0,0.0,0.0,1.0
0000950103-24-001749,2024-02-06T01:53:25.000Z,1548760.0,S,450.0,0.0,0.0,1.0
0000950103-24-001749,2024-02-06T01:53:25.000Z,1548760.0,S,100.0,457.35,45735.0,1.0
0000950103-24-001749,2024-02-06T01:53:25.000Z,1548760.0,S,300.0,0.0,0.0,1.0
0000950103-24-001749,2024-02-06T01:53:25.000Z,1548760.0,S,510.0,0.0,0.0,1.0
0000950103-24-001749,2024-02-06T01:53:25.000Z,1548760.0,S,367.0,0.0,0.0,1.0
0000950103-24-001749,2024-02-06T01:53:25.000Z,1548760.0,S,300.0,0.0,0.0,1.0
0000950103-24-001749,2024-02-06T01:53:25.000Z,1548760.0,S,645.0,0.0,0.0,1.0
0000950103-24-001749,2024-02-06T01:53:25.000Z,1548760.0,S,500.0,0.0,0.0,1.0
0000950103-24-001749,2024-02-06T01:53:25.000Z,1548760.0,S,125.0,0.0,0.0,1.0
0000950103-24-001749,2024-02-06T01:53:25.000Z,1548760.0,S,195.0,0.0,0.0,1.0
0000950103-24-001749,2024-02-06T01:53:25.000Z,1548760.0,S,400.0,0.0,0.0,1.0
0000950103-24-001749,2024-02-06T01:53:25.000Z,1548760.0,S,800.0,0.0,0.0,1.0
0000950103-24-001749,2024-02-06T01:53:25.000Z,1548760.0,S,474.0,0.0,0.0,1.0
0000950103-24-001749,2024-02-06T01:53:25.000Z,1548760.0,S,1700.0,0.0,0.0,1.0
0000950103-24-001749,2024-02-06T01:53:25.000Z,1548760.0,S,3620.0,0.0,0.0,1.0
0000950103-24-001749,2024-02-06T01:53:25.000Z,1548760.0,S,6006.0,0.0,0.0,1.0
0000950103-24-001749,2024-02-06T01:53:25.000Z,1548760.0,S,4843.0,0.0,0.0,1.0
0000950103-24-001749,2024-02-06T01:53:25.000Z,1548760.0,S,5131.0,0.0,0.0,1.0
0000950103-24-001749,2024-02-06T01:53:25.000Z,1548760.0,S,4351.0,0.0,0.0,1.0
0000950103-24-001749,2024-02-06T01:53:25.000Z,1548760.0,S,4449.0,0.0,0.0,1.0
0000950103-24-001749,2024-02-06T01:53:25.000Z,1548760.0,S,6032.0,0.0,0.0,1.0
0000950103-24-001749,2024-02-06T01:53:25.000Z,1548760.0,S,1899.0,0.0,0.0,1.0
0000950103-24-001749,2024-02-06T01:53:25.000Z,1548760.0,S,300.0,0.0,0.0,1.0
0000950103-24-001749,2024-02-06T01:53:25.000Z,1548760.0,S,200.0,0.0,0.0,1.0
0000950103-24-001749,2024-02-06T01:53:25.000Z,1548760.0,S,600.0,0.0,0.0,1.0
0000950103-24-001748,2024-02-06T01:49:36.000Z,1548760.0,S,704.0,0.0,0.0,1.0
0000950103-24-001748,2024-02-06T01:49:36.000Z,1548760.0,S,1833.0,0.0,0.0,1.0
0000950103-24-001748,2024-02-06T01:49:36.000Z,1548760.0,S,3226.0,0.0,0.0,1.0
0000950103-24-001748,2024-02-06T01:49:36.000Z,1548760.0,S,2311.0,0.0,0.0,1.0
0000950103-24-001748,2024-02-06T01:49:36.000Z,1548760.0,S,1704.0,0.0,0.0,1.0
0000950103-24-001748,2024-02-06T01:49:36.000Z,1548760.0,S,1798.0,0.0,0.0,1.0
0000950103-24-001748,2024-02-06T01:49:36.000Z,1548760.0,S,600.0,0.0,0.0,1.0
0000950103-24-001748,2024-02-06T01:49:36.000Z,1548760.0,S,571.0,0.0,0.0,1.0
0000950103-24-001748,2024-02-06T01:49:36.000Z,1548760.0,S,1295.0,0.0,0.0,1.0
0000950103-24-001748,2024-02-06T01:49:36.000Z,1548760.0,S,1100.0,0.0,0.0,1.0
0000950103-24-001748,2024-02-06T01:49:36.000Z,1548760.0,S,339.0,0.0,0.0,1.0
0000950103-24-001748,2024-02-06T01:49:36.000Z,1548760.0,S,895.0,0.0,0.0,1.0
0000950103-24-001748,2024-02-06T01:49:36.000Z,1548760.0,S,800.0,0.0,0.0,1.0
0000950103-24-001748,2024-02-06T01:49:36.000Z,1548760.0,S,386.0,0.0,0.0,1.0
0000950103-24-001748,2024-02-06T01:49:36.000Z,1548760.0,S,550.0,0.0,0.0,1.0
0000950103-24-001748,2024-02-06T01:49:36.000Z,1548760.0,S,750.0,0.0,0.0,1.0
0000950103-24-001748,2024-02-06T01:49:36.000Z,1548760.0,S,301.0,0.0,0.0,1.0
0000950103-24-001748,2024-02-06T01:49:36.000Z,1548760.0,S,550.0,0.0,0.0,1.0
0000950103-24-001748,2024-02-06T01:49:36.000Z,1548760.0,S,368.0,0.0,0.0,1.0
0000950103-24-001631,2024-02-01T23:21:23.000Z,1780525.0,S,566.0,404.0,228664.0,1.0
0000950103-24-001543,2024-02-01T02:14:07.000Z,1548760.0,S,200.0,0.0,0.0,1.0
0000950103-24-001543,2024-02-01T02:14:07.000Z,1548760.0,S,945.0,0.0,0.0,1.0
0000950103-24-001543,2024-02-01T02:14:07.000Z,1548760.0,S,1504.0,0.0,0.0,1.0
0000950103-24-001543,2024-02-01T02:14:07.000Z,1548760.0,S,1399.0,0.0,0.0,1.0
0000950103-24-001543,2024-02-01T02:14:07.000Z,1548760.0,S,2278.0,0.0,0.0,1.0
0000950103-24-001543,2024-02-01T02:14:07.000Z,1548760.0,S,3143.0,0.0,0.0,1.0
0000950103-24-001543,2024-02-01T02:14:07.000Z,1548760.0,S,1707.0,0.0,0.0,1.0
0000950103-24-001543,2024-02-01T02:14:07.000Z,1548760.0,S,800.0,0.0,0.0,1.0
0000950103-24-001543,2024-02-01T02:14:07.000Z,1548760.0,S,100.0,0.0,0.0,1.0
0000950103-24-001543,2024-02-01T02:14:07.000Z,1548760.0,S,377.0,0.0,0.0,1.0
0000950103-24-001543,2024-02-01T02:14:07.000Z,1548760.0,S,550.0,0.0,0.0,1.0
0000950103-24-001543,2024-02-01T02:14:07.000Z,1548760.0,S,860.0,0.0,0.0,1.0
0000950103-24-001543,2024-02-01T02:14:07.000Z,1548760.0,S,1078.0,0.0,0.0,1.0
0000950103-24-001543,2024-02-01T02:14:07.000Z,1548760.0,S,1081.0,0.0,0.0,1.0
0000950103-24-001543,2024-02-01T02:14:07.000Z,1548760.0,S,445.0,0.0,0.0,1.0
0000950103-24-001543,2024-02-01T02:14:07.000Z,1548760.0,S,309.0,0.0,0.0,1.0
0000950103-24-001543,2024-02-01T02:14:07.000Z,1548760.0,S,100.0,0.0,0.0,1.0
0000950103-24-001543,2024-02-01T02:14:07.000Z,1548760.0,S,255.0,0.0,0.0,1.0
0000950103-24-001543,2024-02-01T02:14:07.000Z,1548760.0,S,250.0,0.0,0.0,1.0
0000950103-24-001543,2024-02-01T02:14:07.000Z,1548760.0,S,550.0,0.0,0.0,1.0
0000950103-24-001543,2024-02-01T02:14:07.000Z,1548760.0,S,450.0,0.0,0.0,1.0
0000950103-24-001543,2024-02-01T02:14:07.000Z,1548760.0,S,700.0,0.0,0.0,1.0
0000950103-24-001543,2024-02-01T02:14:07.000Z,1548760.0,S,500.0,0.0,0.0,1.0
0000950103-24-001543,2024-02-01T02:14:07.000Z,1548760.0,S,100.0,0.0,0.0,1.0
0000950103-24-001542,2024-02-01T02:11:35.000Z,1548760.0,S,5271.0,0.0,0.0,1.0
0000950103-24-001542,2024-02-01T02:11:35.000Z,1548760.0,S,11487.0,0.0,0.0,1.0
0000950103-24-001542,2024-02-01T02:11:35.000Z,1548760.0,S,7424.0,0.0,0.0,1.0
0000950103-24-001542,2024-02-01T02:11:35.000Z,1548760.0,S,4120.0,0.0,0.0,1.0
0000950103-24-001542,2024-02-01T02:11:35.000Z,1548760.0,S,4981.0,0.0,0.0,1.0
0000950103-24-001542,2024-02-01T02:11:35.000Z,1548760.0,S,9256.0,0.0,0.0,1.0
0000950103-24-001542,2024-02-01T02:11:35.000Z,1548760.0,S,2231.0,0.0,0.0,1.0
0000950103-24-001542,2024-02-01T02:11:35.000Z,1548760.0,S,2027.0,0.0,0.0,1.0
0000950103-24-001542,2024-02-01T02:11:35.000Z,1548760.0,S,4381.0,0.0,0.0,1.0
0000950103-24-001542,2024-02-01T02:11:35.000Z,1548760.0,S,3078.0,0.0,0.0,1.0
0000950103-24-001542,2024-02-01T02:11:35.000Z,1548760.0,S,2067.0,0.0,0.0,1.0
0000950103-24-001542,2024-02-01T02:11:35.000Z,1548760.0,S,1902.0,0.0,0.0,1.0
0000950103-24-001542,2024-02-01T02:11:35.000Z,1548760.0,S,3871.0,0.0,0.0,1.0
0000950103-24-001542,2024-02-01T02:11:35.000Z,1548760.0,S,599.0,0.0,0.0,1.0
0000950103-24-001542,2024-02-01T02:11:35.000Z,1548760.0,S,343.0,0.0,0.0,1.0
0000950103-24-001542,2024-02-01T02:11:35.000Z,1548760.0,S,850.0,0.0,0.0,1.0
0000950103-24-001542,2024-02-01T02:11:35.000Z,1548760.0,S,507.0,0.0,0.0,1.0
0000950103-24-001542,2024-02-01T02:11:35.000Z,1548760.0,S,305.0,0.0,0.0,1.0
0000950103-24-001542,2024-02-01T02:11:35.000Z,1548760.0,S,500.0,0.0,0.0,1.0
0000950103-24-001542,2024-02-01T02:11:35.000Z,1548760.0,S,400.0,0.0,0.0,1.0
0000950103-24-001541,2024-02-01T02:09:11.000Z,1548760.0,S,200.0,0.0,0.0,1.0
0000950103-24-001541,2024-02-01T02:09:11.000Z,1548760.0,S,100.0,394.6,39460.0,1.0
0000950103-24-001541,2024-02-01T02:09:11.000Z,1548760.0,S,216.0,0.0,0.0,1.0
0000950103-24-001541,2024-02-01T02:09:11.000Z,1548760.0,S,658.0,0.0,0.0,1.0
0000950103-24-001541,2024-02-01T02:09:11.000Z,1548760.0,S,3380.0,0.0,0.0,1.0
0000950103-24-001541,2024-02-01T02:09:11.000Z,1548760.0,S,5213.0,0.0,0.0,1.0
0000950103-24-001541,2024-02-01T02:09:11.000Z,1548760.0,S,19825.0,0.0,0.0,1.0
0000950103-24-001541,2024-02-01T02:09:11.000Z,1548760.0,S,8333.0,0.0,0.0,1.0
0000950103-24-001541,2024-02-01T02:09:11.000Z,1548760.0,S,6845.0,0.0,0.0,1.0
0000950103-24-001541,2024-02-01T02:09:11.000Z,1548760.0,S,50.0,393.24,19662.0,1.0
0000950103-24-001541,2024-02-01T02:09:11.000Z,1548760.0,S,100.0,0.0,0.0,1.0
0000950103-24-001541,2024-02-01T02:09:11.000Z,1548760.0,S,143.0,0.0,0.0,1.0
0000950103-24-001541,2024-02-01T02:09:11.000Z,1548760.0,S,1612.0,0.0,0.0,1.0
0000950103-24-001541,2024-02-01T02:09:11.000Z,1548760.0,S,2979.0,0.0,0.0,1.0
0000950103-24-001541,2024-02-01T02:09:11.000Z,1548760.0,S,7868.0,0.0,0.0,1.0
0000950103-24-001541,2024-02-01T02:09:11.000Z,1548760.0,S,2616.0,0.0,0.0,1.0
0000950103-24-001541,2024-02-01T02:09:11.000Z,1548760.0,S,2557.0,0.0,0.0,1.0
0000950103-24-001541,2024-02-01T02:09:11.000Z,1548760.0,S,50.0,393.36,19668.0,1.0
0000950103-24-001541,2024-02-01T02:09:11.000Z,1548760.0,S,50.0,395.03,19751.5,1.0
0000950103-24-001541,2024-02-01T02:09:11.000Z,1548760.0,S,109.0,0.0,0.0,1.0
0000950103-24-001541,2024-02-01T02:09:11.000Z,1548760.0,S,869.0,0.0,0.0,1.0
0000950103-24-001541,2024-02-01T02:09:11.000Z,1548760.0,S,450.0,0.0,0.0,1.0
0000950103-24-001541,2024-02-01T02:09:11.000Z,1548760.0,S,881.0,0.0,0.0,1.0
0000950103-24-001541,2024-02-01T02:09:11.000Z,1548760.0,S,296.0,0.0,0.0,1.0
0000950103-24-001541,2024-02-01T02:09:11.000Z,1548760.0,S,200.0,0.0,0.0,1.0
0000950103-24-001530,2024-01-31T23:08:01.000Z,1564475.0,S,6500.0,400.0,2600000.0,1.0
0000950103-24-001253,2024-01-30T01:17:01.000Z,1548760.0,S,899.0,0.0,0.0,1.0
0000950103-24-001253,2024-01-30T01:17:01.000Z,1548760.0,S,2096.0,0.0,0.0,1.0
0000950103-24-001253,2024-01-30T01:17:01.000Z,1548760.0,S,2173.0,0.0,0.0,1.0
0000950103-24-001253,2024-01-30T01:17:01.000Z,1548760.0,S,3620.0,0.0,0.0,1.0
0000950103-24-001253,2024-01-30T01:17:01.000Z,1548760.0,S,3188.0,0.0,0.0,1.0
0000950103-24-001253,2024-01-30T01:17:01.000Z,1548760.0,S,876.0,0.0,0.0,1.0
0000950103-24-001253,2024-01-30T01:17:01.000Z,1548760.0,S,774.0,0.0,0.0,1.0
0000950103-24-001253,2024-01-30T01:17:01.000Z,1548760.0,S,1050.0,0.0,0.0,1.0
0000950103-24-001253,2024-01-30T01:17:01.000Z,1548760.0,S,2000.0,0.0,0.0,1.0
0000950103-24-001253,2024-01-30T01:17:01.000Z,1548760.0,S,100.0,396.59,39659.0,1.0
0000950103-24-001253,2024-01-30T01:17:01.000Z,1548760.0,S,608.0,0.0,0.0,1.0
0000950103-24-001253,2024-01-30T01:17:01.000Z,1548760.0,S,492.0,0.0,0.0,1.0
0000950103-24-001253,2024-01-30T01:17:01.000Z,1548760.0,S,550.0,0.0,0.0,1.0
0000950103-24-001253,2024-01-30T01:17:01.000Z,1548760.0,S,1155.0,0.0,0.0,1.0
0000950103-24-001253,2024-01-30T01:17:01.000Z,1548760.0,S,100.0,0.0,0.0,1.0
0000950103-24-001251,2024-01-30T01:13:04.000Z,1548760.0,S,100.0,386.995,38699.5,1.0
0000950103-24-001251,2024-01-30T01:13:04.000Z,1548760.0,S,200.0,0.0,0.0,1.0
0000950103-24-001251,2024-01-30T01:13:04.000Z,1548760.0,S,377.0,0.0,0.0,1.0
0000950103-24-001251,2024-01-30T01:13:04.000Z,1548760.0,S,1300.0,0.0,0.0,1.0
0000950103-24-001251,2024-01-30T01:13:04.000Z,1548760.0,S,3587.0,0.0,0.0,1.0
0000950103-24-001251,2024-01-30T01:13:04.000Z,1548760.0,S,3496.0,0.0,0.0,1.0
0000950103-24-001251,2024-01-30T01:13:04.000Z,1548760.0,S,2637.0,0.0,0.0,1.0
0000950103-24-001251,2024-01-30T01:13:04.000Z,1548760.0,S,279.0,0.0,0.0,1.0
0000950103-24-001251,2024-01-30T01:13:04.000Z,1548760.0,S,50.0,386.13,19306.5,1.0
0000950103-24-001251,2024-01-30T01:13:04.000Z,1548760.0,S,50.0,387.4,19370.0,1.0
0000950103-24-001251,2024-01-30T01:13:04.000Z,1548760.0,S,150.0,0.0,0.0,1.0
0000950103-24-001251,2024-01-30T01:13:04.000Z,1548760.0,S,468.0,0.0,0.0,1.0
0000950103-24-001251,2024-01-30T01:13:04.000Z,1548760.0,S,1112.0,0.0,0.0,1.0
0000950103-24-001251,2024-01-30T01:13:04.000Z,1548760.0,S,1783.0,0.0,0.0,1.0
0000950103-24-001251,2024-01-30T01:13:04.000Z,1548760.0,S,987.0,0.0,0.0,1.0
0000950103-24-001251,2024-01-30T01:13:04.000Z,1548760.0,S,200.0,0.0,0.0,1.0
0000950103-24-001251,2024-01-30T01:13:04.000Z,1548760.0,S,50.0,388.68,19434.0,1.0
0000950103-24-001251,2024-01-30T01:13:04.000Z,1548760.0,S,100.0,0.0,0.0,1.0
0000950103-24-001251,2024-01-30T01:13:04.000Z,1548760.0,S,372.0,0.0,0.0,1.0
0000950103-24-001251,2024-01-30T01:13:04.000Z,1548760.0,S,900.0,0.0,0.0,1.0
0000950103-24-001251,2024-01-30T01:13:04.000Z,1548760.0,S,833.0,0.0,0.0,1.0
0000950103-24-001251,2024-01-30T01:13:04.000Z,1548760.0,S,600.0,0.0,0.0,1.0
0000950103-24-001251,2024-01-30T01:13:04.000Z,1548760.0,S,50.0,395.36,19768.0,1.0
0000950103-24-001190,2024-01-26T23:19:09.000Z,1564475.0,S,4500.0,395.0,1777500.0,1.0
0000950103-24-001152,2024-01-26T00:03:27.000Z,1780525.0,S,566.0,385.0,217910.0,1.0
0000950103-24-001096,2024-01-25T01:58:24.000Z,1548760.0,S,700.0,0.0,0.0,1.0
0000950103-24-001096,2024-01-25T01:58:24.000Z,1548760.0,S,689.0,0.0,0.0,1.0
0000950103-24-001096,2024-01-25T01:58:24.000Z,1548760.0,S,1786.0,0.0,0.0,1.0
0000950103-24-001096,2024-01-25T01:58:24.000Z,1548760.0,S,3950.0,0.0,0.0,1.0
0000950103-24-001096,2024-01-25T01:58:24.000Z,1548760.0,S,1984.0,0.0,0.0,1.0
0000950103-24-001096,2024-01-25T01:58:24.000Z,1548760.0,S,1567.0,0.0,0.0,1.0
0000950103-24-001096,2024-01-25T01:58:24.000Z,1548760.0,S,1000.0,0.0,0.0,1.0
0000950103-24-001096,2024-01-25T01:58:24.000Z,1548760.0,S,300.0,0.0,0.0,1.0
0000950103-24-001096,2024-01-25T01:58:24.000Z,1548760.0,S,353.0,0.0,0.0,1.0
0000950103-24-001096,2024-01-25T01:58:24.000Z,1548760.0,S,777.0,0.0,0.0,1.0
0000950103-24-001096,2024-01-25T01:58:24.000Z,1548760.0,S,1269.0,0.0,0.0,1.0
0000950103-24-001096,2024-01-25T01:58:24.000Z,1548760.0,S,1043.0,0.0,0.0,1.0
0000950103-24-001096,2024-01-25T01:58:24.000Z,1548760.0,S,792.0,0.0,0.0,1.0
0000950103-24-001096,2024-01-25T01:58:24.000Z,1548760.0,S,466.0,0.0,0.0,1.0
0000950103-24-001096,2024-01-25T01:58:24.000Z,1548760.0,S,100.0,395.9,39590.0,1.0
0000950103-24-001096,2024-01-25T01:58:24.000Z,1548760.0,S,300.0,0.0,0.0,1.0
0000950103-24-001096,2024-01-25T01:58:24.000Z,1548760.0,S,282.0,0.0,0.0,1.0
0000950103-24-001096,2024-01-25T01:58:24.000Z,1548760.0,S,779.0,0.0,0.0,1.0
0000950103-24-001096,2024-01-25T01:58:24.000Z,1548760.0,S,659.0,0.0,0.0,1.0
0000950103-24-001096,2024-01-25T01:58:24.000Z,1548760.0,S,435.0,0.0,0.0,1.0
0000950103-24-001096,2024-01-25T01:58:24.000Z,1548760.0,S,350.0,0.0,0.0,1.0
0000950103-24-001096,2024-01-25T01:58:24.000Z,1548760.0,S,100.0,0.0,0.0,1.0
0000950103-24-001095,2024-01-25T01:53:49.000Z,1548760.0,S,680.0,0.0,0.0,1.0
0000950103-24-001095,2024-01-25T01:53:49.000Z,1548760.0,S,2275.0,0.0,0.0,1.0
0000950103-24-001095,2024-01-25T01:53:49.000Z,1548760.0,S,2205.0,0.0,0.0,1.0
0000950103-24-001095,2024-01-25T01:53:49.000Z,1548760.0,S,3511.0,0.0,0.0,1.0
0000950103-24-001095,2024-01-25T01:53:49.000Z,1548760.0,S,2405.0,0.0,0.0,1.0
0000950103-24-001095,2024-01-25T01:53:49.000Z,1548760.0,S,800.0,0.0,0.0,1.0
0000950103-24-001095,2024-01-25T01:53:49.000Z,1548760.0,S,100.0,388.26,38826.0,1.0
0000950103-24-001095,2024-01-25T01:53:49.000Z,1548760.0,S,460.0,0.0,0.0,1.0
0000950103-24-001095,2024-01-25T01:53:49.000Z,1548760.0,S,1000.0,0.0,0.0,1.0
0000950103-24-001095,2024-01-25T01:53:49.000Z,1548760.0,S,1209.0,0.0,0.0,1.0
0000950103-24-001095,2024-01-25T01:53:49.000Z,1548760.0,S,1117.0,0.0,0.0,1.0
0000950103-24-001095,2024-01-25T01:53:49.000Z,1548760.0,S,914.0,0.0,0.0,1.0
0000950103-24-001095,2024-01-25T01:53:49.000Z,1548760.0,S,100.0,388.3,38830.0,1.0
0000950103-24-001095,2024-01-25T01:53:49.000Z,1548760.0,S,301.0,0.0,0.0,1.0
0000950103-24-001095,2024-01-25T01:53:49.000Z,1548760.0,S,518.0,0.0,0.0,1.0
0000950103-24-001095,2024-01-25T01:53:49.000Z,1548760.0,S,785.0,0.0,0.0,1.0
0000950103-24-001095,2024-01-25T01:53:49.000Z,1548760.0,S,750.0,0.0,0.0,1.0
0000950103-24-001095,2024-01-25T01:53:49.000Z,1548760.0,S,451.0,0.0,0.0,1.0
0000950103-24-001095,2024-01-25T01:53:49.000Z,1548760.0,S,100.0,0.0,0.0,1.0
0000950103-24-001094,2024-01-25T01:47:18.000Z,1548760.0,S,3075.0,0.0,0.0,1.0
0000950103-24-001094,2024-01-25T01:47:18.000Z,1548760.0,S,1496.0,0.0,0.0,1.0
0000950103-24-001094,2024-01-25T01:47:18.000Z,1548760.0,S,1900.0,0.0,0.0,1.0
0000950103-24-001094,2024-01-25T01:47:18.000Z,1548760.0,S,2105.0,0.0,0.0,1.0
0000950103-24-001094,2024-01-25T01:47:18.000Z,1548760.0,S,900.0,0.0,0.0,1.0
0000950103-24-001094,2024-01-25T01:47:18.000Z,1548760.0,S,1600.0,0.0,0.0,1.0
0000950103-24-001094,2024-01-25T01:47:18.000Z,1548760.0,S,400.0,0.0,0.0,1.0
0000950103-24-001094,2024-01-25T01:47:18.000Z,1548760.0,S,500.0,0.0,0.0,1.0
0000950103-24-001094,2024-01-25T01:47:18.000Z,1548760.0,S,872.0,0.0,0.0,1.0
0000950103-24-001094,2024-01-25T01:47:18.000Z,1548760.0,S,1003.0,0.0,0.0,1.0
0000950103-24-001094,2024-01-25T01:47:18.000Z,1548760.0,S,1225.0,0.0,0.0,1.0
0000950103-24-001094,2024-01-25T01:47:18.000Z,1548760.0,S,400.0,0.0,0.0,1.0
0000950103-24-001094,2024-01-25T01:47:18.000Z,1548760.0,S,400.0,0.0,0.0,1.0
0000950103-24-001094,2024-01-25T01:47:18.000Z,1548760.0,S,700.0,0.0,0.0,1.0
0000950103-24-001094,2024-01-25T01:47:18.000Z,1548760.0,S,200.0,0.0,0.0,1.0
0000950103-24-001094,2024-01-25T01:47:18.000Z,1548760.0,S,650.0,0.0,0.0,1.0
0000950103-24-001094,2024-01-25T01:47:18.000Z,1548760.0,S,500.0,0.0,0.0,1.0
0000950103-24-001094,2024-01-25T01:47:18.000Z,1548760.0,S,650.0,0.0,0.0,1.0
0000950103-24-001094,2024-01-25T01:47:18.000Z,1548760.0,S,351.0,0.0,0.0,1.0
0000950103-24-001094,2024-01-25T01:47:18.000Z,1548760.0,S,203.0,0.0,0.0,1.0
0000950103-24-001094,2024-01-25T01:47:18.000Z,1548760.0,S,350.0,0.0,0.0,1.0
0000950103-24-001094,2024-01-25T01:47:18.000Z,1548760.0,S,150.0,0.0,0.0,1.0
0000950103-24-001094,2024-01-25T01:47:18.000Z,1548760.0,S,51.0,0.0,0.0,1.0
0000950103-24-001091,2024-01-24T23:23:14.000Z,1564475.0,S,4500.0,387.8,1745100.0,1.0
0000950103-24-001091,2024-01-24T23:23:14.000Z,1564475.0,S,4500.0,390.0,1755000.0,1.0
0000950103-24-000981,2024-01-23T00:20:02.000Z,1548760.0,S,400.0,0.0,0.0,1.0
0000950103-24-000981,2024-01-23T00:20:02.000Z,1548760.0,S,610.0,0.0,0.0,1.0
0000950103-24-000981,2024-01-23T00:20:02.000Z,1548760.0,S,3098.0,0.0,0.0,1.0
0000950103-24-000981,2024-01-23T00:20:02.000Z,1548760.0,S,3060.0,0.0,0.0,1.0
0000950103-24-000981,2024-01-23T00:20:02.000Z,1548760.0,S,3148.0,0.0,0.0,1.0
0000950103-24-000981,2024-01-23T00:20:02.000Z,1548760.0,S,1660.0,0.0,0.0,1.0
0000950103-24-000981,2024-01-23T00:20:02.000Z,1548760.0,S,350.0,0.0,0.0,1.0
0000950103-24-000981,2024-01-23T00:20:02.000Z,1548760.0,S,1461.0,0.0,0.0,1.0
0000950103-24-000981,2024-01-23T00:20:02.000Z,1548760.0,S,1115.0,0.0,0.0,1.0
0000950103-24-000981,2024-01-23T00:20:02.000Z,1548760.0,S,1127.0,0.0,0.0,1.0
0000950103-24-000981,2024-01-23T00:20:02.000Z,1548760.0,S,747.0,0.0,0.0,1.0
0000950103-24-000981,2024-01-23T00:20:02.000Z,1548760.0,S,50.0,378.11,18905.5,1.0
0000950103-24-000981,2024-01-23T00:20:02.000Z,1548760.0,S,350.0,0.0,0.0,1.0
0000950103-24-000981,2024-01-23T00:20:02.000Z,1548760.0,S,1050.0,0.0,0.0,1.0
0000950103-24-000981,2024-01-23T00:20:02.000Z,1548760.0,S,400.0,0.0,0.0,1.0
0000950103-24-000981,2024-01-23T00:20:02.000Z,1548760.0,S,792.0,0.0,0.0,1.0
0000950103-24-000981,2024-01-23T00:20:02.000Z,1548760.0,S,263.0,0.0,0.0,1.0
0000950103-24-000979,2024-01-23T00:16:09.000Z,1548760.0,S,1100.0,0.0,0.0,1.0
0000950103-24-000979,2024-01-23T00:16:09.000Z,1548760.0,S,2106.0,0.0,0.0,1.0
0000950103-24-000979,2024-01-23T00:16:09.000Z,1548760.0,S,2264.0,0.0,0.0,1.0
0000950103-24-000979,2024-01-23T00:16:09.000Z,1548760.0,S,3040.0,0.0,0.0,1.0
0000950103-24-000979,2024-01-23T00:16:09.000Z,1548760.0,S,3366.0,0.0,0.0,1.0
0000950103-24-000979,2024-01-23T00:16:09.000Z,1548760.0,S,100.0,376.71,37671.0,1.0
0000950103-24-000979,2024-01-23T00:16:09.000Z,1548760.0,S,353.0,0.0,0.0,1.0
0000950103-24-000979,2024-01-23T00:16:09.000Z,1548760.0,S,1051.0,0.0,0.0,1.0
0000950103-24-000979,2024-01-23T00:16:09.000Z,1548760.0,S,801.0,0.0,0.0,1.0
0000950103-24-000979,2024-01-23T00:16:09.000Z,1548760.0,S,1632.0,0.0,0.0,1.0
0000950103-24-000979,2024-01-23T00:16:09.000Z,1548760.0,S,863.0,0.0,0.0,1.0
0000950103-24-000979,2024-01-23T00:16:09.000Z,1548760.0,S,100.0,376.81,37681.0,1.0
0000950103-24-000979,2024-01-23T00:16:09.000Z,1548760.0,S,409.0,0.0,0.0,1.0
0000950103-24-000979,2024-01-23T00:16:09.000Z,1548760.0,S,624.0,0.0,0.0,1.0
0000950103-24-000979,2024-01-23T00:16:09.000Z,1548760.0,S,385.0,0.0,0.0,1.0
0000950103-24-000979,2024-01-23T00:16:09.000Z,1548760.0,S,1050.0,0.0,0.0,1.0
0000950103-24-000979,2024-01-23T00:16:09.000Z,1548760.0,S,437.0,0.0,0.0,1.0
0000950103-24-000847,2024-01-18T23:20:22.000Z,1780525.0,S,566.0,373.58,211446.28,1.0
0000950103-24-000753,2024-01-18T02:26:07.000Z,1548760.0,S,200.0,0.0,0.0,1.0
0000950103-24-000753,2024-01-18T02:26:07.000Z,1548760.0,S,500.0,0.0,0.0,1.0
0000950103-24-000753,2024-01-18T02:26:07.000Z,1548760.0,S,1347.0,0.0,0.0,1.0
0000950103-24-000753,2024-01-18T02:26:07.000Z,1548760.0,S,1108.0,0.0,0.0,1.0
0000950103-24-000753,2024-01-18T02:26:07.000Z,1548760.0,S,1315.0,0.0,0.0,1.0
0000950103-24-000753,2024-01-18T02:26:07.000Z,1548760.0,S,4382.0,0.0,0.0,1.0
0000950103-24-000753,2024-01-18T02:26:07.000Z,1548760.0,S,2243.0,0.0,0.0,1.0
0000950103-24-000753,2024-01-18T02:26:07.000Z,1548760.0,S,454.0,0.0,0.0,1.0
0000950103-24-000753,2024-01-18T02:26:07.000Z,1548760.0,S,427.0,0.0,0.0,1.0
0000950103-24-000753,2024-01-18T02:26:07.000Z,1548760.0,S,94.0,358.93,33739.42,1.0
0000950103-24-000753,2024-01-18T02:26:07.000Z,1548760.0,S,509.0,0.0,0.0,1.0
0000950103-24-000753,2024-01-18T02:26:07.000Z,1548760.0,S,500.0,0.0,0.0,1.0
0000950103-24-000753,2024-01-18T02:26:07.000Z,1548760.0,S,550.0,0.0,0.0,1.0
0000950103-24-000753,2024-01-18T02:26:07.000Z,1548760.0,S,735.0,0.0,0.0,1.0
0000950103-24-000753,2024-01-18T02:26:07.000Z,1548760.0,S,1950.0,0.0,0.0,1.0
0000950103-24-000753,2024-01-18T02:26:07.000Z,1548760.0,S,300.0,0.0,0.0,1.0
0000950103-24-000753,2024-01-18T02:26:07.000Z,1548760.0,S,162.0,0.0,0.0,1.0
0000950103-24-000753,2024-01-18T02:26:07.000Z,1548760.0,S,50.0,360.02,18001.0,1.0
0000950103-24-000753,2024-01-18T02:26:07.000Z,1548760.0,S,309.0,0.0,0.0,1.0
0000950103-24-000753,2024-01-18T02:26:07.000Z,1548760.0,S,300.0,0.0,0.0,1.0
0000950103-24-000753,2024-01-18T02:26:07.000Z,1548760.0,S,299.0,0.0,0.0,1.0
0000950103-24-000753,2024-01-18T02:26:07.000Z,1548760.0,S,600.0,0.0,0.0,1.0
0000950103-24-000753,2024-01-18T02:26:07.000Z,1548760.0,S,1010.0,0.0,0.0,1.0
0000950103-24-000753,2024-01-18T02:26:07.000Z,1548760.0,S,200.0,0.0,0.0,1.0
0000950103-24-000753,2024-01-18T02:26:07.000Z,1548760.0,S,137.0,0.0,0.0,1.0
0000950103-24-000752,2024-01-18T02:19:42.000Z,1548760.0,S,846.0,0.0,0.0,1.0
0000950103-24-000752,2024-01-18T02:19:42.000Z,1548760.0,S,3805.0,0.0,0.0,1.0
0000950103-24-000752,2024-01-18T02:19:42.000Z,1548760.0,S,3993.0,0.0,0.0,1.0
0000950103-24-000752,2024-01-18T02:19:42.000Z,1548760.0,S,2178.0,0.0,0.0,1.0
0000950103-24-000752,2024-01-18T02:19:42.000Z,1548760.0,S,400.0,0.0,0.0,1.0
0000950103-24-000752,2024-01-18T02:19:42.000Z,1548760.0,S,256.0,0.0,0.0,1.0
0000950103-24-000752,2024-01-18T02:19:42.000Z,1548760.0,S,498.0,0.0,0.0,1.0
0000950103-24-000752,2024-01-18T02:19:42.000Z,1548760.0,S,294.0,0.0,0.0,1.0
0000950103-24-000752,2024-01-18T02:19:42.000Z,1548760.0,S,1693.0,0.0,0.0,1.0
0000950103-24-000752,2024-01-18T02:19:42.000Z,1548760.0,S,1676.0,0.0,0.0,1.0
0000950103-24-000752,2024-01-18T02:19:42.000Z,1548760.0,S,669.0,0.0,0.0,1.0
0000950103-24-000752,2024-01-18T02:19:42.000Z,1548760.0,S,200.0,0.0,0.0,1.0
0000950103-24-000752,2024-01-18T02:19:42.000Z,1548760.0,S,100.0,0.0,0.0,1.0
0000950103-24-000752,2024-01-18T02:19:42.000Z,1548760.0,S,168.0,0.0,0.0,1.0
0000950103-24-000752,2024-01-18T02:19:42.000Z,1548760.0,S,210.0,0.0,0.0,1.0
0000950103-24-000752,2024-01-18T02:19:42.000Z,1548760.0,S,881.0,0.0,0.0,1.0
0000950103-24-000752,2024-01-18T02:19:42.000Z,1548760.0,S,914.0,0.0,0.0,1.0
0000950103-24-000752,2024-01-18T02:19:42.000Z,1548760.0,S,650.0,0.0,0.0,1.0
0000950103-24-000752,2024-01-18T02:19:42.000Z,1548760.0,S,50.0,371.81,18590.5,1.0
0000950103-24-000752,2024-01-18T02:19:42.000Z,1548760.0,S,100.0,0.0,0.0,1.0
0000950103-24-000752,2024-01-18T02:19:42.000Z,1548760.0,S,100.0,0.0,0.0,1.0
0000950103-24-000705,2024-01-17T01:35:39.000Z,1548760.0,S,600.0,0.0,0.0,1.0
0000950103-24-000705,2024-01-17T01:35:39.000Z,1548760.0,S,400.0,0.0,0.0,1.0
0000950103-24-000705,2024-01-17T01:35:39.000Z,1548760.0,S,1800.0,0.0,0.0,1.0
0000950103-24-000705,2024-01-17T01:35:39.000Z,1548760.0,S,5588.0,0.0,0.0,1.0
0000950103-24-000705,2024-01-17T01:35:39.000Z,1548760.0,S,3088.0,0.0,0.0,1.0
0000950103-24-000705,2024-01-17T01:35:39.000Z,1548760.0,S,500.0,0.0,0.0,1.0
0000950103-24-000705,2024-01-17T01:35:39.000Z,1548760.0,S,250.0,0.0,0.0,1.0
0000950103-24-000705,2024-01-17T01:35:39.000Z,1548760.0,S,150.0,0.0,0.0,1.0
0000950103-24-000705,2024-01-17T01:35:39.000Z,1548760.0,S,1209.0,0.0,0.0,1.0
0000950103-24-000705,2024-01-17T01:35:39.000Z,1548760.0,S,2186.0,0.0,0.0,1.0
0000950103-24-000705,2024-01-17T01:35:39.000Z,1548760.0,S,805.0,0.0,0.0,1.0
0000950103-24-000705,2024-01-17T01:35:39.000Z,1548760.0,S,200.0,0.0,0.0,1.0
0000950103-24-000705,2024-01-17T01:35:39.000Z,1548760.0,S,180.0,0.0,0.0,1.0
0000950103-24-000705,2024-01-17T01:35:39.000Z,1548760.0,S,549.0,0.0,0.0,1.0
0000950103-24-000705,2024-01-17T01:35:39.000Z,1548760.0,S,1350.0,0.0,0.0,1.0
0000950103-24-000705,2024-01-17T01:35:39.000Z,1548760.0,S,726.0,0.0,0.0,1.0
0000950103-24-000705,2024-01-17T01:35:39.000Z,1548760.0,S,100.0,0.0,0.0,1.0
0000950103-24-000703,2024-01-17T01:23:47.000Z,1548760.0,S,900.0,0.0,0.0,1.0
0000950103-24-000703,2024-01-17T01:23:47.000Z,1548760.0,S,1200.0,0.0,0.0,1.0
0000950103-24-000703,2024-01-17T01:23:47.000Z,1548760.0,S,940.0,0.0,0.0,1.0
0000950103-24-000703,2024-01-17T01:23:47.000Z,1548760.0,S,1000.0,0.0,0.0,1.0
0000950103-24-000703,2024-01-17T01:23:47.000Z,1548760.0,S,3043.0,0.0,0.0,1.0
0000950103-24-000703,2024-01-17T01:23:47.000Z,1548760.0,S,1878.0,0.0,0.0,1.0
0000950103-24-000703,2024-01-17T01:23:47.000Z,1548760.0,S,2515.0,0.0,0.0,1.0
0000950103-24-000703,2024-01-17T01:23:47.000Z,1548760.0,S,300.0,0.0,0.0,1.0
0000950103-24-000703,2024-01-17T01:23:47.000Z,1548760.0,S,200.0,372.22,74444.0,1.0
0000950103-24-000703,2024-01-17T01:23:47.000Z,1548760.0,S,600.0,0.0,0.0,1.0
0000950103-24-000703,2024-01-17T01:23:47.000Z,1548760.0,S,400.0,0.0,0.0,1.0
0000950103-24-000703,2024-01-17T01:23:47.000Z,1548760.0,S,400.0,0.0,0.0,1.0
0000950103-24-000703,2024-01-17T01:23:47.000Z,1548760.0,S,700.0,0.0,0.0,1.0
0000950103-24-000703,2024-01-17T01:23:47.000Z,1548760.0,S,1003.0,0.0,0.0,1.0
0000950103-24-000703,2024-01-17T01:23:47.000Z,1548760.0,S,893.0,0.0,0.0,1.0
0000950103-24-000703,2024-01-17T01:23:47.000Z,1548760.0,S,504.0,0.0,0.0,1.0
0000950103-24-000703,2024-01-17T01:23:47.000Z,1548760.0,S,300.0,0.0,0.0,1.0
0000950103-24-000703,2024-01-17T01:23:47.000Z,1548760.0,S,300.0,0.0,0.0,1.0
0000950103-24-000703,2024-01-17T01:23:47.000Z,1548760.0,S,400.0,0.0,0.0,1.0
0000950103-24-000703,2024-01-17T01:23:47.000Z,1548760.0,S,100.0,366.17,36617.0,1.0
0000950103-24-000703,2024-01-17T01:23:47.000Z,1548760.0,S,700.0,0.0,0.0,1.0
0000950103-24-000703,2024-01-17T01:23:47.000Z,1548760.0,S,904.0,0.0,0.0,1.0
0000950103-24-000703,2024-01-17T01:23:47.000Z,1548760.0,S,301.0,0.0,0.0,1.0
0000950103-24-000703,2024-01-17T01:23:47.000Z,1548760.0,S,200.0,372.22,74444.0,1.0
0000950103-24-000603,2024-01-11T23:23:16.000Z,1780525.0,S,566.0,356.4,201722.4,1.0
0000950103-24-000543,2024-01-11T02:50:15.000Z,1548760.0,S,100.0,0.0,0.0,1.0
0000950103-24-000543,2024-01-11T02:50:15.000Z,1548760.0,S,50.0,361.97,18098.5,1.0
0000950103-24-000543,2024-01-11T02:50:15.000Z,1548760.0,S,300.0,0.0,0.0,1.0
0000950103-24-000543,2024-01-11T02:50:15.000Z,1548760.0,S,500.0,0.0,0.0,1.0
0000950103-24-000543,2024-01-11T02:50:15.000Z,1548760.0,S,411.0,0.0,0.0,1.0
0000950103-24-000543,2024-01-11T02:50:15.000Z,1548760.0,S,484.0,0.0,0.0,1.0
0000950103-24-000543,2024-01-11T02:50:15.000Z,1548760.0,S,760.0,0.0,0.0,1.0
0000950103-24-000543,2024-01-11T02:50:15.000Z,1548760.0,S,250.0,0.0,0.0,1.0
0000950103-24-000543,2024-01-11T02:50:15.000Z,1548760.0,S,50.0,372.7,18635.0,1.0
0000950103-24-000542,2024-01-11T02:48:14.000Z,1548760.0,S,100.0,359.17,35917.0,1.0
0000950103-24-000542,2024-01-11T02:48:14.000Z,1548760.0,S,256.0,0.0,0.0,1.0
0000950103-24-000542,2024-01-11T02:48:14.000Z,1548760.0,S,100.0,362.02,36202.0,1.0
0000950103-24-000542,2024-01-11T02:48:14.000Z,1548760.0,S,200.0,0.0,0.0,1.0
0000950103-24-000542,2024-01-11T02:48:14.000Z,1548760.0,S,800.0,0.0,0.0,1.0
0000950103-24-000542,2024-01-11T02:48:14.000Z,1548760.0,S,1905.0,0.0,0.0,1.0
0000950103-24-000542,2024-01-11T02:48:14.000Z,1548760.0,S,1585.0,0.0,0.0,1.0
0000950103-24-000542,2024-01-11T02:48:14.000Z,1548760.0,S,671.0,0.0,0.0,1.0
0000950103-24-000542,2024-01-11T02:48:14.000Z,1548760.0,S,2592.0,0.0,0.0,1.0
0000950103-24-000542,2024-01-11T02:48:14.000Z,1548760.0,S,2218.0,0.0,0.0,1.0
0000950103-24-000542,2024-01-11T02:48:14.000Z,1548760.0,S,1249.0,0.0,0.0,1.0
0000950103-24-000542,2024-01-11T02:48:14.000Z,1548760.0,S,300.0,0.0,0.0,1.0
0000950103-24-000542,2024-01-11T02:48:14.000Z,1548760.0,S,150.0,0.0,0.0,1.0
0000950103-24-000542,2024-01-11T02:48:14.000Z,1548760.0,S,50.0,361.27,18063.5,1.0
0000950103-24-000542,2024-01-11T02:48:14.000Z,1548760.0,S,50.0,363.34,18167.0,1.0
0000950103-24-000542,2024-01-11T02:48:14.000Z,1548760.0,S,339.0,0.0,0.0,1.0
0000950103-24-000542,2024-01-11T02:48:14.000Z,1548760.0,S,962.0,0.0,0.0,1.0
0000950103-24-000542,2024-01-11T02:48:14.000Z,1548760.0,S,527.0,0.0,0.0,1.0
0000950103-24-000542,2024-01-11T02:48:14.000Z,1548760.0,S,202.0,0.0,0.0,1.0
0000950103-24-000542,2024-01-11T02:48:14.000Z,1548760.0,S,1018.0,0.0,0.0,1.0
0000950103-24-000542,2024-01-11T02:48:14.000Z,1548760.0,S,1102.0,0.0,0.0,1.0
0000950103-24-000542,2024-01-11T02:48:14.000Z,1548760.0,S,400.0,0.0,0.0,1.0
0000950103-24-000541,2024-01-11T02:16:14.000Z,1548760.0,S,1700.0,0.0,0.0,1.0
0000950103-24-000541,2024-01-11T02:16:14.000Z,1548760.0,S,2025.0,0.0,0.0,1.0
0000950103-24-000541,2024-01-11T02:16:14.000Z,1548760.0,S,3696.0,0.0,0.0,1.0
0000950103-24-000541,2024-01-11T02:16:14.000Z,1548760.0,S,4235.0,0.0,0.0,1.0
0000950103-24-000541,2024-01-11T02:16:14.000Z,1548760.0,S,320.0,0.0,0.0,1.0
0000950103-24-000541,2024-01-11T02:16:14.000Z,1548760.0,S,900.0,0.0,0.0,1.0
0000950103-24-000541,2024-01-11T02:16:14.000Z,1548760.0,S,666.0,0.0,0.0,1.0
0000950103-24-000541,2024-01-11T02:16:14.000Z,1548760.0,S,1934.0,0.0,0.0,1.0
0000950103-24-000541,2024-01-11T02:16:14.000Z,1548760.0,S,1200.0,0.0,0.0,1.0
0000950103-24-000541,2024-01-11T02:16:14.000Z,1548760.0,S,100.0,360.43,36043.0,1.0
0000950103-24-000541,2024-01-11T02:16:14.000Z,1548760.0,S,617.0,0.0,0.0,1.0
0000950103-24-000541,2024-01-11T02:16:14.000Z,1548760.0,S,382.0,0.0,0.0,1.0
0000950103-24-000541,2024-01-11T02:16:14.000Z,1548760.0,S,1005.0,0.0,0.0,1.0
0000950103-24-000541,2024-01-11T02:16:14.000Z,1548760.0,S,800.0,0.0,0.0,1.0
0000950103-24-000541,2024-01-11T02:16:14.000Z,1548760.0,S,101.0,0.0,0.0,1.0
0000950103-24-000540,2024-01-11T02:10:12.000Z,1548760.0,S,1135.0,0.0,0.0,1.0
0000950103-24-000540,2024-01-11T02:10:12.000Z,1548760.0,S,2062.0,0.0,0.0,1.0
0000950103-24-000540,2024-01-11T02:10:12.000Z,1548760.0,S,2930.0,0.0,0.0,1.0
0000950103-24-000540,2024-01-11T02:10:12.000Z,1548760.0,S,2706.0,0.0,0.0,1.0
0000950103-24-000540,2024-01-11T02:10:12.000Z,1548760.0,S,1215.0,0.0,0.0,1.0
0000950103-24-000540,2024-01-11T02:10:12.000Z,1548760.0,S,1532.0,0.0,0.0,1.0
0000950103-24-000540,2024-01-11T02:10:12.000Z,1548760.0,S,396.0,0.0,0.0,1.0
0000950103-24-000540,2024-01-11T02:10:12.000Z,1548760.0,S,600.0,0.0,0.0,1.0
0000950103-24-000540,2024-01-11T02:10:12.000Z,1548760.0,S,1160.0,0.0,0.0,1.0
0000950103-24-000540,2024-01-11T02:10:12.000Z,1548760.0,S,972.0,0.0,0.0,1.0
0000950103-24-000540,2024-01-11T02:10:12.000Z,1548760.0,S,1121.0,0.0,0.0,1.0
0000950103-24-000540,2024-01-11T02:10:12.000Z,1548760.0,S,400.0,0.0,0.0,1.0
0000950103-24-000540,2024-01-11T02:10:12.000Z,1548760.0,S,547.0,0.0,0.0,1.0
0000950103-24-000540,2024-01-11T02:10:12.000Z,1548760.0,S,400.0,0.0,0.0,1.0
0000950103-24-000540,2024-01-11T02:10:12.000Z,1548760.0,S,707.0,0.0,0.0,1.0
0000950103-24-000540,2024-01-11T02:10:12.000Z,1548760.0,S,550.0,0.0,0.0,1.0
0000950103-24-000540,2024-01-11T02:10:12.000Z,1548760.0,S,650.0,0.0,0.0,1.0
0000950103-24-000540,2024-01-11T02:10:12.000Z,1548760.0,S,200.0,0.0,0.0,1.0
0000950103-24-000540,2024-01-11T02:10:12.000Z,1548760.0,S,316.0,0.0,0.0,1.0
0000950103-24-000540,2024-01-11T02:10:12.000Z,1548760.0,S,82.0,0.0,0.0,1.0
0000950103-24-000447,2024-01-08T23:09:23.000Z,1548760.0,S,3503.0,0.0,0.0,1.0
0000950103-24-000447,2024-01-08T23:09:23.000Z,1548760.0,S,5673.0,0.0,0.0,1.0
0000950103-24-000447,2024-01-08T23:09:23.000Z,1548760.0,S,2700.0,0.0,0.0,1.0
0000950103-24-000447,2024-01-08T23:09:23.000Z,1548760.0,S,100.0,0.0,0.0,1.0
0000950103-24-000447,2024-01-08T23:09:23.000Z,1548760.0,S,1449.0,0.0,0.0,1.0
0000950103-24-000447,2024-01-08T23:09:23.000Z,1548760.0,S,2151.0,0.0,0.0,1.0
0000950103-24-000447,2024-01-08T23:09:23.000Z,1548760.0,S,1050.0,0.0,0.0,1.0
0000950103-24-000447,2024-01-08T23:09:23.000Z,1548760.0,S,150.0,0.0,0.0,1.0
0000950103-24-000447,2024-01-08T23:09:23.000Z,1548760.0,S,967.0,0.0,0.0,1.0
0000950103-24-000447,2024-01-08T23:09:23.000Z,1548760.0,S,1388.0,0.0,0.0,1.0
0000950103-24-000447,2024-01-08T23:09:23.000Z,1548760.0,S,550.0,0.0,0.0,1.0
0000950103-24-000228,2024-01-04T00:21:06.000Z,1780525.0,S,566.0,351.55,198977.3,1.0
0000950103-24-000216,2024-01-03T23:32:50.000Z,1548760.0,S,400.0,0.0,0.0,1.0
0000950103-24-000216,2024-01-03T23:32:50.000Z,1548760.0,S,257.0,0.0,0.0,1.0
0000950103-24-000216,2024-01-03T23:32:50.000Z,1548760.0,S,150.0,0.0,0.0,1.0
0000950103-24-000216,2024-01-03T23:32:50.000Z,1548760.0,S,100.0,0.0,0.0,1.0
0000950103-24-000216,2024-01-03T23:32:50.000Z,1548760.0,S,100.0,0.0,0.0,1.0
0000950103-24-000216,2024-01-03T23:32:50.000Z,1548760.0,S,57.0,0.0,0.0,1.0
0000950103-24-000068,2024-01-03T00:15:15.000Z,1548760.0,S,2014.0,0.0,0.0,1.0
0000950103-24-000068,2024-01-03T00:15:15.000Z,1548760.0,S,3817.0,0.0,0.0,1.0
0000950103-24-000068,2024-01-03T00:15:15.000Z,1548760.0,S,1896.0,0.0,0.0,1.0
0000950103-24-000068,2024-01-03T00:15:15.000Z,1548760.0,S,955.0,0.0,0.0,1.0
0000950103-24-000068,2024-01-03T00:15:15.000Z,1548760.0,S,2186.0,0.0,0.0,1.0
0000950103-24-000068,2024-01-03T00:15:15.000Z,1548760.0,S,799.0,0.0,0.0,1.0
0000950103-24-000068,2024-01-03T00:15:15.000Z,1548760.0,S,309.0,0.0,0.0,1.0
0000950103-24-000068,2024-01-03T00:15:15.000Z,1548760.0,S,940.0,0.0,0.0,1.0
0000950103-24-000068,2024-01-03T00:15:15.000Z,1548760.0,S,1419.0,0.0,0.0,1.0
0000950103-24-000068,2024-01-03T00:15:15.000Z,1548760.0,S,741.0,0.0,0.0,1.0
0000950103-24-000068,2024-01-03T00:15:15.000Z,1548760.0,S,650.0,0.0,0.0,1.0
0000950103-24-000068,2024-01-03T00:15:15.000Z,1548760.0,S,750.0,0.0,0.0,1.0
0000950103-24-000068,2024-01-03T00:15:15.000Z,1548760.0,S,150.0,0.0,0.0,1.0
0000950103-24-000068,2024-01-03T00:15:15.000Z,1548760.0,S,150.0,0.0,0.0,1.0
0000950103-24-000068,2024-01-03T00:15:15.000Z,1548760.0,S,450.0,0.0,0.0,1.0
0000950103-24-000068,2024-01-03T00:15:15.000Z,1548760.0,S,878.0,0.0,0.0,1.0
0000950103-24-000068,2024-01-03T00:15:15.000Z,1548760.0,S,527.0,0.0,0.0,1.0
0000950103-24-000068,2024-01-03T00:15:15.000Z,1548760.0,S,150.0,0.0,0.0,1.0
0000950103-24-000068,2024-01-03T00:15:15.000Z,1548760.0,S,600.0,0.0,0.0,1.0
0000950103-24-000068,2024-01-03T00:15:15.000Z,1548760.0,S,200.0,0.0,0.0,1.0
0000950103-24-000068,2024-01-03T00:15:15.000Z,1548760.0,S,100.0,0.0,0.0,1.0
0000950103-24-000063,2024-01-02T23:52:18.000Z,1548760.0,S,4172.0,0.0,0.0,1.0
0000950103-24-000063,2024-01-02T23:52:18.000Z,1548760.0,S,13069.0,0.0,0.0,1.0
0000950103-24-000063,2024-01-02T23:52:18.000Z,1548760.0,S,8549.0,0.0,0.0,1.0
0000950103-24-000063,2024-01-02T23:52:18.000Z,1548760.0,S,4089.0,0.0,0.0,1.0
0000950103-24-000063,2024-01-02T23:52:18.000Z,1548760.0,S,2972.0,0.0,0.0,1.0
0000950103-24-000063,2024-01-02T23:52:18.000Z,1548760.0,S,5176.0,0.0,0.0,1.0
0000950103-24-000063,2024-01-02T23:52:18.000Z,1548760.0,S,3246.0,0.0,0.0,1.0
0000950103-24-000063,2024-01-02T23:52:18.000Z,1548760.0,S,581.0,0.0,0.0,1.0
0000950103-24-000063,2024-01-02T23:52:18.000Z,1548760.0,S,845.0,0.0,0.0,1.0
0000950103-24-000063,2024-01-02T23:52:18.000Z,1548760.0,S,2516.0,0.0,0.0,1.0
0000950103-24-000063,2024-01-02T23:52:18.000Z,1548760.0,S,1846.0,0.0,0.0,1.0
0000950103-24-000063,2024-01-02T23:52:18.000Z,1548760.0,S,603.0,0.0,0.0,1.0
0000950103-24-000062,2024-01-02T23:46:28.000Z,1607459.0,S,10000.0,0.0,0.0,1.0
0000950103-23-018067,2023-12-28T23:10:02.000Z,1780525.0,S,566.0,354.9,200873.4,1.0
0000950103-23-018004,2023-12-28T00:18:26.000Z,1548760.0,S,5527.0,0.0,0.0,1.0
0000950103-23-018004,2023-12-28T00:18:26.000Z,1548760.0,S,16344.0,0.0,0.0,1.0
0000950103-23-018004,2023-12-28T00:18:26.000Z,1548760.0,S,7834.0,0.0,0.0,1.0
0000950103-23-018004,2023-12-28T00:18:26.000Z,1548760.0,S,200.0,358.93,71786.0,1.0
0000950103-23-018004,2023-12-28T00:18:26.000Z,1548760.0,S,713.0,0.0,0.0,1.0
0000950103-23-018004,2023-12-28T00:18:26.000Z,1548760.0,S,5923.0,0.0,0.0,1.0
0000950103-23-018004,2023-12-28T00:18:26.000Z,1548760.0,S,5039.0,0.0,0.0,1.0
0000950103-23-018004,2023-12-28T00:18:26.000Z,1548760.0,S,300.0,0.0,0.0,1.0
0000950103-23-018004,2023-12-28T00:18:26.000Z,1548760.0,S,300.0,0.0,0.0,1.0
0000950103-23-018004,2023-12-28T00:18:26.000Z,1548760.0,S,2669.0,0.0,0.0,1.0
0000950103-23-018004,2023-12-28T00:18:26.000Z,1548760.0,S,2691.0,0.0,0.0,1.0
0000950103-23-018004,2023-12-28T00:18:26.000Z,1548760.0,S,150.0,0.0,0.0,1.0
0000950103-23-018003,2023-12-28T00:14:15.000Z,1548760.0,S,7125.0,0.0,0.0,1.0
0000950103-23-018003,2023-12-28T00:14:15.000Z,1548760.0,S,15368.0,0.0,0.0,1.0
0000950103-23-018003,2023-12-28T00:14:15.000Z,1548760.0,S,7012.0,0.0,0.0,1.0
0000950103-23-018003,2023-12-28T00:14:15.000Z,1548760.0,S,400.0,0.0,0.0,1.0
0000950103-23-018003,2023-12-28T00:14:15.000Z,1548760.0,S,2652.0,0.0,0.0,1.0
0000950103-23-018003,2023-12-28T00:14:15.000Z,1548760.0,S,6301.0,0.0,0.0,1.0
0000950103-23-018003,2023-12-28T00:14:15.000Z,1548760.0,S,2722.0,0.0,0.0,1.0
0000950103-23-018003,2023-12-28T00:14:15.000Z,1548760.0,S,300.0,0.0,0.0,1.0
0000950103-23-018003,2023-12-28T00:14:15.000Z,1548760.0,S,1503.0,0.0,0.0,1.0
0000950103-23-018003,2023-12-28T00:14:15.000Z,1548760.0,S,3094.0,0.0,0.0,1.0
0000950103-23-018003,2023-12-28T00:14:15.000Z,1548760.0,S,1113.0,0.0,0.0,1.0
0000950103-23-018003,2023-12-28T00:14:15.000Z,1548760.0,S,100.0,0.0,0.0,1.0
0000950103-23-017928,2023-12-26T23:09:37.000Z,1548760.0,S,2568.0,0.0,0.0,1.0
0000950103-23-017928,2023-12-26T23:09:37.000Z,1548760.0,S,10893.0,0.0,0.0,1.0
0000950103-23-017928,2023-12-26T23:09:37.000Z,1548760.0,S,5813.0,0.0,0.0,1.0
0000950103-23-017928,2023-12-26T23:09:37.000Z,1548760.0,S,5850.0,0.0,0.0,1.0
0000950103-23-017928,2023-12-26T23:09:37.000Z,1548760.0,S,3660.0,0.0,0.0,1.0
0000950103-23-017928,2023-12-26T23:09:37.000Z,1548760.0,S,1121.0,0.0,0.0,1.0
0000950103-23-017928,2023-12-26T23:09:37.000Z,1548760.0,S,1341.0,0.0,0.0,1.0
0000950103-23-017928,2023-12-26T23:09:37.000Z,1548760.0,S,4810.0,0.0,0.0,1.0
0000950103-23-017928,2023-12-26T23:09:37.000Z,1548760.0,S,1701.0,0.0,0.0,1.0
0000950103-23-017928,2023-12-26T23:09:37.000Z,1548760.0,S,2551.0,0.0,0.0,1.0
0000950103-23-017928,2023-12-26T23:09:37.000Z,1548760.0,S,1269.0,0.0,0.0,1.0
0000950103-23-017928,2023-12-26T23:09:37.000Z,1548760.0,S,303.0,0.0,0.0,1.0
0000950103-23-017928,2023-12-26T23:09:37.000Z,1548760.0,S,300.0,0.0,0.0,1.0
0000950103-23-017928,2023-12-26T23:09:37.000Z,1548760.0,S,1932.0,0.0,0.0,1.0
0000950103-23-017928,2023-12-26T23:09:37.000Z,1548760.0,S,1478.0,0.0,0.0,1.0
0000950103-23-017928,2023-12-26T23:09:37.000Z,1548760.0,S,1100.0,0.0,0.0,1.0
0000950103-23-017928,2023-12-26T23:09:37.000Z,1548760.0,S,750.0,0.0,0.0,1.0
0000950103-23-017928,2023-12-26T23:09:37.000Z,1548760.0,S,250.0,0.0,0.0,1.0
0000950103-23-017927,2023-12-26T23:05:13.000Z,1548760.0,S,2164.0,0.0,0.0,1.0
0000950103-23-017927,2023-12-26T23:05:13.000Z,1548760.0,S,3906.0,0.0,0.0,1.0
0000950103-23-017927,2023-12-26T23:05:13.000Z,1548760.0,S,11799.0,0.0,0.0,1.0
0000950103-23-017927,2023-12-26T23:05:13.000Z,1548760.0,S,5647.0,0.0,0.0,1.0
0000950103-23-017927,2023-12-26T23:05:13.000Z,1548760.0,S,3622.0,0.0,0.0,1.0
0000950103-23-017927,2023-12-26T23:05:13.000Z,1548760.0,S,1287.0,0.0,0.0,1.0
0000950103-23-017927,2023-12-26T23:05:13.000Z,1548760.0,S,1480.0,0.0,0.0,1.0
0000950103-23-017927,2023-12-26T23:05:13.000Z,1548760.0,S,1302.0,0.0,0.0,1.0
0000950103-23-017927,2023-12-26T23:05:13.000Z,1548760.0,S,2857.0,0.0,0.0,1.0
0000950103-23-017927,2023-12-26T23:05:13.000Z,1548760.0,S,4246.0,0.0,0.0,1.0
0000950103-23-017927,2023-12-26T23:05:13.000Z,1548760.0,S,1832.0,0.0,0.0,1.0
0000950103-23-017927,2023-12-26T23:05:13.000Z,1548760.0,S,988.0,0.0,0.0,1.0
0000950103-23-017927,2023-12-26T23:05:13.000Z,1548760.0,S,700.0,0.0,0.0,1.0
0000950103-23-017927,2023-12-26T23:05:13.000Z,1548760.0,S,50.0,356.3,17815.0,1.0
0000950103-23-017927,2023-12-26T23:05:13.000Z,1548760.0,S,650.0,0.0,0.0,1.0
0000950103-23-017927,2023-12-26T23:05:13.000Z,1548760.0,S,2161.0,0.0,0.0,1.0
0000950103-23-017927,2023-12-26T23:05:13.000Z,1548760.0,S,1437.0,0.0,0.0,1.0
0000950103-23-017927,2023-12-26T23:05:13.000Z,1548760.0,S,950.0,0.0,0.0,1.0
0000950103-23-017927,2023-12-26T23:05:13.000Z,1548760.0,S,362.0,0.0,0.0,1.0
0000950103-23-017927,2023-12-26T23:05:13.000Z,1548760.0,S,250.0,0.0,0.0,1.0
0000950103-23-017796,2023-12-21T23:11:32.000Z,1607459.0,S,10000.0,0.0,0.0,1.0
0000950103-23-017795,2023-12-21T23:09:02.000Z,1780525.0,S,566.0,345.65,195637.9,1.0
0000950103-23-017757,2023-12-21T01:43:23.000Z,1548760.0,S,1079.0,0.0,0.0,1.0
0000950103-23-017757,2023-12-21T01:43:23.000Z,1548760.0,S,3002.0,0.0,0.0,1.0
0000950103-23-017757,2023-12-21T01:43:23.000Z,1548760.0,S,3698.0,0.0,0.0,1.0
0000950103-23-017757,2023-12-21T01:43:23.000Z,1548760.0,S,4089.0,0.0,0.0,1.0
0000950103-23-017757,2023-12-21T01:43:23.000Z,1548760.0,S,11009.0,0.0,0.0,1.0
0000950103-23-017757,2023-12-21T01:43:23.000Z,1548760.0,S,5789.0,0.0,0.0,1.0
0000950103-23-017757,2023-12-21T01:43:23.000Z,1548760.0,S,500.0,0.0,0.0,1.0
0000950103-23-017757,2023-12-21T01:43:23.000Z,1548760.0,S,1076.0,0.0,0.0,1.0
0000950103-23-017757,2023-12-21T01:43:23.000Z,1548760.0,S,1869.0,0.0,0.0,1.0
0000950103-23-017757,2023-12-21T01:43:23.000Z,1548760.0,S,2164.0,0.0,0.0,1.0
0000950103-23-017757,2023-12-21T01:43:23.000Z,1548760.0,S,3801.0,0.0,0.0,1.0
0000950103-23-017757,2023-12-21T01:43:23.000Z,1548760.0,S,2461.0,0.0,0.0,1.0
0000950103-23-017757,2023-12-21T01:43:23.000Z,1548760.0,S,335.0,0.0,0.0,1.0
0000950103-23-017757,2023-12-21T01:43:23.000Z,1548760.0,S,50.0,347.96,17398.0,1.0
0000950103-23-017757,2023-12-21T01:43:23.000Z,1548760.0,S,797.0,0.0,0.0,1.0
0000950103-23-017757,2023-12-21T01:43:23.000Z,1548760.0,S,750.0,0.0,0.0,1.0
0000950103-23-017757,2023-12-21T01:43:23.000Z,1548760.0,S,704.0,0.0,0.0,1.0
0000950103-23-017757,2023-12-21T01:43:23.000Z,1548760.0,S,2310.0,0.0,0.0,1.0
0000950103-23-017757,2023-12-21T01:43:23.000Z,1548760.0,S,1026.0,0.0,0.0,1.0
0000950103-23-017756,2023-12-21T01:39:16.000Z,1548760.0,S,300.0,0.0,0.0,1.0
0000950103-23-017756,2023-12-21T01:39:16.000Z,1548760.0,S,395.0,0.0,0.0,1.0
0000950103-23-017756,2023-12-21T01:39:16.000Z,1548760.0,S,600.0,0.0,0.0,1.0
0000950103-23-017756,2023-12-21T01:39:16.000Z,1548760.0,S,6493.0,0.0,0.0,1.0
0000950103-23-017756,2023-12-21T01:39:16.000Z,1548760.0,S,14370.0,0.0,0.0,1.0
0000950103-23-017756,2023-12-21T01:39:16.000Z,1548760.0,S,4713.0,0.0,0.0,1.0
0000950103-23-017756,2023-12-21T01:39:16.000Z,1548760.0,S,3034.0,0.0,0.0,1.0
0000950103-23-017756,2023-12-21T01:39:16.000Z,1548760.0,S,100.0,345.7,34570.0,1.0
0000950103-23-017756,2023-12-21T01:39:16.000Z,1548760.0,S,389.0,0.0,0.0,1.0
0000950103-23-017756,2023-12-21T01:39:16.000Z,1548760.0,S,400.0,0.0,0.0,1.0
0000950103-23-017756,2023-12-21T01:39:16.000Z,1548760.0,S,5779.0,0.0,0.0,1.0
0000950103-23-017756,2023-12-21T01:39:16.000Z,1548760.0,S,3341.0,0.0,0.0,1.0
0000950103-23-017756,2023-12-21T01:39:16.000Z,1548760.0,S,1716.0,0.0,0.0,1.0
0000950103-23-017756,2023-12-21T01:39:16.000Z,1548760.0,S,250.0,0.0,0.0,1.0
0000950103-23-017756,2023-12-21T01:39:16.000Z,1548760.0,S,50.0,345.455,17272.75,1.0
0000950103-23-017756,2023-12-21T01:39:16.000Z,1548760.0,S,137.0,0.0,0.0,1.0
0000950103-23-017756,2023-12-21T01:39:16.000Z,1548760.0,S,1217.0,0.0,0.0,1.0
0000950103-23-017756,2023-12-21T01:39:16.000Z,1548760.0,S,2604.0,0.0,0.0,1.0
0000950103-23-017756,2023-12-21T01:39:16.000Z,1548760.0,S,1202.0,0.0,0.0,1.0
0000950103-23-017756,2023-12-21T01:39:16.000Z,1548760.0,S,600.0,0.0,0.0,1.0
0000950103-23-017755,2023-12-21T01:33:15.000Z,1548760.0,S,300.0,0.0,0.0,1.0
0000950103-23-017755,2023-12-21T01:33:15.000Z,1548760.0,S,397.0,0.0,0.0,1.0
0000950103-23-017755,2023-12-21T01:33:15.000Z,1548760.0,S,1152.0,0.0,0.0,1.0
0000950103-23-017755,2023-12-21T01:33:15.000Z,1548760.0,S,903.0,0.0,0.0,1.0
0000950103-23-017755,2023-12-21T01:33:15.000Z,1548760.0,S,2768.0,0.0,0.0,1.0
0000950103-23-017755,2023-12-21T01:33:15.000Z,1548760.0,S,1756.0,0.0,0.0,1.0
0000950103-23-017755,2023-12-21T01:33:15.000Z,1548760.0,S,3538.0,0.0,0.0,1.0
0000950103-23-017755,2023-12-21T01:33:15.000Z,1548760.0,S,3967.0,0.0,0.0,1.0
0000950103-23-017755,2023-12-21T01:33:15.000Z,1548760.0,S,3148.0,0.0,0.0,1.0
0000950103-23-017755,2023-12-21T01:33:15.000Z,1548760.0,S,200.0,0.0,0.0,1.0
0000950103-23-017755,2023-12-21T01:33:15.000Z,1548760.0,S,501.0,0.0,0.0,1.0
0000950103-23-017755,2023-12-21T01:33:15.000Z,1548760.0,S,624.0,0.0,0.0,1.0
0000950103-23-017755,2023-12-21T01:33:15.000Z,1548760.0,S,1282.0,0.0,0.0,1.0
0000950103-23-017755,2023-12-21T01:33:15.000Z,1548760.0,S,300.0,0.0,0.0,1.0
0000950103-23-017755,2023-12-21T01:33:15.000Z,1548760.0,S,1436.0,0.0,0.0,1.0
0000950103-23-017755,2023-12-21T01:33:15.000Z,1548760.0,S,1532.0,0.0,0.0,1.0
0000950103-23-017755,2023-12-21T01:33:15.000Z,1548760.0,S,1300.0,0.0,0.0,1.0
0000950103-23-017755,2023-12-21T01:33:15.000Z,1548760.0,S,100.0,0.0,0.0,1.0
0000950103-23-017755,2023-12-21T01:33:15.000Z,1548760.0,S,200.0,0.0,0.0,1.0
0000950103-23-017755,2023-12-21T01:33:15.000Z,1548760.0,S,204.0,0.0,0.0,1.0
0000950103-23-017755,2023-12-21T01:33:15.000Z,1548760.0,S,500.0,0.0,0.0,1.0
0000950103-23-017755,2023-12-21T01:33:15.000Z,1548760.0,S,150.0,0.0,0.0,1.0
0000950103-23-017755,2023-12-21T01:33:15.000Z,1548760.0,S,494.0,0.0,0.0,1.0
0000950103-23-017755,2023-12-21T01:33:15.000Z,1548760.0,S,657.0,0.0,0.0,1.0
0000950103-23-017755,2023-12-21T01:33:15.000Z,1548760.0,S,600.0,0.0,0.0,1.0
0000950103-23-017629,2023-12-18T23:17:03.000Z,1548760.0,S,600.0,0.0,0.0,1.0
0000950103-23-017629,2023-12-18T23:17:03.000Z,1548760.0,S,801.0,0.0,0.0,1.0
0000950103-23-017629,2023-12-18T23:17:03.000Z,1548760.0,S,1673.0,0.0,0.0,1.0
0000950103-23-017629,2023-12-18T23:17:03.000Z,1548760.0,S,5674.0,0.0,0.0,1.0
0000950103-23-017629,2023-12-18T23:17:03.000Z,1548760.0,S,4707.0,0.0,0.0,1.0
0000950103-23-017629,2023-12-18T23:17:03.000Z,1548760.0,S,4199.0,0.0,0.0,1.0
0000950103-23-017629,2023-12-18T23:17:03.000Z,1548760.0,S,275.0,0.0,0.0,1.0
0000950103-23-017629,2023-12-18T23:17:03.000Z,1548760.0,S,600.0,0.0,0.0,1.0
0000950103-23-017629,2023-12-18T23:17:03.000Z,1548760.0,S,210.0,0.0,0.0,1.0
0000950103-23-017629,2023-12-18T23:17:03.000Z,1548760.0,S,956.0,0.0,0.0,1.0
0000950103-23-017629,2023-12-18T23:17:03.000Z,1548760.0,S,2645.0,0.0,0.0,1.0
0000950103-23-017629,2023-12-18T23:17:03.000Z,1548760.0,S,2050.0,0.0,0.0,1.0
0000950103-23-017629,2023-12-18T23:17:03.000Z,1548760.0,S,714.0,0.0,0.0,1.0
0000950103-23-017629,2023-12-18T23:17:03.000Z,1548760.0,S,150.0,0.0,0.0,1.0
0000950103-23-017629,2023-12-18T23:17:03.000Z,1548760.0,S,252.0,0.0,0.0,1.0
0000950103-23-017629,2023-12-18T23:17:03.000Z,1548760.0,S,478.0,0.0,0.0,1.0
0000950103-23-017629,2023-12-18T23:17:03.000Z,1548760.0,S,1015.0,0.0,0.0,1.0
0000950103-23-017629,2023-12-18T23:17:03.000Z,1548760.0,S,900.0,0.0,0.0,1.0
0000950103-23-017629,2023-12-18T23:17:03.000Z,1548760.0,S,110.0,0.0,0.0,1.0
0000950103-23-017628,2023-12-18T23:14:45.000Z,1548760.0,S,1098.0,0.0,0.0,1.0
0000950103-23-017628,2023-12-18T23:14:45.000Z,1548760.0,S,3349.0,0.0,0.0,1.0
0000950103-23-017628,2023-12-18T23:14:45.000Z,1548760.0,S,3899.0,0.0,0.0,1.0
0000950103-23-017628,2023-12-18T23:14:45.000Z,1548760.0,S,4122.0,0.0,0.0,1.0
0000950103-23-017628,2023-12-18T23:14:45.000Z,1548760.0,S,5261.0,0.0,0.0,1.0
0000950103-23-017628,2023-12-18T23:14:45.000Z,1548760.0,S,200.0,0.0,0.0,1.0
0000950103-23-017628,2023-12-18T23:14:45.000Z,1548760.0,S,325.0,0.0,0.0,1.0
0000950103-23-017628,2023-12-18T23:14:45.000Z,1548760.0,S,868.0,0.0,0.0,1.0
0000950103-23-017628,2023-12-18T23:14:45.000Z,1548760.0,S,2129.0,0.0,0.0,1.0
0000950103-23-017628,2023-12-18T23:14:45.000Z,1548760.0,S,1825.0,0.0,0.0,1.0
0000950103-23-017628,2023-12-18T23:14:45.000Z,1548760.0,S,1928.0,0.0,0.0,1.0
0000950103-23-017628,2023-12-18T23:14:45.000Z,1548760.0,S,100.0,334.19,33419.0,1.0
0000950103-23-017628,2023-12-18T23:14:45.000Z,1548760.0,S,150.0,0.0,0.0,1.0
0000950103-23-017628,2023-12-18T23:14:45.000Z,1548760.0,S,604.0,0.0,0.0,1.0
0000950103-23-017628,2023-12-18T23:14:45.000Z,1548760.0,S,610.0,0.0,0.0,1.0
0000950103-23-017628,2023-12-18T23:14:45.000Z,1548760.0,S,906.0,0.0,0.0,1.0
0000950103-23-017628,2023-12-18T23:14:45.000Z,1548760.0,S,585.0,0.0,0.0,1.0
0000950103-23-017628,2023-12-18T23:14:45.000Z,1548760.0,S,50.0,334.19,16709.5,1.0
0000950103-23-017496,2023-12-14T23:14:33.000Z,1780525.0,S,566.0,324.59,183717.94,1.0
0000950103-23-017466,2023-12-14T01:09:43.000Z,1548760.0,S,2057.0,0.0,0.0,1.0
0000950103-23-017466,2023-12-14T01:09:43.000Z,1548760.0,S,4729.0,0.0,0.0,1.0
0000950103-23-017466,2023-12-14T01:09:43.000Z,1548760.0,S,4011.0,0.0,0.0,1.0
0000950103-23-017466,2023-12-14T01:09:43.000Z,1548760.0,S,5990.0,0.0,0.0,1.0
0000950103-23-017466,2023-12-14T01:09:43.000Z,1548760.0,S,1142.0,0.0,0.0,1.0
0000950103-23-017466,2023-12-14T01:09:43.000Z,1548760.0,S,1250.0,0.0,0.0,1.0
0000950103-23-017466,2023-12-14T01:09:43.000Z,1548760.0,S,1991.0,0.0,0.0,1.0
0000950103-23-017466,2023-12-14T01:09:43.000Z,1548760.0,S,2543.0,0.0,0.0,1.0
0000950103-23-017466,2023-12-14T01:09:43.000Z,1548760.0,S,1000.0,0.0,0.0,1.0
0000950103-23-017466,2023-12-14T01:09:43.000Z,1548760.0,S,391.0,0.0,0.0,1.0
0000950103-23-017466,2023-12-14T01:09:43.000Z,1548760.0,S,692.0,0.0,0.0,1.0
0000950103-23-017466,2023-12-14T01:09:43.000Z,1548760.0,S,690.0,0.0,0.0,1.0
0000950103-23-017466,2023-12-14T01:09:43.000Z,1548760.0,S,1273.0,0.0,0.0,1.0
0000950103-23-017466,2023-12-14T01:09:43.000Z,1548760.0,S,200.0,0.0,0.0,1.0
0000950103-23-017466,2023-12-14T01:09:43.000Z,1548760.0,S,50.0,338.03,16901.5,1.0
0000950103-23-017465,2023-12-14T01:03:09.000Z,1548760.0,S,1600.0,0.0,0.0,1.0
0000950103-23-017465,2023-12-14T01:03:09.000Z,1548760.0,S,500.0,0.0,0.0,1.0
0000950103-23-017465,2023-12-14T01:03:09.000Z,1548760.0,S,689.0,0.0,0.0,1.0
0000950103-23-017465,2023-12-14T01:03:09.000Z,1548760.0,S,1741.0,0.0,0.0,1.0
0000950103-23-017465,2023-12-14T01:03:09.000Z,1548760.0,S,6071.0,0.0,0.0,1.0
0000950103-23-017465,2023-12-14T01:03:09.000Z,1548760.0,S,3437.0,0.0,0.0,1.0
0000950103-23-017465,2023-12-14T01:03:09.000Z,1548760.0,S,879.0,0.0,0.0,1.0
0000950103-23-017465,2023-12-14T01:03:09.000Z,1548760.0,S,1000.0,0.0,0.0,1.0
0000950103-23-017465,2023-12-14T01:03:09.000Z,1548760.0,S,2012.0,0.0,0.0,1.0
0000950103-23-017465,2023-12-14T01:03:09.000Z,1548760.0,S,507.0,0.0,0.0,1.0
0000950103-23-017465,2023-12-14T01:03:09.000Z,1548760.0,S,217.0,0.0,0.0,1.0
0000950103-23-017465,2023-12-14T01:03:09.000Z,1548760.0,S,300.0,0.0,0.0,1.0
0000950103-23-017465,2023-12-14T01:03:09.000Z,1548760.0,S,200.0,0.0,0.0,1.0
0000950103-23-017465,2023-12-14T01:03:09.000Z,1548760.0,S,2903.0,0.0,0.0,1.0
0000950103-23-017465,2023-12-14T01:03:09.000Z,1548760.0,S,1383.0,0.0,0.0,1.0
0000950103-23-017465,2023-12-14T01:03:09.000Z,1548760.0,S,373.0,0.0,0.0,1.0
0000950103-23-017465,2023-12-14T01:03:09.000Z,1548760.0,S,100.0,332.28,33228.0,1.0
0000950103-23-017465,2023-12-14T01:03:09.000Z,1548760.0,S,1192.0,0.0,0.0,1.0
0000950103-23-017465,2023-12-14T01:03:09.000Z,1548760.0,S,200.0,0.0,0.0,1.0
0000950103-23-017465,2023-12-14T01:03:09.000Z,1548760.0,S,150.0,0.0,0.0,1.0
0000950103-23-017465,2023-12-14T01:03:09.000Z,1548760.0,S,100.0,0.0,0.0,1.0
0000950103-23-017465,2023-12-14T01:03:09.000Z,1548760.0,S,1016.0,0.0,0.0,1.0
0000950103-23-017465,2023-12-14T01:03:09.000Z,1548760.0,S,500.0,0.0,0.0,1.0
0000950103-23-017465,2023-12-14T01:03:09.000Z,1548760.0,S,400.0,0.0,0.0,1.0
0000950103-23-017465,2023-12-14T01:03:09.000Z,1548760.0,S,50.0,332.065,16603.25,1.0
0000950103-23-017465,2023-12-14T01:03:09.000Z,1548760.0,S,489.0,0.0,0.0,1.0
0000950103-23-017464,2023-12-14T00:57:02.000Z,1548760.0,S,3001.0,0.0,0.0,1.0
0000950103-23-017464,2023-12-14T00:57:02.000Z,1548760.0,S,2405.0,0.0,0.0,1.0
0000950103-23-017464,2023-12-14T00:57:02.000Z,1548760.0,S,1600.0,0.0,0.0,1.0
0000950103-23-017464,2023-12-14T00:57:02.000Z,1548760.0,S,1500.0,0.0,0.0,1.0
0000950103-23-017464,2023-12-14T00:57:02.000Z,1548760.0,S,6280.0,0.0,0.0,1.0
0000950103-23-017464,2023-12-14T00:57:02.000Z,1548760.0,S,2634.0,0.0,0.0,1.0
0000950103-23-017464,2023-12-14T00:57:02.000Z,1548760.0,S,300.0,0.0,0.0,1.0
0000950103-23-017464,2023-12-14T00:57:02.000Z,1548760.0,S,209.0,0.0,0.0,1.0
0000950103-23-017464,2023-12-14T00:57:02.000Z,1548760.0,S,1656.0,0.0,0.0,1.0
0000950103-23-017464,2023-12-14T00:57:02.000Z,1548760.0,S,607.0,0.0,0.0,1.0
0000950103-23-017464,2023-12-14T00:57:02.000Z,1548760.0,S,603.0,0.0,0.0,1.0
0000950103-23-017464,2023-12-14T00:57:02.000Z,1548760.0,S,1492.0,0.0,0.0,1.0
0000950103-23-017464,2023-12-14T00:57:02.000Z,1548760.0,S,2517.0,0.0,0.0,1.0
0000950103-23-017464,2023-12-14T00:57:02.000Z,1548760.0,S,200.0,0.0,0.0,1.0
0000950103-23-017464,2023-12-14T00:57:02.000Z,1548760.0,S,100.0,328.14,32814.0,1.0
0000950103-23-017464,2023-12-14T00:57:02.000Z,1548760.0,S,500.0,0.0,0.0,1.0
0000950103-23-017464,2023-12-14T00:57:02.000Z,1548760.0,S,350.0,0.0,0.0,1.0
0000950103-23-017464,2023-12-14T00:57:02.000Z,1548760.0,S,250.0,0.0,0.0,1.0
0000950103-23-017464,2023-12-14T00:57:02.000Z,1548760.0,S,250.0,0.0,0.0,1.0
0000950103-23-017464,2023-12-14T00:57:02.000Z,1548760.0,S,1118.0,0.0,0.0,1.0
0000950103-23-017464,2023-12-14T00:57:02.000Z,1548760.0,S,337.0,0.0,0.0,1.0
0000950103-23-017464,2023-12-14T00:57:02.000Z,1548760.0,S,100.0,327.555,32755.5,1.0
0000950103-23-017384,2023-12-11T23:23:32.000Z,1548760.0,S,303.0,0.0,0.0,1.0
0000950103-23-017384,2023-12-11T23:23:32.000Z,1548760.0,S,1109.0,0.0,0.0,1.0
0000950103-23-017384,2023-12-11T23:23:32.000Z,1548760.0,S,1503.0,0.0,0.0,1.0
0000950103-23-017384,2023-12-11T23:23:32.000Z,1548760.0,S,724.0,0.0,0.0,1.0
0000950103-23-017384,2023-12-11T23:23:32.000Z,1548760.0,S,3624.0,0.0,0.0,1.0
0000950103-23-017384,2023-12-11T23:23:32.000Z,1548760.0,S,3321.0,0.0,0.0,1.0
0000950103-23-017384,2023-12-11T23:23:32.000Z,1548760.0,S,2245.0,0.0,0.0,1.0
0000950103-23-017384,2023-12-11T23:23:32.000Z,1548760.0,S,4189.0,0.0,0.0,1.0
0000950103-23-017384,2023-12-11T23:23:32.000Z,1548760.0,S,911.0,0.0,0.0,1.0
0000950103-23-017384,2023-12-11T23:23:32.000Z,1548760.0,S,500.0,0.0,0.0,1.0
0000950103-23-017384,2023-12-11T23:23:32.000Z,1548760.0,S,690.0,0.0,0.0,1.0
0000950103-23-017384,2023-12-11T23:23:32.000Z,1548760.0,S,600.0,0.0,0.0,1.0
0000950103-23-017384,2023-12-11T23:23:32.000Z,1548760.0,S,1410.0,0.0,0.0,1.0
0000950103-23-017384,2023-12-11T23:23:32.000Z,1548760.0,S,1662.0,0.0,0.0,1.0
0000950103-23-017384,2023-12-11T23:23:32.000Z,1548760.0,S,1166.0,0.0,0.0,1.0
0000950103-23-017384,2023-12-11T23:23:32.000Z,1548760.0,S,1147.0,0.0,0.0,1.0
0000950103-23-017384,2023-12-11T23:23:32.000Z,1548760.0,S,200.0,0.0,0.0,1.0
0000950103-23-017384,2023-12-11T23:23:32.000Z,1548760.0,S,250.0,0.0,0.0,1.0
0000950103-23-017384,2023-12-11T23:23:32.000Z,1548760.0,S,150.0,0.0,0.0,1.0
0000950103-23-017384,2023-12-11T23:23:32.000Z,1548760.0,S,650.0,0.0,0.0,1.0
0000950103-23-017384,2023-12-11T23:23:32.000Z,1548760.0,S,606.0,0.0,0.0,1.0
0000950103-23-017384,2023-12-11T23:23:32.000Z,1548760.0,S,368.0,0.0,0.0,1.0
0000950103-23-017384,2023-12-11T23:23:32.000Z,1548760.0,S,631.0,0.0,0.0,1.0
0000950103-23-017384,2023-12-11T23:23:32.000Z,1548760.0,S,50.0,332.93,16646.5,1.0
0000950103-23-017383,2023-12-11T23:16:39.000Z,1548760.0,S,339.0,0.0,0.0,1.0
0000950103-23-017383,2023-12-11T23:16:39.000Z,1548760.0,S,410.0,0.0,0.0,1.0
0000950103-23-017383,2023-12-11T23:16:39.000Z,1548760.0,S,1250.0,0.0,0.0,1.0
0000950103-23-017383,2023-12-11T23:16:39.000Z,1548760.0,S,1320.0,0.0,0.0,1.0
0000950103-23-017383,2023-12-11T23:16:39.000Z,1548760.0,S,3690.0,0.0,0.0,1.0
0000950103-23-017383,2023-12-11T23:16:39.000Z,1548760.0,S,1169.0,0.0,0.0,1.0
0000950103-23-017383,2023-12-11T23:16:39.000Z,1548760.0,S,4740.0,0.0,0.0,1.0
0000950103-23-017383,2023-12-11T23:16:39.000Z,1548760.0,S,4811.0,0.0,0.0,1.0
0000950103-23-017383,2023-12-11T23:16:39.000Z,1548760.0,S,200.0,0.0,0.0,1.0
0000950103-23-017383,2023-12-11T23:16:39.000Z,1548760.0,S,100.0,317.775,31777.5,1.0
0000950103-23-017383,2023-12-11T23:16:39.000Z,1548760.0,S,200.0,0.0,0.0,1.0
0000950103-23-017383,2023-12-11T23:16:39.000Z,1548760.0,S,800.0,0.0,0.0,1.0
0000950103-23-017383,2023-12-11T23:16:39.000Z,1548760.0,S,900.0,0.0,0.0,1.0
0000950103-23-017383,2023-12-11T23:16:39.000Z,1548760.0,S,1216.0,0.0,0.0,1.0
0000950103-23-017383,2023-12-11T23:16:39.000Z,1548760.0,S,100.0,324.91,32491.000000000004,1.0
0000950103-23-017383,2023-12-11T23:16:39.000Z,1548760.0,S,2259.0,0.0,0.0,1.0
0000950103-23-017383,2023-12-11T23:16:39.000Z,1548760.0,S,1600.0,0.0,0.0,1.0
0000950103-23-017383,2023-12-11T23:16:39.000Z,1548760.0,S,50.0,318.0,15900.0,1.0
0000950103-23-017383,2023-12-11T23:16:39.000Z,1548760.0,S,100.0,0.0,0.0,1.0
0000950103-23-017383,2023-12-11T23:16:39.000Z,1548760.0,S,150.0,0.0,0.0,1.0
0000950103-23-017383,2023-12-11T23:16:39.000Z,1548760.0,S,300.0,0.0,0.0,1.0
0000950103-23-017383,2023-12-11T23:16:39.000Z,1548760.0,S,652.0,0.0,0.0,1.0
0000950103-23-017383,2023-12-11T23:16:39.000Z,1548760.0,S,100.0,0.0,0.0,1.0
0000950103-23-017383,2023-12-11T23:16:39.000Z,1548760.0,S,853.0,0.0,0.0,1.0
0000950103-23-017383,2023-12-11T23:16:39.000Z,1548760.0,S,700.0,0.0,0.0,1.0
0000950103-23-017310,2023-12-07T23:04:08.000Z,1780525.0,S,566.0,318.98,180542.68,1.0
0000950103-23-017274,2023-12-07T02:29:36.000Z,1548760.0,S,2385.0,0.0,0.0,1.0
0000950103-23-017274,2023-12-07T02:29:36.000Z,1548760.0,S,4620.0,0.0,0.0,1.0
0000950103-23-017274,2023-12-07T02:29:36.000Z,1548760.0,S,7353.0,0.0,0.0,1.0
0000950103-23-017274,2023-12-07T02:29:36.000Z,1548760.0,S,2871.0,0.0,0.0,1.0
0000950103-23-017274,2023-12-07T02:29:36.000Z,1548760.0,S,700.0,0.0,0.0,1.0
0000950103-23-017274,2023-12-07T02:29:36.000Z,1548760.0,S,1200.0,0.0,0.0,1.0
0000950103-23-017274,2023-12-07T02:29:36.000Z,1548760.0,S,2245.0,0.0,0.0,1.0
0000950103-23-017274,2023-12-07T02:29:36.000Z,1548760.0,S,2730.0,0.0,0.0,1.0
0000950103-23-017274,2023-12-07T02:29:36.000Z,1548760.0,S,800.0,0.0,0.0,1.0
0000950103-23-017274,2023-12-07T02:29:36.000Z,1548760.0,S,200.0,0.0,0.0,1.0
0000950103-23-017274,2023-12-07T02:29:36.000Z,1548760.0,S,399.0,0.0,0.0,1.0
0000950103-23-017274,2023-12-07T02:29:36.000Z,1548760.0,S,1001.0,0.0,0.0,1.0
0000950103-23-017274,2023-12-07T02:29:36.000Z,1548760.0,S,1099.0,0.0,0.0,1.0
0000950103-23-017274,2023-12-07T02:29:36.000Z,1548760.0,S,306.0,0.0,0.0,1.0
0000950103-23-017274,2023-12-07T02:29:36.000Z,1548760.0,S,100.0,0.0,0.0,1.0
0000950103-23-017273,2023-12-07T02:15:28.000Z,1548760.0,S,1215.0,0.0,0.0,1.0
0000950103-23-017273,2023-12-07T02:15:28.000Z,1548760.0,S,5498.0,0.0,0.0,1.0
0000950103-23-017273,2023-12-07T02:15:28.000Z,1548760.0,S,5483.0,0.0,0.0,1.0
0000950103-23-017273,2023-12-07T02:15:28.000Z,1548760.0,S,2690.0,0.0,0.0,1.0
0000950103-23-017273,2023-12-07T02:15:28.000Z,1548760.0,S,2143.0,0.0,0.0,1.0
0000950103-23-017273,2023-12-07T02:15:28.000Z,1548760.0,S,800.0,0.0,0.0,1.0
0000950103-23-017273,2023-12-07T02:15:28.000Z,1548760.0,S,100.0,321.84,32184.0,1.0
0000950103-23-017273,2023-12-07T02:15:28.000Z,1548760.0,S,800.0,0.0,0.0,1.0
0000950103-23-017273,2023-12-07T02:15:28.000Z,1548760.0,S,2111.0,0.0,0.0,1.0
0000950103-23-017273,2023-12-07T02:15:28.000Z,1548760.0,S,2167.0,0.0,0.0,1.0
0000950103-23-017273,2023-12-07T02:15:28.000Z,1548760.0,S,1004.0,0.0,0.0,1.0
0000950103-23-017273,2023-12-07T02:15:28.000Z,1548760.0,S,893.0,0.0,0.0,1.0
0000950103-23-017273,2023-12-07T02:15:28.000Z,1548760.0,S,200.0,0.0,0.0,1.0
0000950103-23-017273,2023-12-07T02:15:28.000Z,1548760.0,S,300.0,0.0,0.0,1.0
0000950103-23-017273,2023-12-07T02:15:28.000Z,1548760.0,S,750.0,0.0,0.0,1.0
0000950103-23-017273,2023-12-07T02:15:28.000Z,1548760.0,S,1105.0,0.0,0.0,1.0
0000950103-23-017273,2023-12-07T02:15:28.000Z,1548760.0,S,200.0,0.0,0.0,1.0
0000950103-23-017273,2023-12-07T02:15:28.000Z,1548760.0,S,500.0,0.0,0.0,1.0
0000950103-23-017273,2023-12-07T02:15:28.000Z,1548760.0,S,50.0,321.375,16068.75,1.0
0000950103-23-017271,2023-12-07T02:11:50.000Z,1548760.0,S,550.0,0.0,0.0,1.0
0000950103-23-017271,2023-12-07T02:11:50.000Z,1548760.0,S,4546.0,0.0,0.0,1.0
0000950103-23-017271,2023-12-07T02:11:50.000Z,1548760.0,S,3125.0,0.0,0.0,1.0
0000950103-23-017271,2023-12-07T02:11:50.000Z,1548760.0,S,3921.0,0.0,0.0,1.0
0000950103-23-017271,2023-12-07T02:11:50.000Z,1548760.0,S,3332.0,0.0,0.0,1.0
0000950103-23-017271,2023-12-07T02:11:50.000Z,1548760.0,S,2155.0,0.0,0.0,1.0
0000950103-23-017271,2023-12-07T02:11:50.000Z,1548760.0,S,300.0,0.0,0.0,1.0
0000950103-23-017271,2023-12-07T02:11:50.000Z,1548760.0,S,530.0,0.0,0.0,1.0
0000950103-23-017271,2023-12-07T02:11:50.000Z,1548760.0,S,1990.0,0.0,0.0,1.0
0000950103-23-017271,2023-12-07T02:11:50.000Z,1548760.0,S,1250.0,0.0,0.0,1.0
0000950103-23-017271,2023-12-07T02:11:50.000Z,1548760.0,S,1437.0,0.0,0.0,1.0
0000950103-23-017271,2023-12-07T02:11:50.000Z,1548760.0,S,1188.0,0.0,0.0,1.0
0000950103-23-017271,2023-12-07T02:11:50.000Z,1548760.0,S,680.0,0.0,0.0,1.0
0000950103-23-017271,2023-12-07T02:11:50.000Z,1548760.0,S,100.0,320.5,32050.0,1.0
0000950103-23-017271,2023-12-07T02:11:50.000Z,1548760.0,S,200.0,0.0,0.0,1.0
0000950103-23-017271,2023-12-07T02:11:50.000Z,1548760.0,S,705.0,0.0,0.0,1.0
0000950103-23-017271,2023-12-07T02:11:50.000Z,1548760.0,S,400.0,0.0,0.0,1.0
0000950103-23-017271,2023-12-07T02:11:50.000Z,1548760.0,S,750.0,0.0,0.0,1.0
0000950103-23-017271,2023-12-07T02:11:50.000Z,1548760.0,S,600.0,0.0,0.0,1.0
0000950103-23-017271,2023-12-07T02:11:50.000Z,1548760.0,S,242.0,0.0,0.0,1.0
0000950103-23-017271,2023-12-07T02:11:50.000Z,1548760.0,S,8.0,320.63,2565.04,1.0
0000950103-23-017185,2023-12-04T23:50:13.000Z,1548760.0,S,2300.0,0.0,0.0,1.0
0000950103-23-017185,2023-12-04T23:50:13.000Z,1548760.0,S,4322.0,0.0,0.0,1.0
0000950103-23-017185,2023-12-04T23:50:13.000Z,1548760.0,S,5447.0,0.0,0.0,1.0
0000950103-23-017185,2023-12-04T23:50:13.000Z,1548760.0,S,4542.0,0.0,0.0,1.0
0000950103-23-017185,2023-12-04T23:50:13.000Z,1548760.0,S,1160.0,0.0,0.0,1.0
0000950103-23-017185,2023-12-04T23:50:13.000Z,1548760.0,S,158.0,0.0,0.0,1.0
0000950103-23-017185,2023-12-04T23:50:13.000Z,1548760.0,S,1200.0,0.0,0.0,1.0
0000950103-23-017185,2023-12-04T23:50:13.000Z,1548760.0,S,1872.0,0.0,0.0,1.0
0000950103-23-017185,2023-12-04T23:50:13.000Z,1548760.0,S,1980.0,0.0,0.0,1.0
0000950103-23-017185,2023-12-04T23:50:13.000Z,1548760.0,S,1923.0,0.0,0.0,1.0
0000950103-23-017185,2023-12-04T23:50:13.000Z,1548760.0,S,200.0,0.0,0.0,1.0
0000950103-23-017185,2023-12-04T23:50:13.000Z,1548760.0,S,550.0,0.0,0.0,1.0
0000950103-23-017185,2023-12-04T23:50:13.000Z,1548760.0,S,751.0,0.0,0.0,1.0
0000950103-23-017185,2023-12-04T23:50:13.000Z,1548760.0,S,967.0,0.0,0.0,1.0
0000950103-23-017185,2023-12-04T23:50:13.000Z,1548760.0,S,584.0,0.0,0.0,1.0
0000950103-23-017185,2023-12-04T23:50:13.000Z,1548760.0,S,53.0,0.0,0.0,1.0
0000950103-23-017184,2023-12-04T23:47:00.000Z,1548760.0,S,2790.0,0.0,0.0,1.0
0000950103-23-017184,2023-12-04T23:47:00.000Z,1548760.0,S,5837.0,0.0,0.0,1.0
0000950103-23-017184,2023-12-04T23:47:00.000Z,1548760.0,S,2187.0,0.0,0.0,1.0
0000950103-23-017184,2023-12-04T23:47:00.000Z,1548760.0,S,993.0,0.0,0.0,1.0
0000950103-23-017184,2023-12-04T23:47:00.000Z,1548760.0,S,691.0,0.0,0.0,1.0
0000950103-23-017184,2023-12-04T23:47:00.000Z,1548760.0,S,1117.0,0.0,0.0,1.0
0000950103-23-017184,2023-12-04T23:47:00.000Z,1548760.0,S,1911.0,0.0,0.0,1.0
0000950103-23-017184,2023-12-04T23:47:00.000Z,1548760.0,S,1303.0,0.0,0.0,1.0
0000950103-23-017184,2023-12-04T23:47:00.000Z,1548760.0,S,600.0,0.0,0.0,1.0
0000950103-23-017184,2023-12-04T23:47:00.000Z,1548760.0,S,500.0,0.0,0.0,1.0
0000950103-23-017184,2023-12-04T23:47:00.000Z,1548760.0,S,1809.0,0.0,0.0,1.0
0000950103-23-017184,2023-12-04T23:47:00.000Z,1548760.0,S,2192.0,0.0,0.0,1.0
0000950103-23-017184,2023-12-04T23:47:00.000Z,1548760.0,S,570.0,0.0,0.0,1.0
0000950103-23-017184,2023-12-04T23:47:00.000Z,1548760.0,S,200.0,0.0,0.0,1.0
0000950103-23-017184,2023-12-04T23:47:00.000Z,1548760.0,S,331.0,0.0,0.0,1.0
0000950103-23-017184,2023-12-04T23:47:00.000Z,1548760.0,S,500.0,0.0,0.0,1.0
0000950103-23-017184,2023-12-04T23:47:00.000Z,1548760.0,S,1031.0,0.0,0.0,1.0
0000950103-23-017184,2023-12-04T23:47:00.000Z,1548760.0,S,342.0,0.0,0.0,1.0
0000950103-23-017184,2023-12-04T23:47:00.000Z,1548760.0,S,200.0,0.0,0.0,1.0
0000950103-23-017184,2023-12-04T23:47:00.000Z,1548760.0,S,400.0,0.0,0.0,1.0
0000950103-23-017184,2023-12-04T23:47:00.000Z,1548760.0,S,930.0,0.0,0.0,1.0
0000950103-23-017184,2023-12-04T23:47:00.000Z,1548760.0,S,450.0,0.0,0.0,1.0
0000950103-23-017184,2023-12-04T23:47:00.000Z,1548760.0,S,150.0,0.0,0.0,1.0
0000950103-23-017184,2023-12-04T23:47:00.000Z,1548760.0,S,110.0,0.0,0.0,1.0
0000950103-23-017184,2023-12-04T23:47:00.000Z,1548760.0,S,255.0,0.0,0.0,1.0
0000950103-23-017184,2023-12-04T23:47:00.000Z,1548760.0,S,416.0,0.0,0.0,1.0
0000950103-23-017184,2023-12-04T23:47:00.000Z,1548760.0,S,35.0,331.71,11609.85,1.0
0000950103-23-017184,2023-12-04T23:47:00.000Z,1548760.0,S,159.0,0.0,0.0,1.0
0000950103-23-017039,2023-12-01T23:35:56.000Z,1564475.0,S,6077.0,339.77,2064782.29,1.0
0000950103-23-016909,2023-11-30T23:43:51.000Z,1780525.0,S,566.0,333.62,188828.92,1.0
0000950103-23-016832,2023-11-30T01:25:04.000Z,1548760.0,S,590.0,0.0,0.0,1.0
0000950103-23-016832,2023-11-30T01:25:04.000Z,1548760.0,S,5534.0,0.0,0.0,1.0
0000950103-23-016832,2023-11-30T01:25:04.000Z,1548760.0,S,6478.0,0.0,0.0,1.0
0000950103-23-016832,2023-11-30T01:25:04.000Z,1548760.0,S,1811.0,0.0,0.0,1.0
0000950103-23-016832,2023-11-30T01:25:04.000Z,1548760.0,S,306.0,0.0,0.0,1.0
0000950103-23-016832,2023-11-30T01:25:04.000Z,1548760.0,S,900.0,0.0,0.0,1.0
0000950103-23-016832,2023-11-30T01:25:04.000Z,1548760.0,S,1135.0,0.0,0.0,1.0
0000950103-23-016832,2023-11-30T01:25:04.000Z,1548760.0,S,1175.0,0.0,0.0,1.0
0000950103-23-016832,2023-11-30T01:25:04.000Z,1548760.0,S,941.0,0.0,0.0,1.0
0000950103-23-016832,2023-11-30T01:25:04.000Z,1548760.0,S,2622.0,0.0,0.0,1.0
0000950103-23-016832,2023-11-30T01:25:04.000Z,1548760.0,S,1979.0,0.0,0.0,1.0
0000950103-23-016832,2023-11-30T01:25:04.000Z,1548760.0,S,300.0,0.0,0.0,1.0
0000950103-23-016832,2023-11-30T01:25:04.000Z,1548760.0,S,255.0,0.0,0.0,1.0
0000950103-23-016832,2023-11-30T01:25:04.000Z,1548760.0,S,800.0,0.0,0.0,1.0
0000950103-23-016832,2023-11-30T01:25:04.000Z,1548760.0,S,278.0,0.0,0.0,1.0
0000950103-23-016832,2023-11-30T01:25:04.000Z,1548760.0,S,290.0,0.0,0.0,1.0
0000950103-23-016832,2023-11-30T01:25:04.000Z,1548760.0,S,1157.0,0.0,0.0,1.0
0000950103-23-016832,2023-11-30T01:25:04.000Z,1548760.0,S,750.0,0.0,0.0,1.0
0000950103-23-016832,2023-11-30T01:25:04.000Z,1548760.0,S,158.0,0.0,0.0,1.0
0000950103-23-016832,2023-11-30T01:25:04.000Z,1548760.0,S,100.0,0.0,0.0,1.0
0000950103-23-016832,2023-11-30T01:25:04.000Z,1548760.0,S,300.0,0.0,0.0,1.0
0000950103-23-016832,2023-11-30T01:25:04.000Z,1548760.0,S,150.0,0.0,0.0,1.0
0000950103-23-016831,2023-11-30T01:20:51.000Z,1548760.0,S,3157.0,0.0,0.0,1.0
0000950103-23-016831,2023-11-30T01:20:51.000Z,1548760.0,S,5029.0,0.0,0.0,1.0
0000950103-23-016831,2023-11-30T01:20:51.000Z,1548760.0,S,7017.0,0.0,0.0,1.0
0000950103-23-016831,2023-11-30T01:20:51.000Z,1548760.0,S,1800.0,0.0,0.0,1.0
0000950103-23-016831,2023-11-30T01:20:51.000Z,1548760.0,S,926.0,0.0,0.0,1.0
0000950103-23-016831,2023-11-30T01:20:51.000Z,1548760.0,S,1600.0,0.0,0.0,1.0
0000950103-23-016831,2023-11-30T01:20:51.000Z,1548760.0,S,1438.0,0.0,0.0,1.0
0000950103-23-016831,2023-11-30T01:20:51.000Z,1548760.0,S,3025.0,0.0,0.0,1.0
0000950103-23-016831,2023-11-30T01:20:51.000Z,1548760.0,S,800.0,0.0,0.0,1.0
0000950103-23-016831,2023-11-30T01:20:51.000Z,1548760.0,S,312.0,0.0,0.0,1.0
0000950103-23-016831,2023-11-30T01:20:51.000Z,1548760.0,S,600.0,0.0,0.0,1.0
0000950103-23-016831,2023-11-30T01:20:51.000Z,1548760.0,S,800.0,0.0,0.0,1.0
0000950103-23-016831,2023-11-30T01:20:51.000Z,1548760.0,S,1169.0,0.0,0.0,1.0
0000950103-23-016831,2023-11-30T01:20:51.000Z,1548760.0,S,300.0,0.0,0.0,1.0
0000950103-23-016831,2023-11-30T01:20:51.000Z,1548760.0,S,36.0,338.39,12182.04,1.0
0000950103-23-016830,2023-11-30T01:16:51.000Z,1548760.0,S,2692.0,0.0,0.0,1.0
0000950103-23-016830,2023-11-30T01:16:51.000Z,1548760.0,S,1700.0,0.0,0.0,1.0
0000950103-23-016830,2023-11-30T01:16:51.000Z,1548760.0,S,1555.0,0.0,0.0,1.0
0000950103-23-016830,2023-11-30T01:16:51.000Z,1548760.0,S,3514.0,0.0,0.0,1.0
0000950103-23-016830,2023-11-30T01:16:51.000Z,1548760.0,S,8052.0,0.0,0.0,1.0
0000950103-23-016830,2023-11-30T01:16:51.000Z,1548760.0,S,416.0,0.0,0.0,1.0
0000950103-23-016830,2023-11-30T01:16:51.000Z,1548760.0,S,1212.0,0.0,0.0,1.0
0000950103-23-016830,2023-11-30T01:16:51.000Z,1548760.0,S,528.0,0.0,0.0,1.0
0000950103-23-016830,2023-11-30T01:16:51.000Z,1548760.0,S,800.0,0.0,0.0,1.0
0000950103-23-016830,2023-11-30T01:16:51.000Z,1548760.0,S,1311.0,0.0,0.0,1.0
0000950103-23-016830,2023-11-30T01:16:51.000Z,1548760.0,S,3124.0,0.0,0.0,1.0
0000950103-23-016830,2023-11-30T01:16:51.000Z,1548760.0,S,200.0,0.0,0.0,1.0
0000950103-23-016830,2023-11-30T01:16:51.000Z,1548760.0,S,486.0,0.0,0.0,1.0
0000950103-23-016830,2023-11-30T01:16:51.000Z,1548760.0,S,200.0,0.0,0.0,1.0
0000950103-23-016830,2023-11-30T01:16:51.000Z,1548760.0,S,208.0,0.0,0.0,1.0
0000950103-23-016830,2023-11-30T01:16:51.000Z,1548760.0,S,560.0,0.0,0.0,1.0
0000950103-23-016830,2023-11-30T01:16:51.000Z,1548760.0,S,1101.0,0.0,0.0,1.0
0000950103-23-016830,2023-11-30T01:16:51.000Z,1548760.0,S,350.0,0.0,0.0,1.0
0000950103-23-016650,2023-11-27T23:14:52.000Z,1548760.0,S,6900.0,0.0,0.0,1.0
0000950103-23-016650,2023-11-27T23:14:52.000Z,1548760.0,S,5029.0,0.0,0.0,1.0
0000950103-23-016650,2023-11-27T23:14:52.000Z,1548760.0,S,4100.0,0.0,0.0,1.0
0000950103-23-016650,2023-11-27T23:14:52.000Z,1548760.0,S,1600.0,0.0,0.0,1.0
0000950103-23-016650,2023-11-27T23:14:52.000Z,1548760.0,S,300.0,0.0,0.0,1.0
0000950103-23-016650,2023-11-27T23:14:52.000Z,1548760.0,S,3231.0,0.0,0.0,1.0
0000950103-23-016650,2023-11-27T23:14:52.000Z,1548760.0,S,1520.0,0.0,0.0,1.0
0000950103-23-016650,2023-11-27T23:14:52.000Z,1548760.0,S,1224.0,0.0,0.0,1.0
0000950103-23-016650,2023-11-27T23:14:52.000Z,1548760.0,S,1000.0,0.0,0.0,1.0
0000950103-23-016650,2023-11-27T23:14:52.000Z,1548760.0,S,200.0,0.0,0.0,1.0
0000950103-23-016650,2023-11-27T23:14:52.000Z,1548760.0,S,1505.0,0.0,0.0,1.0
0000950103-23-016650,2023-11-27T23:14:52.000Z,1548760.0,S,500.0,0.0,0.0,1.0
0000950103-23-016650,2023-11-27T23:14:52.000Z,1548760.0,S,750.0,0.0,0.0,1.0
0000950103-23-016650,2023-11-27T23:14:52.000Z,1548760.0,S,100.0,0.0,0.0,1.0
0000950103-23-016650,2023-11-27T23:14:52.000Z,1548760.0,S,50.0,341.74,17087.0,1.0
0000950103-23-016649,2023-11-27T23:08:07.000Z,1548760.0,S,1301.0,0.0,0.0,1.0
0000950103-23-016649,2023-11-27T23:08:07.000Z,1548760.0,S,6440.0,0.0,0.0,1.0
0000950103-23-016649,2023-11-27T23:08:07.000Z,1548760.0,S,9487.0,0.0,0.0,1.0
0000950103-23-016649,2023-11-27T23:08:07.000Z,1548760.0,S,701.0,0.0,0.0,1.0
0000950103-23-016649,2023-11-27T23:08:07.000Z,1548760.0,S,500.0,0.0,0.0,1.0
0000950103-23-016649,2023-11-27T23:08:07.000Z,1548760.0,S,2345.0,0.0,0.0,1.0
0000950103-23-016649,2023-11-27T23:08:07.000Z,1548760.0,S,3622.0,0.0,0.0,1.0
0000950103-23-016649,2023-11-27T23:08:07.000Z,1548760.0,S,708.0,0.0,0.0,1.0
0000950103-23-016649,2023-11-27T23:08:07.000Z,1548760.0,S,471.0,0.0,0.0,1.0
0000950103-23-016649,2023-11-27T23:08:07.000Z,1548760.0,S,1745.0,0.0,0.0,1.0
0000950103-23-016649,2023-11-27T23:08:07.000Z,1548760.0,S,689.0,0.0,0.0,1.0
0000950103-23-016591,2023-11-22T23:35:41.000Z,1548760.0,S,4348.0,0.0,0.0,1.0
0000950103-23-016591,2023-11-22T23:35:41.000Z,1548760.0,S,3940.0,0.0,0.0,1.0
0000950103-23-016591,2023-11-22T23:35:41.000Z,1548760.0,S,8180.0,0.0,0.0,1.0
0000950103-23-016591,2023-11-22T23:35:41.000Z,1548760.0,S,1461.0,0.0,0.0,1.0
0000950103-23-016591,2023-11-22T23:35:41.000Z,1548760.0,S,1787.0,0.0,0.0,1.0
0000950103-23-016591,2023-11-22T23:35:41.000Z,1548760.0,S,2420.0,0.0,0.0,1.0
0000950103-23-016591,2023-11-22T23:35:41.000Z,1548760.0,S,2868.0,0.0,0.0,1.0
0000950103-23-016591,2023-11-22T23:35:41.000Z,1548760.0,S,100.0,339.5,33950.0,1.0
0000950103-23-016591,2023-11-22T23:35:41.000Z,1548760.0,S,702.0,0.0,0.0,1.0
0000950103-23-016591,2023-11-22T23:35:41.000Z,1548760.0,S,701.0,0.0,0.0,1.0
0000950103-23-016591,2023-11-22T23:35:41.000Z,1548760.0,S,1151.0,0.0,0.0,1.0
0000950103-23-016591,2023-11-22T23:35:41.000Z,1548760.0,S,351.0,0.0,0.0,1.0
0000950103-23-016590,2023-11-22T23:31:30.000Z,1548760.0,S,225.0,0.0,0.0,1.0
0000950103-23-016590,2023-11-22T23:31:30.000Z,1548760.0,S,400.0,0.0,0.0,1.0
0000950103-23-016590,2023-11-22T23:31:30.000Z,1548760.0,S,2687.0,0.0,0.0,1.0
0000950103-23-016590,2023-11-22T23:31:30.000Z,1548760.0,S,8384.0,0.0,0.0,1.0
0000950103-23-016590,2023-11-22T23:31:30.000Z,1548760.0,S,5281.0,0.0,0.0,1.0
0000950103-23-016590,2023-11-22T23:31:30.000Z,1548760.0,S,865.0,0.0,0.0,1.0
0000950103-23-016590,2023-11-22T23:31:30.000Z,1548760.0,S,87.0,341.77,29733.99,1.0
0000950103-23-016590,2023-11-22T23:31:30.000Z,1548760.0,S,100.0,335.21,33521.0,1.0
0000950103-23-016590,2023-11-22T23:31:30.000Z,1548760.0,S,100.0,336.71,33671.0,1.0
0000950103-23-016590,2023-11-22T23:31:30.000Z,1548760.0,S,2300.0,0.0,0.0,1.0
0000950103-23-016590,2023-11-22T23:31:30.000Z,1548760.0,S,3200.0,0.0,0.0,1.0
0000950103-23-016590,2023-11-22T23:31:30.000Z,1548760.0,S,1275.0,0.0,0.0,1.0
0000950103-23-016590,2023-11-22T23:31:30.000Z,1548760.0,S,200.0,0.0,0.0,1.0
0000950103-23-016590,2023-11-22T23:31:30.000Z,1548760.0,S,100.0,0.0,0.0,1.0
0000950103-23-016590,2023-11-22T23:31:30.000Z,1548760.0,S,350.0,0.0,0.0,1.0
0000950103-23-016590,2023-11-22T23:31:30.000Z,1548760.0,S,1282.0,0.0,0.0,1.0
0000950103-23-016590,2023-11-22T23:31:30.000Z,1548760.0,S,1023.0,0.0,0.0,1.0
0000950103-23-016590,2023-11-22T23:31:30.000Z,1548760.0,S,150.0,0.0,0.0,1.0
0000950103-23-016589,2023-11-22T23:23:56.000Z,,-,,,,
0000950103-23-016588,2023-11-22T23:19:30.000Z,1780525.0,S,566.0,338.48,191579.68,1.0
0000950103-23-016587,2023-11-22T23:16:17.000Z,1607459.0,S,10000.0,0.0,0.0,1.0
0000950103-23-016490,2023-11-21T00:30:21.000Z,1548760.0,S,208.0,0.0,0.0,1.0
0000950103-23-016490,2023-11-21T00:30:21.000Z,1548760.0,S,424.0,0.0,0.0,1.0
0000950103-23-016490,2023-11-21T00:30:21.000Z,1548760.0,S,1610.0,0.0,0.0,1.0
0000950103-23-016490,2023-11-21T00:30:21.000Z,1548760.0,S,5211.0,0.0,0.0,1.0
0000950103-23-016490,2023-11-21T00:30:21.000Z,1548760.0,S,6219.0,0.0,0.0,1.0
0000950103-23-016490,2023-11-21T00:30:21.000Z,1548760.0,S,4257.0,0.0,0.0,1.0
0000950103-23-016490,2023-11-21T00:30:21.000Z,1548760.0,S,100.0,329.72,32972.0,1.0
0000950103-23-016490,2023-11-21T00:30:21.000Z,1548760.0,S,700.0,0.0,0.0,1.0
0000950103-23-016490,2023-11-21T00:30:21.000Z,1548760.0,S,1750.0,0.0,0.0,1.0
0000950103-23-016490,2023-11-21T00:30:21.000Z,1548760.0,S,2400.0,0.0,0.0,1.0
0000950103-23-016490,2023-11-21T00:30:21.000Z,1548760.0,S,2178.0,0.0,0.0,1.0
0000950103-23-016490,2023-11-21T00:30:21.000Z,1548760.0,S,47.0,335.41,15764.27,1.0
0000950103-23-016490,2023-11-21T00:30:21.000Z,1548760.0,S,104.0,0.0,0.0,1.0
0000950103-23-016490,2023-11-21T00:30:21.000Z,1548760.0,S,400.0,0.0,0.0,1.0
0000950103-23-016490,2023-11-21T00:30:21.000Z,1548760.0,S,1000.0,0.0,0.0,1.0
0000950103-23-016490,2023-11-21T00:30:21.000Z,1548760.0,S,1144.0,0.0,0.0,1.0
0000950103-23-016490,2023-11-21T00:30:21.000Z,1548760.0,S,257.0,0.0,0.0,1.0
0000950103-23-016489,2023-11-21T00:25:10.000Z,1548760.0,S,909.0,0.0,0.0,1.0
0000950103-23-016489,2023-11-21T00:25:10.000Z,1548760.0,S,2376.0,0.0,0.0,1.0
0000950103-23-016489,2023-11-21T00:25:10.000Z,1548760.0,S,3899.0,0.0,0.0,1.0
0000950103-23-016489,2023-11-21T00:25:10.000Z,1548760.0,S,1996.0,0.0,0.0,1.0
0000950103-23-016489,2023-11-21T00:25:10.000Z,1548760.0,S,3013.0,0.0,0.0,1.0
0000950103-23-016489,2023-11-21T00:25:10.000Z,1548760.0,S,2165.0,0.0,0.0,1.0
0000950103-23-016489,2023-11-21T00:25:10.000Z,1548760.0,S,2555.0,0.0,0.0,1.0
0000950103-23-016489,2023-11-21T00:25:10.000Z,1548760.0,S,1016.0,0.0,0.0,1.0
0000950103-23-016489,2023-11-21T00:25:10.000Z,1548760.0,S,200.0,0.0,0.0,1.0
0000950103-23-016489,2023-11-21T00:25:10.000Z,1548760.0,S,700.0,0.0,0.0,1.0
0000950103-23-016489,2023-11-21T00:25:10.000Z,1548760.0,S,1402.0,0.0,0.0,1.0
0000950103-23-016489,2023-11-21T00:25:10.000Z,1548760.0,S,1101.0,0.0,0.0,1.0
0000950103-23-016489,2023-11-21T00:25:10.000Z,1548760.0,S,1100.0,0.0,0.0,1.0
0000950103-23-016489,2023-11-21T00:25:10.000Z,1548760.0,S,987.0,0.0,0.0,1.0
0000950103-23-016489,2023-11-21T00:25:10.000Z,1548760.0,S,1092.0,0.0,0.0,1.0
0000950103-23-016489,2023-11-21T00:25:10.000Z,1548760.0,S,593.0,0.0,0.0,1.0
0000950103-23-016489,2023-11-21T00:25:10.000Z,1548760.0,S,200.0,0.0,0.0,1.0
0000950103-23-016489,2023-11-21T00:25:10.000Z,1548760.0,S,501.0,0.0,0.0,1.0
0000950103-23-016489,2023-11-21T00:25:10.000Z,1548760.0,S,400.0,0.0,0.0,1.0
0000950103-23-016489,2023-11-21T00:25:10.000Z,1548760.0,S,450.0,0.0,0.0,1.0
0000950103-23-016489,2023-11-21T00:25:10.000Z,1548760.0,S,450.0,0.0,0.0,1.0
0000950103-23-016489,2023-11-21T00:25:10.000Z,1548760.0,S,485.0,0.0,0.0,1.0
0000950103-23-016489,2023-11-21T00:25:10.000Z,1548760.0,S,369.0,0.0,0.0,1.0
0000950103-23-016489,2023-11-21T00:25:10.000Z,1548760.0,S,50.0,334.37,16718.5,1.0
0000950103-23-016458,2023-11-18T00:18:00.000Z,,-,,,,
0000950103-23-016457,2023-11-18T00:15:56.000Z,,-,,,,
0000950103-23-016456,2023-11-18T00:13:47.000Z,,-,,,,
0000950103-23-016455,2023-11-18T00:11:43.000Z,,-,,,,
0000950103-23-016454,2023-11-18T00:09:29.000Z,,-,,,,
0000950103-23-016453,2023-11-18T00:07:00.000Z,1564475.0,S,0.0,336.31,0.0,0.0
0000950103-23-016452,2023-11-17T23:56:30.000Z,,-,,,,
0000950103-23-016451,2023-11-17T23:55:45.000Z,,-,,,,
0000950103-23-016450,2023-11-17T23:54:18.000Z,1915704.0,S,0.0,336.31,0.0,1.0
0000950103-23-016450,2023-11-17T23:54:18.000Z,1915704.0,S,7276.0,329.1,2394531.6,1.0
0000950103-23-016449,2023-11-17T23:53:25.000Z,1917373.0,S,0.0,336.31,0.0,1.0
0000950103-23-016449,2023-11-17T23:53:25.000Z,1917373.0,S,4276.0,0.0,0.0,1.0
0000950103-23-016449,2023-11-17T23:53:25.000Z,1917373.0,S,4724.0,0.0,0.0,1.0
0000950103-23-016449,2023-11-17T23:53:25.000Z,1917373.0,S,1923.0,0.0,0.0,1.0
0000950103-23-016448,2023-11-17T23:51:32.000Z,1739092.0,S,0.0,336.31,0.0,1.0
0000950103-23-016448,2023-11-17T23:51:32.000Z,1739092.0,S,0.0,336.31,0.0,1.0
0000950103-23-016448,2023-11-17T23:51:32.000Z,1739092.0,S,17660.0,329.1,5811906.0,1.0
0000950103-23-016447,2023-11-17T23:49:21.000Z,1780525.0,S,566.0,329.1,186270.6,1.0
0000950103-23-016312,2023-11-16T02:34:52.000Z,1548760.0,S,522.0,0.0,0.0,1.0
0000950103-23-016312,2023-11-16T02:34:52.000Z,1548760.0,S,1903.0,0.0,0.0,1.0
0000950103-23-016312,2023-11-16T02:34:52.000Z,1548760.0,S,6525.0,0.0,0.0,1.0
0000950103-23-016312,2023-11-16T02:34:52.000Z,1548760.0,S,3226.0,0.0,0.0,1.0
0000950103-23-016312,2023-11-16T02:34:52.000Z,1548760.0,S,3753.0,0.0,0.0,1.0
0000950103-23-016312,2023-11-16T02:34:52.000Z,1548760.0,S,1100.0,0.0,0.0,1.0
0000950103-23-016312,2023-11-16T02:34:52.000Z,1548760.0,S,800.0,0.0,0.0,1.0
0000950103-23-016312,2023-11-16T02:34:52.000Z,1548760.0,S,100.0,338.25,33825.0,1.0
0000950103-23-016312,2023-11-16T02:34:52.000Z,1548760.0,S,300.0,0.0,0.0,1.0
0000950103-23-016312,2023-11-16T02:34:52.000Z,1548760.0,S,1415.0,0.0,0.0,1.0
0000950103-23-016312,2023-11-16T02:34:52.000Z,1548760.0,S,2320.0,0.0,0.0,1.0
0000950103-23-016312,2023-11-16T02:34:52.000Z,1548760.0,S,1338.0,0.0,0.0,1.0
0000950103-23-016312,2023-11-16T02:34:52.000Z,1548760.0,S,1202.0,0.0,0.0,1.0
0000950103-23-016312,2023-11-16T02:34:52.000Z,1548760.0,S,600.0,0.0,0.0,1.0
0000950103-23-016312,2023-11-16T02:34:52.000Z,1548760.0,S,100.0,0.0,0.0,1.0
0000950103-23-016312,2023-11-16T02:34:52.000Z,1548760.0,S,1117.0,0.0,0.0,1.0
0000950103-23-016312,2023-11-16T02:34:52.000Z,1548760.0,S,612.0,0.0,0.0,1.0
0000950103-23-016312,2023-11-16T02:34:52.000Z,1548760.0,S,476.0,0.0,0.0,1.0
0000950103-23-016312,2023-11-16T02:34:52.000Z,1548760.0,S,400.0,0.0,0.0,1.0
0000950103-23-016312,2023-11-16T02:34:52.000Z,1548760.0,S,200.0,0.0,0.0,1.0
0000950103-23-016311,2023-11-16T02:31:02.000Z,1548760.0,S,2143.0,0.0,0.0,1.0
0000950103-23-016311,2023-11-16T02:31:02.000Z,1548760.0,S,6523.0,0.0,0.0,1.0
0000950103-23-016311,2023-11-16T02:31:02.000Z,1548760.0,S,5318.0,0.0,0.0,1.0
0000950103-23-016311,2023-11-16T02:31:02.000Z,1548760.0,S,3845.0,0.0,0.0,1.0
0000950103-23-016311,2023-11-16T02:31:02.000Z,1548760.0,S,100.0,337.82,33782.0,1.0
0000950103-23-016311,2023-11-16T02:31:02.000Z,1548760.0,S,2094.0,0.0,0.0,1.0
0000950103-23-016311,2023-11-16T02:31:02.000Z,1548760.0,S,1951.0,0.0,0.0,1.0
0000950103-23-016311,2023-11-16T02:31:02.000Z,1548760.0,S,2530.0,0.0,0.0,1.0
0000950103-23-016311,2023-11-16T02:31:02.000Z,1548760.0,S,600.0,0.0,0.0,1.0
0000950103-23-016311,2023-11-16T02:31:02.000Z,1548760.0,S,955.0,0.0,0.0,1.0
0000950103-23-016311,2023-11-16T02:31:02.000Z,1548760.0,S,907.0,0.0,0.0,1.0
0000950103-23-016311,2023-11-16T02:31:02.000Z,1548760.0,S,893.0,0.0,0.0,1.0
0000950103-23-016311,2023-11-16T02:31:02.000Z,1548760.0,S,150.0,0.0,0.0,1.0
0000950103-23-016310,2023-11-16T02:26:52.000Z,1548760.0,S,1159.0,0.0,0.0,1.0
0000950103-23-016310,2023-11-16T02:26:52.000Z,1548760.0,S,1000.0,0.0,0.0,1.0
0000950103-23-016310,2023-11-16T02:26:52.000Z,1548760.0,S,1000.0,0.0,0.0,1.0
0000950103-23-016310,2023-11-16T02:26:52.000Z,1548760.0,S,3456.0,0.0,0.0,1.0
0000950103-23-016310,2023-11-16T02:26:52.000Z,1548760.0,S,8613.0,0.0,0.0,1.0
0000950103-23-016310,2023-11-16T02:26:52.000Z,1548760.0,S,2701.0,0.0,0.0,1.0
0000950103-23-016310,2023-11-16T02:26:52.000Z,1548760.0,S,300.0,0.0,0.0,1.0
0000950103-23-016310,2023-11-16T02:26:52.000Z,1548760.0,S,600.0,0.0,0.0,1.0
0000950103-23-016310,2023-11-16T02:26:52.000Z,1548760.0,S,300.0,0.0,0.0,1.0
0000950103-23-016310,2023-11-16T02:26:52.000Z,1548760.0,S,1509.0,0.0,0.0,1.0
0000950103-23-016310,2023-11-16T02:26:52.000Z,1548760.0,S,3375.0,0.0,0.0,1.0
0000950103-23-016310,2023-11-16T02:26:52.000Z,1548760.0,S,1091.0,0.0,0.0,1.0
0000950103-23-016310,2023-11-16T02:26:52.000Z,1548760.0,S,150.0,0.0,0.0,1.0
0000950103-23-016310,2023-11-16T02:26:52.000Z,1548760.0,S,300.0,0.0,0.0,1.0
0000950103-23-016310,2023-11-16T02:26:52.000Z,1548760.0,S,426.0,0.0,0.0,1.0
0000950103-23-016310,2023-11-16T02:26:52.000Z,1548760.0,S,1428.0,0.0,0.0,1.0
0000950103-23-016310,2023-11-16T02:26:52.000Z,1548760.0,S,551.0,0.0,0.0,1.0
0000950103-23-016310,2023-11-16T02:26:52.000Z,1548760.0,S,50.0,332.06,16603.0,1.0
0000950103-23-016208,2023-11-13T23:38:05.000Z,1548760.0,S,300.0,0.0,0.0,1.0
0000950103-23-016208,2023-11-13T23:38:05.000Z,1548760.0,S,900.0,0.0,0.0,1.0
0000950103-23-016208,2023-11-13T23:38:05.000Z,1548760.0,S,1971.0,0.0,0.0,1.0
0000950103-23-016208,2023-11-13T23:38:05.000Z,1548760.0,S,1880.0,0.0,0.0,1.0
0000950103-23-016208,2023-11-13T23:38:05.000Z,1548760.0,S,800.0,0.0,0.0,1.0
0000950103-23-016208,2023-11-13T23:38:05.000Z,1548760.0,S,2406.0,0.0,0.0,1.0
0000950103-23-016208,2023-11-13T23:38:05.000Z,1548760.0,S,7356.0,0.0,0.0,1.0
0000950103-23-016208,2023-11-13T23:38:05.000Z,1548760.0,S,2181.0,0.0,0.0,1.0
0000950103-23-016208,2023-11-13T23:38:05.000Z,1548760.0,S,135.0,328.78,44385.3,1.0
0000950103-23-016208,2023-11-13T23:38:05.000Z,1548760.0,S,100.0,319.72,31972.000000000004,1.0
0000950103-23-016208,2023-11-13T23:38:05.000Z,1548760.0,S,500.0,0.0,0.0,1.0
0000950103-23-016208,2023-11-13T23:38:05.000Z,1548760.0,S,1000.0,0.0,0.0,1.0
0000950103-23-016208,2023-11-13T23:38:05.000Z,1548760.0,S,500.0,0.0,0.0,1.0
0000950103-23-016208,2023-11-13T23:38:05.000Z,1548760.0,S,250.0,0.0,0.0,1.0
0000950103-23-016208,2023-11-13T23:38:05.000Z,1548760.0,S,1029.0,0.0,0.0,1.0
0000950103-23-016208,2023-11-13T23:38:05.000Z,1548760.0,S,2741.0,0.0,0.0,1.0
0000950103-23-016208,2023-11-13T23:38:05.000Z,1548760.0,S,1055.0,0.0,0.0,1.0
0000950103-23-016208,2023-11-13T23:38:05.000Z,1548760.0,S,50.0,320.31,16015.5,1.0
0000950103-23-016208,2023-11-13T23:38:05.000Z,1548760.0,S,377.0,0.0,0.0,1.0
0000950103-23-016208,2023-11-13T23:38:05.000Z,1548760.0,S,272.0,0.0,0.0,1.0
0000950103-23-016208,2023-11-13T23:38:05.000Z,1548760.0,S,150.0,0.0,0.0,1.0
0000950103-23-016208,2023-11-13T23:38:05.000Z,1548760.0,S,100.0,0.0,0.0,1.0
0000950103-23-016208,2023-11-13T23:38:05.000Z,1548760.0,S,700.0,0.0,0.0,1.0
0000950103-23-016208,2023-11-13T23:38:05.000Z,1548760.0,S,1031.0,0.0,0.0,1.0
0000950103-23-016208,2023-11-13T23:38:05.000Z,1548760.0,S,225.0,0.0,0.0,1.0
0000950103-23-016207,2023-11-13T23:29:39.000Z,1548760.0,S,6292.0,0.0,0.0,1.0
0000950103-23-016207,2023-11-13T23:29:39.000Z,1548760.0,S,4352.0,0.0,0.0,1.0
0000950103-23-016207,2023-11-13T23:29:39.000Z,1548760.0,S,3546.0,0.0,0.0,1.0
0000950103-23-016207,2023-11-13T23:29:39.000Z,1548760.0,S,2739.0,0.0,0.0,1.0
0000950103-23-016207,2023-11-13T23:29:39.000Z,1548760.0,S,1000.0,0.0,0.0,1.0
0000950103-23-016207,2023-11-13T23:29:39.000Z,1548760.0,S,2424.0,0.0,0.0,1.0
0000950103-23-016207,2023-11-13T23:29:39.000Z,1548760.0,S,2085.0,0.0,0.0,1.0
0000950103-23-016207,2023-11-13T23:29:39.000Z,1548760.0,S,1300.0,0.0,0.0,1.0
0000950103-23-016207,2023-11-13T23:29:39.000Z,1548760.0,S,1000.0,0.0,0.0,1.0
0000950103-23-016207,2023-11-13T23:29:39.000Z,1548760.0,S,366.0,0.0,0.0,1.0
0000950103-23-016207,2023-11-13T23:29:39.000Z,1548760.0,S,800.0,0.0,0.0,1.0
0000950103-23-016207,2023-11-13T23:29:39.000Z,1548760.0,S,901.0,0.0,0.0,1.0
0000950103-23-016207,2023-11-13T23:29:39.000Z,1548760.0,S,700.0,0.0,0.0,1.0
0000950103-23-016207,2023-11-13T23:29:39.000Z,1548760.0,S,454.0,0.0,0.0,1.0
0000950103-23-016207,2023-11-13T23:29:39.000Z,1548760.0,S,50.0,323.665,16183.250000000002,1.0
0000950103-23-016154,2023-11-09T23:46:26.000Z,1548760.0,S,2701.0,0.0,0.0,1.0
0000950103-23-016154,2023-11-09T23:46:26.000Z,1548760.0,S,4004.0,0.0,0.0,1.0
0000950103-23-016154,2023-11-09T23:46:26.000Z,1548760.0,S,2100.0,0.0,0.0,1.0
0000950103-23-016154,2023-11-09T23:46:26.000Z,1548760.0,S,2901.0,0.0,0.0,1.0
0000950103-23-016154,2023-11-09T23:46:26.000Z,1548760.0,S,3959.0,0.0,0.0,1.0
0000950103-23-016154,2023-11-09T23:46:26.000Z,1548760.0,S,2264.0,0.0,0.0,1.0
0000950103-23-016154,2023-11-09T23:46:26.000Z,1548760.0,S,1122.0,0.0,0.0,1.0
0000950103-23-016154,2023-11-09T23:46:26.000Z,1548760.0,S,1412.0,0.0,0.0,1.0
0000950103-23-016154,2023-11-09T23:46:26.000Z,1548760.0,S,900.0,0.0,0.0,1.0
0000950103-23-016154,2023-11-09T23:46:26.000Z,1548760.0,S,1200.0,0.0,0.0,1.0
0000950103-23-016154,2023-11-09T23:46:26.000Z,1548760.0,S,1909.0,0.0,0.0,1.0
0000950103-23-016154,2023-11-09T23:46:26.000Z,1548760.0,S,632.0,0.0,0.0,1.0
0000950103-23-016154,2023-11-09T23:46:26.000Z,1548760.0,S,450.0,0.0,0.0,1.0
0000950103-23-016154,2023-11-09T23:46:26.000Z,1548760.0,S,727.0,0.0,0.0,1.0
0000950103-23-016154,2023-11-09T23:46:26.000Z,1548760.0,S,450.0,0.0,0.0,1.0
0000950103-23-016154,2023-11-09T23:46:26.000Z,1548760.0,S,464.0,0.0,0.0,1.0
0000950103-23-016154,2023-11-09T23:46:26.000Z,1548760.0,S,664.0,0.0,0.0,1.0
0000950103-23-016154,2023-11-09T23:46:26.000Z,1548760.0,S,150.0,0.0,0.0,1.0
0000950103-23-016151,2023-11-09T23:34:58.000Z,1548760.0,S,1065.0,0.0,0.0,1.0
0000950103-23-016151,2023-11-09T23:34:58.000Z,1548760.0,S,1200.0,0.0,0.0,1.0
0000950103-23-016151,2023-11-09T23:34:58.000Z,1548760.0,S,1594.0,0.0,0.0,1.0
0000950103-23-016151,2023-11-09T23:34:58.000Z,1548760.0,S,6178.0,0.0,0.0,1.0
0000950103-23-016151,2023-11-09T23:34:58.000Z,1548760.0,S,7692.0,0.0,0.0,1.0
0000950103-23-016151,2023-11-09T23:34:58.000Z,1548760.0,S,200.0,0.0,0.0,1.0
0000950103-23-016151,2023-11-09T23:34:58.000Z,1548760.0,S,500.0,0.0,0.0,1.0
0000950103-23-016151,2023-11-09T23:34:58.000Z,1548760.0,S,400.0,0.0,0.0,1.0
0000950103-23-016151,2023-11-09T23:34:58.000Z,1548760.0,S,802.0,0.0,0.0,1.0
0000950103-23-016151,2023-11-09T23:34:58.000Z,1548760.0,S,3173.0,0.0,0.0,1.0
0000950103-23-016151,2023-11-09T23:34:58.000Z,1548760.0,S,2200.0,0.0,0.0,1.0
0000950103-23-016151,2023-11-09T23:34:58.000Z,1548760.0,S,100.0,320.9375,32093.75,1.0
0000950103-23-016151,2023-11-09T23:34:58.000Z,1548760.0,S,200.0,0.0,0.0,1.0
0000950103-23-016151,2023-11-09T23:34:58.000Z,1548760.0,S,100.0,0.0,0.0,1.0
0000950103-23-016151,2023-11-09T23:34:58.000Z,1548760.0,S,350.0,0.0,0.0,1.0
0000950103-23-016151,2023-11-09T23:34:58.000Z,1548760.0,S,1355.0,0.0,0.0,1.0
0000950103-23-016151,2023-11-09T23:34:58.000Z,1548760.0,S,900.0,0.0,0.0,1.0
0000950103-23-016150,2023-11-09T23:32:18.000Z,1780525.0,S,658.0,317.0,208586.0,1.0
0000950103-23-016089,2023-11-07T23:40:18.000Z,1548760.0,S,4377.0,0.0,0.0,1.0
0000950103-23-016089,2023-11-07T23:40:18.000Z,1548760.0,S,8184.0,0.0,0.0,1.0
0000950103-23-016089,2023-11-07T23:40:18.000Z,1548760.0,S,4568.0,0.0,0.0,1.0
0000950103-23-016089,2023-11-07T23:40:18.000Z,1548760.0,S,800.0,0.0,0.0,1.0
0000950103-23-016089,2023-11-07T23:40:18.000Z,1548760.0,S,2397.0,0.0,0.0,1.0
0000950103-23-016089,2023-11-07T23:40:18.000Z,1548760.0,S,2899.0,0.0,0.0,1.0
0000950103-23-016089,2023-11-07T23:40:18.000Z,1548760.0,S,1679.0,0.0,0.0,1.0
0000950103-23-016089,2023-11-07T23:40:18.000Z,1548760.0,S,200.0,0.0,0.0,1.0
0000950103-23-016089,2023-11-07T23:40:18.000Z,1548760.0,S,675.0,0.0,0.0,1.0
0000950103-23-016089,2023-11-07T23:40:18.000Z,1548760.0,S,1480.0,0.0,0.0,1.0
0000950103-23-016089,2023-11-07T23:40:18.000Z,1548760.0,S,700.0,0.0,0.0,1.0
0000950103-23-016089,2023-11-07T23:40:18.000Z,1548760.0,S,50.0,317.85,15892.500000000002,1.0
0000950103-23-016088,2023-11-07T23:35:33.000Z,1548760.0,S,1944.0,0.0,0.0,1.0
0000950103-23-016088,2023-11-07T23:35:33.000Z,1548760.0,S,5629.0,0.0,0.0,1.0
0000950103-23-016088,2023-11-07T23:35:33.000Z,1548760.0,S,3972.0,0.0,0.0,1.0
0000950103-23-016088,2023-11-07T23:35:33.000Z,1548760.0,S,5077.0,0.0,0.0,1.0
0000950103-23-016088,2023-11-07T23:35:33.000Z,1548760.0,S,1307.0,0.0,0.0,1.0
0000950103-23-016088,2023-11-07T23:35:33.000Z,1548760.0,S,1590.0,0.0,0.0,1.0
0000950103-23-016088,2023-11-07T23:35:33.000Z,1548760.0,S,2203.0,0.0,0.0,1.0
0000950103-23-016088,2023-11-07T23:35:33.000Z,1548760.0,S,1400.0,0.0,0.0,1.0
0000950103-23-016088,2023-11-07T23:35:33.000Z,1548760.0,S,1982.0,0.0,0.0,1.0
0000950103-23-016088,2023-11-07T23:35:33.000Z,1548760.0,S,607.0,0.0,0.0,1.0
0000950103-23-016088,2023-11-07T23:35:33.000Z,1548760.0,S,800.0,0.0,0.0,1.0
0000950103-23-016088,2023-11-07T23:35:33.000Z,1548760.0,S,550.0,0.0,0.0,1.0
0000950103-23-016088,2023-11-07T23:35:33.000Z,1548760.0,S,948.0,0.0,0.0,1.0
0000950103-23-016017,2023-11-03T22:15:51.000Z,1548760.0,S,7119.0,0.0,0.0,1.0
0000950103-23-016017,2023-11-03T22:15:51.000Z,1548760.0,S,4978.0,0.0,0.0,1.0
0000950103-23-016017,2023-11-03T22:15:51.000Z,1548760.0,S,2611.0,0.0,0.0,1.0
0000950103-23-016017,2023-11-03T22:15:51.000Z,1548760.0,S,912.0,0.0,0.0,1.0
0000950103-23-016017,2023-11-03T22:15:51.000Z,1548760.0,S,708.0,0.0,0.0,1.0
0000950103-23-016017,2023-11-03T22:15:51.000Z,1548760.0,S,400.0,0.0,0.0,1.0
0000950103-23-016017,2023-11-03T22:15:51.000Z,1548760.0,S,700.0,0.0,0.0,1.0
0000950103-23-016017,2023-11-03T22:15:51.000Z,1548760.0,S,201.0,0.0,0.0,1.0
0000950103-23-016017,2023-11-03T22:15:51.000Z,1548760.0,S,300.0,0.0,0.0,1.0
0000950103-23-016017,2023-11-03T22:15:51.000Z,1548760.0,S,2704.0,0.0,0.0,1.0
0000950103-23-016017,2023-11-03T22:15:51.000Z,1548760.0,S,2386.0,0.0,0.0,1.0
0000950103-23-016017,2023-11-03T22:15:51.000Z,1548760.0,S,785.0,0.0,0.0,1.0
0000950103-23-016017,2023-11-03T22:15:51.000Z,1548760.0,S,500.0,0.0,0.0,1.0
0000950103-23-016017,2023-11-03T22:15:51.000Z,1548760.0,S,200.0,0.0,0.0,1.0
0000950103-23-016017,2023-11-03T22:15:51.000Z,1548760.0,S,400.0,0.0,0.0,1.0
0000950103-23-016017,2023-11-03T22:15:51.000Z,1548760.0,S,200.0,0.0,0.0,1.0
0000950103-23-016017,2023-11-03T22:15:51.000Z,1548760.0,S,1151.0,0.0,0.0,1.0
0000950103-23-016017,2023-11-03T22:15:51.000Z,1548760.0,S,863.0,0.0,0.0,1.0
0000950103-23-016017,2023-11-03T22:15:51.000Z,1548760.0,S,491.0,0.0,0.0,1.0
0000950103-23-016017,2023-11-03T22:15:51.000Z,1548760.0,S,100.0,0.0,0.0,1.0
0000950103-23-016017,2023-11-03T22:15:51.000Z,1548760.0,S,100.0,0.0,0.0,1.0
0000950103-23-016017,2023-11-03T22:15:51.000Z,1548760.0,S,100.0,0.0,0.0,1.0
0000950103-23-016017,2023-11-03T22:15:51.000Z,1548760.0,S,50.0,316.11,15805.5,1.0
0000950103-23-016017,2023-11-03T22:15:51.000Z,1548760.0,S,50.0,318.48,15924.0,1.0
0000950103-23-016015,2023-11-03T22:07:47.000Z,1548760.0,S,1500.0,0.0,0.0,1.0
0000950103-23-016015,2023-11-03T22:07:47.000Z,1548760.0,S,1900.0,0.0,0.0,1.0
0000950103-23-016015,2023-11-03T22:07:47.000Z,1548760.0,S,1207.0,0.0,0.0,1.0
0000950103-23-016015,2023-11-03T22:07:47.000Z,1548760.0,S,4410.0,0.0,0.0,1.0
0000950103-23-016015,2023-11-03T22:07:47.000Z,1548760.0,S,3570.0,0.0,0.0,1.0
0000950103-23-016015,2023-11-03T22:07:47.000Z,1548760.0,S,1305.0,0.0,0.0,1.0
0000950103-23-016015,2023-11-03T22:07:47.000Z,1548760.0,S,400.0,0.0,0.0,1.0
0000950103-23-016015,2023-11-03T22:07:47.000Z,1548760.0,S,900.0,0.0,0.0,1.0
0000950103-23-016015,2023-11-03T22:07:47.000Z,1548760.0,S,2137.0,0.0,0.0,1.0
0000950103-23-016015,2023-11-03T22:07:47.000Z,1548760.0,S,600.0,0.0,0.0,1.0
0000950103-23-016015,2023-11-03T22:07:47.000Z,1548760.0,S,800.0,0.0,0.0,1.0
0000950103-23-016015,2023-11-03T22:07:47.000Z,1548760.0,S,600.0,0.0,0.0,1.0
0000950103-23-016015,2023-11-03T22:07:47.000Z,1548760.0,S,300.0,0.0,0.0,1.0
0000950103-23-016015,2023-11-03T22:07:47.000Z,1548760.0,S,900.0,0.0,0.0,1.0
0000950103-23-016015,2023-11-03T22:07:47.000Z,1548760.0,S,2200.0,0.0,0.0,1.0
0000950103-23-016015,2023-11-03T22:07:47.000Z,1548760.0,S,800.0,0.0,0.0,1.0
0000950103-23-016015,2023-11-03T22:07:47.000Z,1548760.0,S,300.0,0.0,0.0,1.0
0000950103-23-016015,2023-11-03T22:07:47.000Z,1548760.0,S,500.0,0.0,0.0,1.0
0000950103-23-016015,2023-11-03T22:07:47.000Z,1548760.0,S,575.0,0.0,0.0,1.0
0000950103-23-016015,2023-11-03T22:07:47.000Z,1548760.0,S,200.0,0.0,0.0,1.0
0000950103-23-016015,2023-11-03T22:07:47.000Z,1548760.0,S,400.0,0.0,0.0,1.0
0000950103-23-016015,2023-11-03T22:07:47.000Z,1548760.0,S,200.0,0.0,0.0,1.0
0000950103-23-016015,2023-11-03T22:07:47.000Z,1548760.0,S,200.0,0.0,0.0,1.0
0000950103-23-016015,2023-11-03T22:07:47.000Z,1548760.0,S,800.0,0.0,0.0,1.0
0000950103-23-016015,2023-11-03T22:07:47.000Z,1548760.0,S,550.0,0.0,0.0,1.0
0000950103-23-016015,2023-11-03T22:07:47.000Z,1548760.0,S,200.0,0.0,0.0,1.0
0000950103-23-016015,2023-11-03T22:07:47.000Z,1548760.0,S,50.0,309.43,15471.5,1.0
0000950103-23-016015,2023-11-03T22:07:47.000Z,1548760.0,S,355.0,0.0,0.0,1.0
0000950103-23-016015,2023-11-03T22:07:47.000Z,1548760.0,S,150.0,0.0,0.0,1.0
0000950103-23-015965,2023-11-02T22:10:13.000Z,1780525.0,S,670.0,303.11,203083.7,1.0
0000950103-23-015419,2023-10-26T22:13:20.000Z,1780525.0,S,670.0,316.78,212242.6,1.0
0000950103-23-015168,2023-10-19T22:22:15.000Z,1780525.0,S,670.0,318.19,213187.3,1.0
0000950103-23-014936,2023-10-12T22:02:40.000Z,1780525.0,S,670.0,319.25,213897.5,1.0
0000950103-23-014714,2023-10-05T22:09:14.000Z,1780525.0,S,670.0,304.0,203680.0,1.0
0000950103-23-014231,2023-09-28T22:45:20.000Z,1780525.0,S,670.0,297.66,199432.2,1.0
0000950103-23-013869,2023-09-21T22:18:03.000Z,1780525.0,S,670.0,302.48,202661.6,1.0
0000950103-23-013627,2023-09-14T22:10:37.000Z,1780525.0,S,670.0,306.34,205247.8,1.0
0000950103-23-013402,2023-09-07T22:10:40.000Z,1780525.0,S,670.0,297.45,199291.5,1.0
0000950103-23-013100,2023-08-31T22:53:08.000Z,1780525.0,S,670.0,288.45,193261.5,1.0
0000950103-23-012617,2023-08-24T22:48:05.000Z,1780525.0,S,670.0,292.55,196008.5,1.0
0000950103-23-012530,2023-08-23T22:25:26.000Z,,-,,,,
0000950103-23-012317,2023-08-18T22:56:22.000Z,1564475.0,S,4277.0,293.0,1253161.0,1.0
0000950103-23-012241,2023-08-17T22:44:32.000Z,,-,,,,
0000950103-23-012240,2023-08-17T22:41:56.000Z,,-,,,,
0000950103-23-012239,2023-08-17T22:38:52.000Z,,-,,,,
0000950103-23-012238,2023-08-17T22:35:42.000Z,,-,,,,
0000950103-23-012237,2023-08-17T22:32:14.000Z,,-,,,,
0000950103-23-012236,2023-08-17T22:28:55.000Z,,-,,,,
0000950103-23-012235,2023-08-17T22:26:55.000Z,,-,,,,
0000950103-23-012234,2023-08-17T22:22:31.000Z,1564475.0,S,0.0,306.19,0.0,0.0
0000950103-23-012233,2023-08-17T22:20:17.000Z,1917373.0,S,0.0,306.19,0.0,1.0
0000950103-23-012233,2023-08-17T22:20:17.000Z,1917373.0,S,4885.0,0.0,0.0,1.0
0000950103-23-012233,2023-08-17T22:20:17.000Z,1917373.0,S,4039.0,0.0,0.0,1.0
0000950103-23-012233,2023-08-17T22:20:17.000Z,1917373.0,S,1998.0,0.0,0.0,1.0
0000950103-23-012232,2023-08-17T22:19:36.000Z,1915704.0,S,0.0,306.19,0.0,1.0
0000950103-23-012232,2023-08-17T22:19:36.000Z,1915704.0,S,9974.0,300.0,2992200.0,1.0
0000950103-23-012231,2023-08-17T22:17:53.000Z,1780525.0,S,0.0,300.0,0.0,1.0
0000950103-23-012230,2023-08-17T22:16:31.000Z,1739092.0,S,0.0,306.19,0.0,1.0
0000950103-23-012230,2023-08-17T22:16:31.000Z,1739092.0,S,0.0,306.19,0.0,1.0
0000950103-23-012230,2023-08-17T22:16:31.000Z,1739092.0,S,7959.0,0.0,0.0,1.0
0000950103-23-012230,2023-08-17T22:16:31.000Z,1739092.0,S,5006.0,0.0,0.0,1.0
0000950103-23-012230,2023-08-17T22:16:31.000Z,1739092.0,S,6805.0,0.0,0.0,1.0
0000950103-23-011870,2023-08-10T22:28:07.000Z,1780525.0,S,0.0,314.83,0.0,1.0
0000950103-23-011806,2023-08-10T00:23:03.000Z,,-,,,,
0000950103-23-011546,2023-08-03T22:06:08.000Z,1780525.0,S,0.0,317.67,0.0,1.0
0000950103-23-010872,2023-07-27T22:17:56.000Z,1780525.0,S,0.0,295.19,0.0,1.0
0000950103-23-010562,2023-07-20T22:16:14.000Z,1780525.0,S,0.0,310.97,0.0,1.0
0000950103-23-010308,2023-07-14T00:03:18.000Z,1780525.0,S,0.0,0.0,0.0,1.0
0000950103-23-009931,2023-07-05T22:17:53.000Z,1780525.0,S,0.0,286.7,0.0,1.0
0000950103-23-009687,2023-06-29T23:16:05.000Z,1780525.0,S,0.0,282.0,0.0,1.0
0000950103-23-009120,2023-06-22T22:07:43.000Z,1780525.0,S,0.0,278.73,0.0,1.0
0000950103-23-008946,2023-06-16T22:25:22.000Z,,-,,,,
0000950103-23-008945,2023-06-16T22:23:22.000Z,,-,,,,
0000950103-23-008944,2023-06-16T22:20:48.000Z,,-,,,,
0000950103-23-008943,2023-06-16T22:18:25.000Z,,-,,,,
0000950103-23-008942,2023-06-16T22:16:36.000Z,,-,,,,
0000950103-23-008941,2023-06-16T22:14:43.000Z,,-,,,,
0000950103-23-008940,2023-06-16T22:12:28.000Z,,-,,,,
0000950103-23-008939,2023-06-16T22:09:42.000Z,,-,,,,
0000950103-23-008897,2023-06-15T23:04:28.000Z,1780525.0,S,0.0,275.0,0.0,1.0
0000950103-23-008674,2023-06-08T22:06:38.000Z,1780525.0,S,0.0,270.14,0.0,1.0
0000950103-23-008340,2023-06-01T22:48:14.000Z,1780525.0,S,0.0,265.0,0.0,1.0
0000950103-23-007890,2023-05-25T22:11:46.000Z,1780525.0,S,0.0,247.06,0.0,1.0
0000950103-23-007790,2023-05-24T23:50:35.000Z,,-,,,,
0000950103-23-007558,2023-05-19T22:08:03.000Z,1564475.0,S,1965.0,0.0,0.0,1.0
0000950103-23-007558,2023-05-19T22:08:03.000Z,1564475.0,S,2259.0,0.0,0.0,1.0
0000950103-23-007558,2023-05-19T22:08:03.000Z,1564475.0,S,50.0,240.38,12019.0,1.0
0000950103-23-007443,2023-05-18T01:37:07.000Z,1915704.0,S,0.0,233.81,0.0,1.0
0000950103-23-007443,2023-05-18T01:37:07.000Z,1915704.0,S,4575.0,235.58,1077778.5,1.0
0000950103-23-007442,2023-05-18T01:36:15.000Z,,-,,,,
0000950103-23-007441,2023-05-18T01:35:07.000Z,,-,,,,
0000950103-23-007440,2023-05-18T01:34:37.000Z,,-,,,,
0000950103-23-007439,2023-05-18T01:32:55.000Z,1780525.0,S,722.0,235.58,170088.76,1.0
0000950103-23-007438,2023-05-18T01:32:53.000Z,1564475.0,S,0.0,233.81,0.0,0.0
0000950103-23-007437,2023-05-18T01:31:07.000Z,1739092.0,S,0.0,233.81,0.0,0.0
0000950103-23-007437,2023-05-18T01:31:07.000Z,1739092.0,S,0.0,233.81,0.0,0.0
0000950103-23-007436,2023-05-18T01:29:23.000Z,,-,,,,
0000950103-23-007435,2023-05-18T01:27:37.000Z,,-,,,,
0000950103-23-007434,2023-05-18T01:26:03.000Z,,-,,,,
0000950103-23-007433,2023-05-18T01:24:01.000Z,,-,,,,
0000950103-23-007432,2023-05-18T01:22:14.000Z,1917373.0,S,0.0,233.81,0.0,1.0
0000950103-23-007432,2023-05-18T01:22:14.000Z,1917373.0,S,10923.0,235.58,2573240.3400000003,1.0
0000950103-23-007431,2023-05-18T01:19:18.000Z,,-,,,,
0000950103-23-007430,2023-05-18T01:16:52.000Z,,-,,,,
0000950103-23-007130,2023-05-10T22:06:14.000Z,1780525.0,S,0.0,231.08,0.0,1.0
0000950103-23-006815,2023-05-03T23:40:41.000Z,1780525.0,S,0.0,243.18,0.0,1.0
0000950103-23-006440,2023-04-27T22:35:51.000Z,1780525.0,S,0.0,210.93,0.0,1.0
0000950103-23-005988,2023-04-20T23:11:39.000Z,1780525.0,S,0.0,219.94,0.0,1.0
0000950103-23-005698,2023-04-13T00:07:39.000Z,1780525.0,S,0.0,215.84,0.0,1.0
0000950103-23-005497,2023-04-07T00:12:20.000Z,1780525.0,S,0.0,213.12,0.0,1.0
0000950103-23-004909,2023-03-29T22:21:42.000Z,1780525.0,S,0.0,200.0,0.0,0.0
0000950103-23-004550,2023-03-23T01:54:12.000Z,,-,,,,
0000950103-23-004549,2023-03-23T01:53:04.000Z,,-,,,,
0000950103-23-004548,2023-03-23T01:52:41.000Z,1780525.0,S,0.0,203.26,0.0,0.0
0000950103-23-004547,2023-03-23T01:51:22.000Z,,-,,,,
0000950103-23-004546,2023-03-23T01:50:42.000Z,,-,,,,
0000950103-23-004545,2023-03-23T01:49:54.000Z,,-,,,,
0000950103-23-004544,2023-03-23T01:47:58.000Z,,-,,,,
0000950103-23-004239,2023-03-16T23:40:41.000Z,1780525.0,S,393.0,187.25,73589.25,0.0
0000950103-23-003915,2023-03-09T23:11:44.000Z,1780525.0,S,393.0,189.0,74277.0,0.0
0000950103-23-003616,2023-03-02T23:17:50.000Z,1780525.0,S,393.0,171.99,67592.07,0.0
0000950103-23-002762,2023-02-22T23:12:27.000Z,1780525.0,S,393.0,174.05,68401.65000000001,0.0
0000950103-23-002651,2023-02-21T23:28:03.000Z,1564475.0,S,13341.0,170.23,2271038.43,0.0
0000950103-23-002609,2023-02-18T00:17:21.000Z,,-,,,,
0000950103-23-002608,2023-02-18T00:17:01.000Z,,-,,,,
0000950103-23-002607,2023-02-18T00:16:31.000Z,1564475.0,S,0.0,179.48,0.0,0.0
0000950103-23-002606,2023-02-18T00:14:25.000Z,1780525.0,S,393.0,0.0,0.0,0.0
0000950103-23-002605,2023-02-18T00:13:31.000Z,,-,,,,
0000950103-23-002604,2023-02-18T00:13:22.000Z,1541774.0,S,1400.0,172.96,242144.0,0.0
0000950103-23-002603,2023-02-18T00:13:12.000Z,1586643.0,S,0.0,179.48,0.0,0.0
0000950103-23-002602,2023-02-18T00:11:49.000Z,,-,,,,
0000950103-23-002601,2023-02-18T00:10:51.000Z,,-,,,,
0000950103-23-002600,2023-02-18T00:10:21.000Z,1739092.0,S,0.0,179.48,0.0,0.0
0000950103-23-002600,2023-02-18T00:10:21.000Z,1739092.0,S,0.0,179.48,0.0,0.0
0000950103-23-002599,2023-02-18T00:09:39.000Z,1915704.0,S,0.0,179.48,0.0,0.0
0000950103-23-002599,2023-02-18T00:09:39.000Z,1915704.0,S,5225.0,0.0,0.0,0.0
0000950103-23-002598,2023-02-18T00:09:17.000Z,,-,,,,
0000950103-23-002597,2023-02-18T00:06:02.000Z,1917373.0,S,0.0,179.48,0.0,0.0
0000950103-23-002597,2023-02-18T00:06:02.000Z,1917373.0,S,15501.0,172.96,2681052.96,0.0
0000950103-23-002597,2023-02-18T00:06:02.000Z,1917373.0,S,15000.0,172.96,2594400.0,0.0
0000950103-23-002188,2023-02-10T23:17:14.000Z,1780525.0,S,327.0,190.0,62130.0,0.0
0000950103-23-002103,2023-02-09T23:07:17.000Z,1586643.0,S,23317.0,0.0,0.0,0.0
0000950103-23-001868,2023-02-03T23:12:44.000Z,1780525.0,S,342.0,148.0,50616.0,0.0
0000950103-23-001243,2023-01-27T23:23:51.000Z,1780525.0,S,342.0,141.4,48358.8,0.0
0000950103-23-000834,2023-01-20T23:08:44.000Z,1780525.0,S,342.0,135.71,46412.82,0.0
0000950103-23-000401,2023-01-11T23:10:54.000Z,1780525.0,S,342.0,131.03,44812.26,0.0
0000950103-23-000220,2023-01-06T23:14:07.000Z,1780525.0,S,342.0,127.4,43570.8,0.0
0000950103-22-021763,2022-12-29T23:08:58.000Z,1780525.0,S,342.0,116.44,39822.48,0.0
0000950103-22-021406,2022-12-23T23:12:44.000Z,1780525.0,S,342.0,116.7,39911.4,0.0
0000950103-22-021120,2022-12-17T00:20:06.000Z,1780525.0,S,342.0,119.63,40913.46,0.0
0000950103-22-020902,2022-12-09T23:18:52.000Z,1780525.0,S,342.0,113.89,38950.38,0.0
0000950103-22-020738,2022-12-02T23:39:15.000Z,1780525.0,S,342.0,109.38,37407.96,0.0
0000950103-22-020079,2022-11-23T23:10:35.000Z,1780525.0,S,342.0,111.6,38167.2,0.0
0000950103-22-019880,2022-11-18T02:35:06.000Z,1915704.0,S,0.0,114.22,0.0,0.0
0000950103-22-019880,2022-11-18T02:35:06.000Z,1915704.0,S,8899.0,114.39,1017956.61,0.0
0000950103-22-019879,2022-11-18T02:21:48.000Z,,-,,,,
0000950103-22-019878,2022-11-18T02:19:51.000Z,,-,,,,
0000950103-22-019877,2022-11-18T02:19:07.000Z,,-,,,,
0000950103-22-019876,2022-11-18T02:18:16.000Z,1739092.0,S,0.0,114.22,0.0,0.0
0000950103-22-019876,2022-11-18T02:18:16.000Z,1739092.0,S,0.0,114.22,0.0,0.0
0000950103-22-019875,2022-11-18T02:17:59.000Z,1564475.0,S,0.0,114.22,0.0,0.0
0000950103-22-019874,2022-11-18T02:17:51.000Z,1541774.0,S,1421.0,114.39,162548.19,0.0
0000950103-22-019873,2022-11-18T02:16:33.000Z,1780525.0,S,342.0,114.39,39121.38,0.0
0000950103-22-019872,2022-11-18T02:16:07.000Z,1586643.0,S,0.0,114.22,0.0,0.0
0000950103-22-019871,2022-11-18T02:15:06.000Z,,-,,,,
0000950103-22-019870,2022-11-18T02:14:23.000Z,1917373.0,S,0.0,114.22,0.0,0.0
0000950103-22-019870,2022-11-18T02:14:23.000Z,1917373.0,S,7361.0,0.0,0.0,0.0
0000950103-22-019870,2022-11-18T02:14:23.000Z,1917373.0,S,6709.0,0.0,0.0,0.0
0000950103-22-019870,2022-11-18T02:14:23.000Z,1917373.0,S,600.0,0.0,0.0,0.0
0000950103-22-019870,2022-11-18T02:14:23.000Z,1917373.0,S,7400.0,0.0,0.0,0.0
0000950103-22-019870,2022-11-18T02:14:23.000Z,1917373.0,S,6800.0,0.0,0.0,0.0
0000950103-22-019870,2022-11-18T02:14:23.000Z,1917373.0,S,800.0,0.0,0.0,0.0
0000950103-22-019869,2022-11-18T02:12:43.000Z,,-,,,,
0000950103-22-019868,2022-11-18T01:57:30.000Z,,-,,,,
0000950103-22-019524,2022-11-10T23:32:40.000Z,1780525.0,S,327.0,95.93,31369.11,0.0
0000950103-22-019181,2022-11-03T22:54:50.000Z,1780525.0,S,342.0,94.31,32254.02,0.0
0000950103-22-018515,2022-10-27T22:59:55.000Z,1780525.0,S,342.0,130.8,44733.600000000006,0.0
0000950103-22-018120,2022-10-20T22:46:46.000Z,1780525.0,S,342.0,137.0,46854.0,0.0
0000950103-22-018064,2022-10-19T22:27:33.000Z,,-,,,,
0000950103-22-017792,2022-10-13T22:06:29.000Z,1780525.0,S,342.0,131.44,44952.48,0.0
0000950103-22-017484,2022-10-06T22:14:26.000Z,1780525.0,S,342.0,140.35,47999.7,0.0
0000950103-26-012611,2026-08-19T01:05:38.000Z,,-,,,,
