accession,accepted,code,owner,shares,price,value,plan
0001104659-26-113405,2026-10-02T22:13:44.000Z,-,,,,,
0001065280-26-000289,2026-10-02T20:06:24.000Z,-,,,,,
0001065280-26-000288,2026-10-02T20:05:56.000Z,-,,,,,
0001065280-26-000287,2026-10-02T20:05:31.000Z,-,,,,,
0001065280-26-000286,2026-10-02T20:04:57.000Z,-,,,,,
0001065280-26-000285,2026-10-02T20:04:37.000Z,-,,,,,
0001065280-26-000284,2026-10-02T20:04:15.000Z,-,,,,,
0001065280-26-000283,2026-10-02T20:03:54.000Z,-,,,,,
0001065280-26-000282,2026-10-02T20:03:30.000Z,-,,,,,
0001065280-26-000281,2026-10-02T20:03:08.000Z,-,,,,,
0001065280-26-000271,2026-09-11T00:04:49.000Z,S,0001184230,0.0,76.26,0.0,1.0
0001065280-26-000271,2026-09-11T00:04:49.000Z,S,0001184230,0.0,75.27,0.0,1.0
0001065280-26-000269,2026-09-09T20:08:33.000Z,S,0001184230,0.0,77.6,0.0,1.0
0001104659-26-104794,2026-09-02T21:20:31.000Z,-,,,,,
0001065280-26-000267,2026-09-02T20:16:25.000Z,-,,,,,
0001065280-26-000266,2026-09-02T20:15:33.000Z,-,,,,,
0001065280-26-000265,2026-09-02T20:15:09.000Z,-,,,,,
0001065280-26-000264,2026-09-02T20:14:40.000Z,-,,,,,
0001065280-26-000263,2026-09-02T20:14:15.000Z,-,,,,,
0001065280-26-000262,2026-09-02T20:13:47.000Z,-,,,,,
0001065280-26-000261,2026-09-02T20:13:10.000Z,-,,,,,
0001065280-26-000260,2026-09-02T20:12:44.000Z,-,,,,,
0001065280-26-000259,2026-09-02T20:11:57.000Z,-,,,,,
0001065280-26-000249,2026-08-10T20:34:17.000Z,S,0001543133,9248.0,75.7901,700906.8448,0.0
0001065280-26-000247,2026-08-06T20:45:10.000Z,S,0001583109,27312.0,0.0,0.0,0.0
0001065280-26-000246,2026-08-06T20:42:20.000Z,S,0001184230,0.0,75.1,0.0,1.0
0001104659-26-090530,2026-08-04T21:56:22.000Z,-,,,,,
0001065280-26-000242,2026-08-04T21:23:20.000Z,S,0001507747,5723.0,0.0,0.0,0.0
0001065280-26-000240,2026-08-04T21:20:49.000Z,-,,,,,
0001065280-26-000238,2026-08-04T21:17:23.000Z,-,,,,,
0001065280-26-000236,2026-08-04T21:16:20.000Z,-,,,,,
0001065280-26-000234,2026-08-04T21:15:07.000Z,S,0001393838,0.0,0.0,0.0,1.0
0001065280-26-000234,2026-08-04T21:15:07.000Z,S,0001393838,0.0,0.0,0.0,1.0
0001065280-26-000234,2026-08-04T21:15:07.000Z,S,0001393838,27312.0,0.0,0.0,1.0
0001065280-26-000232,2026-08-04T21:08:54.000Z,-,,,,,
0001065280-26-000230,2026-08-04T21:07:59.000Z,-,,,,,
0001065280-26-000228,2026-08-04T21:07:07.000Z,-,,,,,
0001065280-26-000226,2026-08-04T21:06:21.000Z,-,,,,,
0001065280-26-000224,2026-08-04T21:05:18.000Z,-,,,,,
0001065280-26-000223,2026-08-04T21:04:09.000Z,-,,,,,
0001065280-26-000221,2026-08-04T21:03:07.000Z,-,,,,,
0001065280-26-000219,2026-08-04T21:02:02.000Z,-,,,,,
0001065280-26-000217,2026-08-04T21:00:56.000Z,-,,,,,
0001065280-26-000209,2026-07-02T20:58:35.000Z,-,,,,,
0001065280-26-000208,2026-07-02T20:55:32.000Z,-,,,,,
0001065280-26-000207,2026-07-02T20:55:07.000Z,-,,,,,
0001065280-26-000206,2026-07-02T20:54:45.000Z,-,,,,,
0001065280-26-000205,2026-07-02T20:54:24.000Z,-,,,,,
0001065280-26-000204,2026-07-02T20:54:07.000Z,-,,,,,
0001065280-26-000203,2026-07-02T20:53:44.000Z,-,,,,,
0001065280-26-000202,2026-07-02T20:53:22.000Z,-,,,,,
0001065280-26-000201,2026-07-02T20:52:57.000Z,-,,,,,
0001065280-26-000200,2026-07-02T20:52:39.000Z,-,,,,,
0001082906-26-000020,2026-07-02T20:18:28.000Z,-,,,,,
0001065280-26-000191,2026-06-18T20:08:48.000Z,S,0001193119,0.0,0.0,0.0,1.0
0001065280-26-000191,2026-06-18T20:08:48.000Z,S,0001193119,0.0,0.0,0.0,1.0
0001065280-26-000188,2026-06-02T20:13:51.000Z,S,0001033331,0.0,0.0,0.0,1.0
0001065280-26-000188,2026-06-02T20:13:51.000Z,S,0001033331,0.0,0.0,0.0,1.0
0001065280-26-000187,2026-06-02T20:12:28.000Z,-,,,,,
0001065280-26-000186,2026-06-02T20:11:38.000Z,-,,,,,
0001082906-26-000018,2026-06-02T20:10:52.000Z,-,,,,,
0001065280-26-000185,2026-06-02T20:10:41.000Z,-,,,,,
0001065280-26-000184,2026-06-02T20:10:06.000Z,-,,,,,
0001065280-26-000183,2026-06-02T20:09:34.000Z,-,,,,,
0001065280-26-000182,2026-06-02T20:08:58.000Z,-,,,,,
0001065280-26-000181,2026-06-02T20:08:18.000Z,-,,,,,
0001065280-26-000180,2026-06-02T20:07:36.000Z,-,,,,,
0001065280-26-000179,2026-06-02T20:06:40.000Z,-,,,,,
0001065280-26-000178,2026-06-02T20:05:54.000Z,-,,,,,
0001583109-26-000002,2026-05-07T22:11:11.000Z,S,0001583109,27312.0,0.0,0.0,0.0
0001065280-26-000172,2026-05-07T22:09:54.000Z,S,0001543133,9253.0,88.9522,823074.7066,0.0
0001065280-26-000170,2026-05-05T22:45:52.000Z,-,,,,,
0001065280-26-000169,2026-05-05T22:45:14.000Z,S,0001393838,13017.0,0.0,0.0,0.0
0001065280-26-000169,2026-05-05T22:45:14.000Z,S,0001393838,7256.0,0.0,0.0,0.0
0001065280-26-000169,2026-05-05T22:45:14.000Z,S,0001393838,7039.0,0.0,0.0,0.0
0001065280-26-000168,2026-05-05T22:44:23.000Z,-,,,,,
0001065280-26-000167,2026-05-05T22:42:30.000Z,-,,,,,
0001065280-26-000166,2026-05-05T22:41:35.000Z,S,0001507747,5722.0,0.0,0.0,0.0
0001082906-26-000014,2026-05-04T20:52:27.000Z,-,,,,,
0001065280-26-000160,2026-05-04T20:13:58.000Z,-,,,,,
0001065280-26-000159,2026-05-04T20:13:14.000Z,-,,,,,
0001065280-26-000158,2026-05-04T20:12:28.000Z,-,,,,,
0001065280-26-000157,2026-05-04T20:11:58.000Z,-,,,,,
0001065280-26-000156,2026-05-04T20:11:25.000Z,-,,,,,
0001065280-26-000155,2026-05-04T20:10:50.000Z,-,,,,,
0001065280-26-000154,2026-05-04T20:09:16.000Z,-,,,,,
0001065280-26-000153,2026-05-04T20:08:35.000Z,-,,,,,
0001065280-26-000152,2026-05-04T20:08:00.000Z,-,,,,,
0001065280-26-000151,2026-05-04T20:07:08.000Z,-,,,,,
0001065280-26-000150,2026-05-04T20:05:31.000Z,S,0001033331,0.0,0.0,0.0,1.0
0001065280-26-000150,2026-05-04T20:05:31.000Z,S,0001033331,0.0,0.0,0.0,1.0
0001065280-26-000150,2026-05-04T20:05:31.000Z,S,0001033331,0.0,0.0,0.0,1.0
0001543133-26-000002,2026-04-03T20:07:32.000Z,S,0001543133,0.0,98.0,0.0,1.0
0001065280-26-000136,2026-04-02T22:02:54.000Z,-,,,,,
0001065280-26-000135,2026-04-02T22:02:46.000Z,-,,,,,
0001065280-26-000134,2026-04-02T22:02:38.000Z,S,0001033331,0.0,0.0,0.0,1.0
0001065280-26-000134,2026-04-02T22:02:38.000Z,S,0001033331,0.0,0.0,0.0,1.0
0001065280-26-000134,2026-04-02T22:02:38.000Z,S,0001033331,0.0,0.0,0.0,1.0
0001065280-26-000133,2026-04-02T22:02:28.000Z,-,,,,,
0001065280-26-000132,2026-04-02T22:02:20.000Z,-,,,,,
0001065280-26-000131,2026-04-02T22:01:52.000Z,-,,,,,
0001065280-26-000130,2026-04-02T22:01:44.000Z,-,,,,,
0001065280-26-000129,2026-04-02T22:01:36.000Z,-,,,,,
0001065280-26-000128,2026-04-02T22:01:30.000Z,-,,,,,
0001065280-26-000127,2026-04-02T22:01:23.000Z,-,,,,,
0001065280-26-000126,2026-04-02T22:01:07.000Z,-,,,,,
0001082906-26-000012,2026-04-02T20:04:17.000Z,-,,,,,
0001065280-26-000113,2026-03-04T00:05:33.000Z,-,,,,,
0001065280-26-000112,2026-03-04T00:05:27.000Z,-,,,,,
0001065280-26-000111,2026-03-04T00:05:22.000Z,-,,,,,
0001065280-26-000110,2026-03-04T00:05:16.000Z,-,,,,,
0001065280-26-000109,2026-03-04T00:05:09.000Z,-,,,,,
0001065280-26-000108,2026-03-04T00:05:02.000Z,-,,,,,
0001065280-26-000107,2026-03-04T00:04:56.000Z,-,,,,,
0001065280-26-000106,2026-03-04T00:04:51.000Z,-,,,,,
0001065280-26-000105,2026-03-04T00:04:47.000Z,-,,,,,
0001065280-26-000104,2026-03-04T00:04:42.000Z,-,,,,,
0001065280-26-000103,2026-03-04T00:04:37.000Z,S,0001543133,0.0,97.0,0.0,1.0
0001065280-26-000091,2026-03-03T23:59:20.000Z,S,0001033331,0.0,0.0,0.0,1.0
0001065280-26-000091,2026-03-03T23:59:20.000Z,S,0001033331,0.0,0.0,0.0,1.0
0001065280-26-000091,2026-03-03T23:59:20.000Z,S,0001033331,0.0,0.0,0.0,1.0
0001082906-26-000008,2026-03-03T21:57:39.000Z,-,,,,,
0001065280-26-000089,2026-03-03T01:14:01.000Z,S,0001543133,0.0,95.0,0.0,1.0
0001065280-26-000089,2026-03-03T01:14:01.000Z,S,0001543133,0.0,96.0,0.0,1.0
0001065280-26-000087,2026-02-11T22:43:54.000Z,S,0001507747,5727.0,0.0,0.0,0.0
0001065280-26-000086,2026-02-11T22:43:47.000Z,S,0001583109,14719.0,0.0,0.0,0.0
0001065280-26-000086,2026-02-11T22:43:47.000Z,S,0001583109,11283.0,0.0,0.0,0.0
0001065280-26-000086,2026-02-11T22:43:47.000Z,S,0001583109,1310.0,0.0,0.0,0.0
0001065280-26-000085,2026-02-11T22:43:39.000Z,S,0002065325,3136.0,82.67,259253.12,0.0
0001065280-26-000081,2026-02-10T00:08:40.000Z,S,0001543133,9248.0,0.0,0.0,0.0
0001065280-26-000079,2026-02-06T22:58:11.000Z,-,,,,,
0001065280-26-000078,2026-02-05T01:31:36.000Z,-,,,,,
0001065280-26-000077,2026-02-05T01:31:30.000Z,-,,,,,
0001065280-26-000076,2026-02-05T01:31:24.000Z,-,,,,,
0001065280-26-000075,2026-02-05T01:31:18.000Z,-,,,,,
0001065280-26-000074,2026-02-05T01:31:10.000Z,-,,,,,
0001065280-26-000068,2026-02-03T23:47:50.000Z,-,,,,,
0001065280-26-000067,2026-02-03T23:47:44.000Z,-,,,,,
0001065280-26-000066,2026-02-03T23:47:36.000Z,-,,,,,
0001065280-26-000065,2026-02-03T23:47:31.000Z,-,,,,,
0001065280-26-000064,2026-02-03T23:47:26.000Z,-,,,,,
0001065280-26-000063,2026-02-03T23:47:20.000Z,-,,,,,
0001065280-26-000062,2026-02-03T23:47:14.000Z,-,,,,,
0001065280-26-000061,2026-02-03T23:47:08.000Z,-,,,,,
0001065280-26-000060,2026-02-03T23:47:02.000Z,-,,,,,
0001065280-26-000059,2026-02-03T23:46:57.000Z,-,,,,,
0001065280-26-000048,2026-02-03T23:43:58.000Z,S,0001033331,0.0,0.0,0.0,1.0
0001065280-26-000048,2026-02-03T23:43:58.000Z,S,0001033331,0.0,0.0,0.0,1.0
0001065280-26-000048,2026-02-03T23:43:58.000Z,S,0001033331,0.0,0.0,0.0,1.0
0001082906-26-000004,2026-02-03T21:18:48.000Z,-,,,,,
0001065280-26-000046,2026-01-31T00:10:16.000Z,S,0001583109,0.0,0.0,0.0,1.0
0001065280-26-000046,2026-01-31T00:10:16.000Z,S,0001583109,0.0,0.0,0.0,1.0
0001065280-26-000044,2026-01-24T00:00:17.000Z,-,,,,,
0001065280-26-000043,2026-01-24T00:00:11.000Z,-,,,,,
0001065280-26-000042,2026-01-24T00:00:06.000Z,-,,,,,
0001065280-26-000041,2026-01-23T23:59:57.000Z,-,,,,,
0001065280-26-000040,2026-01-23T23:59:51.000Z,-,,,,,
0001507747-26-000002,2026-01-20T22:17:28.000Z,S,0001507747,0.0,0.0,0.0,1.0
0001065280-26-000032,2026-01-17T01:00:16.000Z,S,0001193119,0.0,0.0,0.0,1.0
0001065280-26-000032,2026-01-17T01:00:16.000Z,S,0001193119,0.0,0.0,0.0,1.0
0001065280-26-000032,2026-01-17T01:00:16.000Z,S,0001193119,0.0,0.0,0.0,1.0
0001065280-26-000030,2026-01-09T01:49:06.000Z,-,,,,,
0001065280-26-000029,2026-01-09T01:49:00.000Z,-,,,,,
0001065280-26-000028,2026-01-09T01:48:53.000Z,-,,,,,
0001065280-26-000027,2026-01-09T01:48:47.000Z,-,,,,,
0001065280-26-000022,2026-01-06T02:26:37.000Z,-,,,,,
0001065280-26-000021,2026-01-06T02:26:31.000Z,-,,,,,
0001065280-26-000020,2026-01-06T02:26:25.000Z,-,,,,,
0001065280-26-000019,2026-01-06T02:26:19.000Z,-,,,,,
0001065280-26-000018,2026-01-06T02:26:13.000Z,-,,,,,
0001065280-26-000017,2026-01-06T02:26:07.000Z,-,,,,,
0001065280-26-000016,2026-01-06T02:26:01.000Z,-,,,,,
0001065280-26-000015,2026-01-06T02:25:55.000Z,-,,,,,
0001065280-26-000014,2026-01-06T02:25:48.000Z,-,,,,,
0001065280-26-000013,2026-01-06T02:25:41.000Z,-,,,,,
0001065280-26-000002,2026-01-06T02:18:56.000Z,S,0001033331,0.0,0.0,0.0,1.0
0001065280-26-000002,2026-01-06T02:18:56.000Z,S,0001033331,0.0,0.0,0.0,1.0
0001065280-26-000002,2026-01-06T02:18:56.000Z,S,0001033331,0.0,0.0,0.0,1.0
0001065280-26-000002,2026-01-06T02:18:56.000Z,S,0001033331,0.0,0.0,0.0,1.0
0001082906-26-000002,2026-01-05T21:23:38.000Z,-,,,,,
0001065280-25-000472,2025-12-03T01:52:44.000Z,S,0001033331,0.0,0.0,0.0,1.0
0001065280-25-000472,2025-12-03T01:52:44.000Z,S,0001033331,0.0,0.0,0.0,1.0
0001065280-25-000472,2025-12-03T01:52:44.000Z,S,0001033331,0.0,0.0,0.0,1.0
0001065280-25-000471,2025-12-03T01:52:37.000Z,-,,,,,
0001065280-25-000470,2025-12-03T01:52:31.000Z,-,,,,,
0001065280-25-000469,2025-12-03T01:52:25.000Z,-,,,,,
0001065280-25-000468,2025-12-03T01:52:18.000Z,-,,,,,
0001065280-25-000467,2025-12-03T01:52:12.000Z,-,,,,,
0001065280-25-000466,2025-12-03T01:52:05.000Z,-,,,,,
0001065280-25-000465,2025-12-03T01:51:59.000Z,-,,,,,
0001065280-25-000464,2025-12-03T01:51:52.000Z,-,,,,,
0001065280-25-000463,2025-12-03T01:51:46.000Z,-,,,,,
0001065280-25-000462,2025-12-03T01:51:40.000Z,-,,,,,
0001082906-25-000011,2025-12-02T21:18:53.000Z,-,,,,,
0001065280-25-000448,2025-11-12T23:51:46.000Z,-,,,,,
0001065280-25-000446,2025-11-07T01:40:20.000Z,S,0002065325,238.0,1100.33,261878.53999999998,0.0
0001065280-25-000444,2025-11-06T02:43:40.000Z,S,0001583109,2027.0,1095.68,2220943.3600000003,0.0
0001065280-25-000443,2025-11-06T02:43:34.000Z,S,0001543133,695.0,1093.78,760177.1,0.0
0001065280-25-000442,2025-11-06T02:43:28.000Z,S,0001393838,2027.0,0.0,0.0,0.0
0001065280-25-000441,2025-11-06T02:43:23.000Z,-,,,,,
0001065280-25-000440,2025-11-06T02:43:17.000Z,S,0001507747,425.0,1088.215,462491.37499999994,1.0
0001065280-25-000440,2025-11-06T02:43:17.000Z,S,0001507747,0.0,1100.0,0.0,1.0
0001065280-25-000434,2025-11-05T01:46:31.000Z,-,,,,,
0001065280-25-000433,2025-11-05T01:46:25.000Z,-,,,,,
0001065280-25-000432,2025-11-05T01:46:19.000Z,-,,,,,
0001065280-25-000431,2025-11-05T01:46:13.000Z,-,,,,,
0001065280-25-000430,2025-11-05T01:46:07.000Z,-,,,,,
0001065280-25-000429,2025-11-05T01:46:02.000Z,-,,,,,
0001065280-25-000428,2025-11-05T01:45:54.000Z,-,,,,,
0001065280-25-000427,2025-11-05T01:45:48.000Z,-,,,,,
0001065280-25-000426,2025-11-05T01:45:42.000Z,-,,,,,
0001065280-25-000425,2025-11-05T01:45:34.000Z,-,,,,,
0001065280-25-000414,2025-11-05T01:37:51.000Z,S,0001033331,0.0,0.0,0.0,1.0
0001065280-25-000414,2025-11-05T01:37:51.000Z,S,0001033331,0.0,0.0,0.0,1.0
0001065280-25-000414,2025-11-05T01:37:51.000Z,S,0001033331,0.0,0.0,0.0,1.0
0001065280-25-000414,2025-11-05T01:37:51.000Z,S,0001033331,0.0,0.0,0.0,1.0
0001065280-25-000414,2025-11-05T01:37:51.000Z,S,0001033331,0.0,0.0,0.0,1.0
0001065280-25-000414,2025-11-05T01:37:51.000Z,S,0001033331,0.0,0.0,0.0,1.0
0001065280-25-000414,2025-11-05T01:37:51.000Z,S,0001033331,0.0,0.0,0.0,1.0
0001065280-25-000414,2025-11-05T01:37:51.000Z,S,0001033331,0.0,0.0,0.0,1.0
0001065280-25-000414,2025-11-05T01:37:51.000Z,S,0001033331,0.0,0.0,0.0,1.0
0001065280-25-000414,2025-11-05T01:37:51.000Z,S,0001033331,0.0,0.0,0.0,1.0
0001065280-25-000414,2025-11-05T01:37:51.000Z,S,0001033331,0.0,0.0,0.0,1.0
0001065280-25-000414,2025-11-05T01:37:51.000Z,S,0001033331,0.0,0.0,0.0,1.0
0001065280-25-000414,2025-11-05T01:37:51.000Z,S,0001033331,0.0,0.0,0.0,1.0
0001065280-25-000414,2025-11-05T01:37:51.000Z,S,0001033331,0.0,0.0,0.0,1.0
0001065280-25-000414,2025-11-05T01:37:51.000Z,S,0001033331,0.0,0.0,0.0,1.0
0001065280-25-000414,2025-11-05T01:37:51.000Z,S,0001033331,0.0,0.0,0.0,1.0
0001065280-25-000414,2025-11-05T01:37:51.000Z,S,0001033331,0.0,0.0,0.0,1.0
0001065280-25-000414,2025-11-05T01:37:51.000Z,S,0001033331,0.0,0.0,0.0,1.0
0001065280-25-000414,2025-11-05T01:37:51.000Z,S,0001033331,0.0,0.0,0.0,1.0
0001065280-25-000414,2025-11-05T01:37:51.000Z,S,0001033331,0.0,0.0,0.0,1.0
0001065280-25-000414,2025-11-05T01:37:51.000Z,S,0001033331,0.0,0.0,0.0,1.0
0001065280-25-000414,2025-11-05T01:37:51.000Z,S,0001033331,0.0,0.0,0.0,1.0
0001065280-25-000414,2025-11-05T01:37:51.000Z,S,0001033331,0.0,0.0,0.0,1.0
0001065280-25-000414,2025-11-05T01:37:51.000Z,S,0001033331,0.0,0.0,0.0,1.0
0001065280-25-000414,2025-11-05T01:37:51.000Z,S,0001033331,0.0,0.0,0.0,1.0
0001065280-25-000414,2025-11-05T01:37:51.000Z,S,0001033331,0.0,1134.18,0.0,1.0
0001065280-25-000412,2025-11-05T01:36:18.000Z,S,0001543133,0.0,0.0,0.0,1.0
0001065280-25-000412,2025-11-05T01:36:18.000Z,S,0001543133,0.0,0.0,0.0,1.0
0001065280-25-000412,2025-11-05T01:36:18.000Z,S,0001543133,0.0,0.0,0.0,1.0
0001065280-25-000412,2025-11-05T01:36:18.000Z,S,0001543133,0.0,0.0,0.0,1.0
0001065280-25-000412,2025-11-05T01:36:18.000Z,S,0001543133,0.0,0.0,0.0,1.0
0001065280-25-000412,2025-11-05T01:36:18.000Z,S,0001543133,0.0,1123.22,0.0,1.0
0001065280-25-000412,2025-11-05T01:36:18.000Z,S,0001543133,0.0,0.0,0.0,1.0
0001065280-25-000412,2025-11-05T01:36:18.000Z,S,0001543133,0.0,1125.28,0.0,1.0
0001065280-25-000412,2025-11-05T01:36:18.000Z,S,0001543133,0.0,1126.35,0.0,1.0
0001065280-25-000411,2025-11-05T01:36:10.000Z,S,0001543133,0.0,0.0,0.0,1.0
0001065280-25-000411,2025-11-05T01:36:10.000Z,S,0001543133,0.0,0.0,0.0,1.0
0001065280-25-000411,2025-11-05T01:36:10.000Z,S,0001543133,0.0,0.0,0.0,1.0
0001065280-25-000411,2025-11-05T01:36:10.000Z,S,0001543133,0.0,0.0,0.0,1.0
0001065280-25-000411,2025-11-05T01:36:10.000Z,S,0001543133,0.0,0.0,0.0,1.0
0001065280-25-000411,2025-11-05T01:36:10.000Z,S,0001543133,0.0,0.0,0.0,1.0
0001065280-25-000411,2025-11-05T01:36:10.000Z,S,0001543133,0.0,0.0,0.0,1.0
0001065280-25-000411,2025-11-05T01:36:10.000Z,S,0001543133,0.0,0.0,0.0,1.0
0001065280-25-000411,2025-11-05T01:36:10.000Z,S,0001543133,0.0,0.0,0.0,1.0
0001065280-25-000411,2025-11-05T01:36:10.000Z,S,0001543133,0.0,0.0,0.0,1.0
0001065280-25-000411,2025-11-05T01:36:10.000Z,S,0001543133,0.0,0.0,0.0,1.0
0001065280-25-000411,2025-11-05T01:36:10.000Z,S,0001543133,0.0,0.0,0.0,1.0
0001065280-25-000411,2025-11-05T01:36:10.000Z,S,0001543133,0.0,0.0,0.0,1.0
0001065280-25-000411,2025-11-05T01:36:10.000Z,S,0001543133,0.0,0.0,0.0,1.0
0001065280-25-000411,2025-11-05T01:36:10.000Z,S,0001543133,0.0,0.0,0.0,1.0
0001065280-25-000411,2025-11-05T01:36:10.000Z,S,0001543133,0.0,0.0,0.0,1.0
0001065280-25-000411,2025-11-05T01:36:10.000Z,S,0001543133,0.0,0.0,0.0,1.0
0001065280-25-000411,2025-11-05T01:36:10.000Z,S,0001543133,0.0,0.0,0.0,1.0
0001065280-25-000411,2025-11-05T01:36:10.000Z,S,0001543133,0.0,0.0,0.0,1.0
0001065280-25-000411,2025-11-05T01:36:10.000Z,S,0001543133,0.0,1103.72,0.0,1.0
0001065280-25-000411,2025-11-05T01:36:10.000Z,S,0001543133,0.0,1105.2,0.0,1.0
0001065280-25-000411,2025-11-05T01:36:10.000Z,S,0001543133,0.0,0.0,0.0,1.0
0001065280-25-000411,2025-11-05T01:36:10.000Z,S,0001543133,0.0,0.0,0.0,1.0
0001065280-25-000411,2025-11-05T01:36:10.000Z,S,0001543133,0.0,1108.96,0.0,1.0
0001065280-25-000411,2025-11-05T01:36:10.000Z,S,0001543133,0.0,0.0,0.0,1.0
0001065280-25-000411,2025-11-05T01:36:10.000Z,S,0001543133,0.0,0.0,0.0,1.0
0001065280-25-000411,2025-11-05T01:36:10.000Z,S,0001543133,0.0,0.0,0.0,1.0
0001065280-25-000411,2025-11-05T01:36:10.000Z,S,0001543133,0.0,0.0,0.0,1.0
0001065280-25-000411,2025-11-05T01:36:10.000Z,S,0001543133,0.0,0.0,0.0,1.0
0001082906-25-000009,2025-11-04T21:17:11.000Z,-,,,,,
0001065280-25-000402,2025-10-03T00:05:36.000Z,-,,,,,
0001065280-25-000401,2025-10-03T00:05:30.000Z,-,,,,,
0001065280-25-000400,2025-10-03T00:05:23.000Z,S,0001543133,0.0,0.0,0.0,1.0
0001065280-25-000400,2025-10-03T00:05:23.000Z,S,0001543133,0.0,0.0,0.0,1.0
0001065280-25-000400,2025-10-03T00:05:23.000Z,S,0001543133,0.0,0.0,0.0,1.0
0001065280-25-000400,2025-10-03T00:05:23.000Z,S,0001543133,0.0,0.0,0.0,1.0
0001065280-25-000400,2025-10-03T00:05:23.000Z,S,0001543133,0.0,0.0,0.0,1.0
0001065280-25-000400,2025-10-03T00:05:23.000Z,S,0001543133,0.0,0.0,0.0,1.0
0001065280-25-000400,2025-10-03T00:05:23.000Z,S,0001543133,0.0,0.0,0.0,1.0
0001065280-25-000400,2025-10-03T00:05:23.000Z,S,0001543133,0.0,0.0,0.0,1.0
0001065280-25-000399,2025-10-03T00:05:14.000Z,-,,,,,
0001065280-25-000398,2025-10-03T00:05:07.000Z,S,0001033331,0.0,0.0,0.0,1.0
0001065280-25-000398,2025-10-03T00:05:07.000Z,S,0001033331,0.0,0.0,0.0,1.0
0001065280-25-000398,2025-10-03T00:05:07.000Z,S,0001033331,0.0,0.0,0.0,1.0
0001065280-25-000398,2025-10-03T00:05:07.000Z,S,0001033331,0.0,0.0,0.0,1.0
0001065280-25-000398,2025-10-03T00:05:07.000Z,S,0001033331,0.0,0.0,0.0,1.0
0001065280-25-000398,2025-10-03T00:05:07.000Z,S,0001033331,0.0,0.0,0.0,1.0
0001065280-25-000398,2025-10-03T00:05:07.000Z,S,0001033331,0.0,0.0,0.0,1.0
0001065280-25-000398,2025-10-03T00:05:07.000Z,S,0001033331,0.0,0.0,0.0,1.0
0001065280-25-000398,2025-10-03T00:05:07.000Z,S,0001033331,0.0,0.0,0.0,1.0
0001065280-25-000398,2025-10-03T00:05:07.000Z,S,0001033331,0.0,0.0,0.0,1.0
0001065280-25-000398,2025-10-03T00:05:07.000Z,S,0001033331,0.0,0.0,0.0,1.0
0001065280-25-000398,2025-10-03T00:05:07.000Z,S,0001033331,0.0,0.0,0.0,1.0
0001065280-25-000398,2025-10-03T00:05:07.000Z,S,0001033331,0.0,0.0,0.0,1.0
0001065280-25-000398,2025-10-03T00:05:07.000Z,S,0001033331,0.0,0.0,0.0,1.0
0001065280-25-000398,2025-10-03T00:05:07.000Z,S,0001033331,0.0,0.0,0.0,1.0
0001065280-25-000397,2025-10-03T00:04:58.000Z,-,,,,,
0001065280-25-000396,2025-10-03T00:04:52.000Z,-,,,,,
0001065280-25-000395,2025-10-03T00:04:43.000Z,-,,,,,
0001065280-25-000394,2025-10-03T00:04:38.000Z,-,,,,,
0001065280-25-000393,2025-10-03T00:04:30.000Z,-,,,,,
0001065280-25-000392,2025-10-03T00:04:24.000Z,-,,,,,
0001065280-25-000391,2025-10-03T00:04:16.000Z,-,,,,,
0001082906-25-000007,2025-10-02T20:22:18.000Z,-,,,,,
0001065280-25-000373,2025-09-04T00:56:33.000Z,-,,,,,
0001370931-25-000004,2025-09-04T00:53:52.000Z,-,,,,,
0001065280-25-000369,2025-09-04T00:53:27.000Z,-,,,,,
0001065280-25-000368,2025-09-04T00:53:05.000Z,-,,,,,
0001065280-25-000367,2025-09-04T00:52:42.000Z,-,,,,,
0001244892-25-000003,2025-09-04T00:52:15.000Z,-,,,,,
0001065280-25-000366,2025-09-04T00:51:53.000Z,-,,,,,
0001065280-25-000364,2025-09-04T00:50:34.000Z,-,,,,,
0001218352-25-000003,2025-09-04T00:44:01.000Z,-,,,,,
0001638276-25-000004,2025-09-04T00:43:23.000Z,-,,,,,
0001543133-25-000004,2025-09-04T00:42:25.000Z,S,0001543133,0.0,1188.04,0.0,1.0
0001543133-25-000004,2025-09-04T00:42:25.000Z,S,0001543133,0.0,1197.06,0.0,1.0
0001543133-25-000004,2025-09-04T00:42:25.000Z,S,0001543133,0.0,0.0,0.0,1.0
0001543133-25-000004,2025-09-04T00:42:25.000Z,S,0001543133,0.0,0.0,0.0,1.0
0001543133-25-000004,2025-09-04T00:42:25.000Z,S,0001543133,0.0,0.0,0.0,1.0
0001543133-25-000004,2025-09-04T00:42:25.000Z,S,0001543133,0.0,0.0,0.0,1.0
0001543133-25-000004,2025-09-04T00:42:25.000Z,S,0001543133,0.0,0.0,0.0,1.0
0001543133-25-000004,2025-09-04T00:42:25.000Z,S,0001543133,0.0,0.0,0.0,1.0
0001543133-25-000004,2025-09-04T00:42:25.000Z,S,0001543133,0.0,0.0,0.0,1.0
0001543133-25-000004,2025-09-04T00:42:25.000Z,S,0001543133,0.0,0.0,0.0,1.0
0001543133-25-000004,2025-09-04T00:42:25.000Z,S,0001543133,0.0,0.0,0.0,1.0
0001543133-25-000004,2025-09-04T00:42:25.000Z,S,0001543133,0.0,1214.95,0.0,1.0
0001065280-25-000362,2025-09-04T00:38:09.000Z,S,0001033331,0.0,0.0,0.0,1.0
0001065280-25-000362,2025-09-04T00:38:09.000Z,S,0001033331,0.0,0.0,0.0,1.0
0001065280-25-000362,2025-09-04T00:38:09.000Z,S,0001033331,0.0,1191.5866,0.0,1.0
0001065280-25-000362,2025-09-04T00:38:09.000Z,S,0001033331,0.0,1194.05,0.0,1.0
0001065280-25-000362,2025-09-04T00:38:09.000Z,S,0001033331,0.0,0.0,0.0,1.0
0001065280-25-000362,2025-09-04T00:38:09.000Z,S,0001033331,0.0,0.0,0.0,1.0
0001065280-25-000362,2025-09-04T00:38:09.000Z,S,0001033331,0.0,0.0,0.0,1.0
0001065280-25-000362,2025-09-04T00:38:09.000Z,S,0001033331,0.0,0.0,0.0,1.0
0001065280-25-000362,2025-09-04T00:38:09.000Z,S,0001033331,0.0,0.0,0.0,1.0
0001065280-25-000362,2025-09-04T00:38:09.000Z,S,0001033331,0.0,0.0,0.0,1.0
0001065280-25-000362,2025-09-04T00:38:09.000Z,S,0001033331,0.0,0.0,0.0,1.0
0001065280-25-000362,2025-09-04T00:38:09.000Z,S,0001033331,0.0,0.0,0.0,1.0
0001065280-25-000362,2025-09-04T00:38:09.000Z,S,0001033331,0.0,0.0,0.0,1.0
0001065280-25-000362,2025-09-04T00:38:09.000Z,S,0001033331,0.0,0.0,0.0,1.0
0001065280-25-000362,2025-09-04T00:38:09.000Z,S,0001033331,0.0,0.0,0.0,1.0
0001065280-25-000362,2025-09-04T00:38:09.000Z,S,0001033331,0.0,0.0,0.0,1.0
0001065280-25-000362,2025-09-04T00:38:09.000Z,S,0001033331,0.0,0.0,0.0,1.0
0001065280-25-000362,2025-09-04T00:38:09.000Z,S,0001033331,0.0,0.0,0.0,1.0
0001065280-25-000362,2025-09-04T00:38:09.000Z,S,0001033331,0.0,0.0,0.0,1.0
0001065280-25-000362,2025-09-04T00:38:09.000Z,S,0001033331,0.0,0.0,0.0,1.0
0001065280-25-000362,2025-09-04T00:38:09.000Z,S,0001033331,0.0,0.0,0.0,1.0
0001082906-25-000003,2025-09-03T20:20:26.000Z,-,,,,,
0001065280-25-000360,2025-08-06T22:55:17.000Z,S,0002065325,238.0,1153.52,274537.76,0.0
0001065280-25-000359,2025-08-06T22:55:10.000Z,S,0001507747,424.0,1158.67,491276.08,0.0
0001065280-25-000358,2025-08-06T22:55:02.000Z,S,0001543133,685.0,1161.2142,795431.727,0.0
0001065280-25-000357,2025-08-06T22:54:56.000Z,S,0001583109,2026.0,0.0,0.0,0.0
0001065280-25-000356,2025-08-06T22:54:49.000Z,S,0001393838,2026.0,0.0,0.0,0.0
0001065280-25-000350,2025-08-05T00:38:50.000Z,-,,,,,
0001065280-25-000349,2025-08-05T00:38:43.000Z,-,,,,,
0001065280-25-000348,2025-08-05T00:38:36.000Z,-,,,,,
0001065280-25-000347,2025-08-05T00:38:29.000Z,-,,,,,
0001065280-25-000346,2025-08-05T00:38:22.000Z,-,,,,,
0001065280-25-000345,2025-08-05T00:38:15.000Z,-,,,,,
0001065280-25-000344,2025-08-05T00:38:08.000Z,-,,,,,
0001065280-25-000343,2025-08-05T00:38:01.000Z,-,,,,,
0001065280-25-000342,2025-08-05T00:37:54.000Z,-,,,,,
0001065280-25-000341,2025-08-05T00:37:46.000Z,-,,,,,
0001065280-25-000327,2025-08-05T00:20:27.000Z,S,0001543133,0.0,0.0,0.0,1.0
0001065280-25-000327,2025-08-05T00:20:27.000Z,S,0001543133,0.0,0.0,0.0,1.0
0001065280-25-000327,2025-08-05T00:20:27.000Z,S,0001543133,0.0,1159.95,0.0,1.0
0001065280-25-000327,2025-08-05T00:20:27.000Z,S,0001543133,0.0,0.0,0.0,1.0
0001065280-25-000327,2025-08-05T00:20:27.000Z,S,0001543133,0.0,0.0,0.0,1.0
0001065280-25-000327,2025-08-05T00:20:27.000Z,S,0001543133,0.0,0.0,0.0,1.0
0001065280-25-000327,2025-08-05T00:20:27.000Z,S,0001543133,0.0,1168.21,0.0,1.0
0001065280-25-000327,2025-08-05T00:20:27.000Z,S,0001543133,0.0,0.0,0.0,1.0
0001065280-25-000327,2025-08-05T00:20:27.000Z,S,0001543133,0.0,0.0,0.0,1.0
0001065280-25-000327,2025-08-05T00:20:27.000Z,S,0001543133,100.0,1176.48,117648.0,1.0
0001065280-25-000325,2025-08-05T00:18:10.000Z,S,0001033331,0.0,0.0,0.0,1.0
0001065280-25-000325,2025-08-05T00:18:10.000Z,S,0001033331,0.0,0.0,0.0,1.0
0001065280-25-000325,2025-08-05T00:18:10.000Z,S,0001033331,0.0,0.0,0.0,1.0
0001065280-25-000325,2025-08-05T00:18:10.000Z,S,0001033331,0.0,0.0,0.0,1.0
0001065280-25-000325,2025-08-05T00:18:10.000Z,S,0001033331,0.0,0.0,0.0,1.0
0001065280-25-000325,2025-08-05T00:18:10.000Z,S,0001033331,0.0,0.0,0.0,1.0
0001065280-25-000325,2025-08-05T00:18:10.000Z,S,0001033331,0.0,0.0,0.0,1.0
0001065280-25-000325,2025-08-05T00:18:10.000Z,S,0001033331,0.0,0.0,0.0,1.0
0001065280-25-000325,2025-08-05T00:18:10.000Z,S,0001033331,0.0,0.0,0.0,1.0
0001065280-25-000325,2025-08-05T00:18:10.000Z,S,0001033331,0.0,0.0,0.0,1.0
0001065280-25-000325,2025-08-05T00:18:10.000Z,S,0001033331,0.0,0.0,0.0,1.0
0001065280-25-000325,2025-08-05T00:18:10.000Z,S,0001033331,0.0,0.0,0.0,1.0
0001065280-25-000325,2025-08-05T00:18:10.000Z,S,0001033331,0.0,0.0,0.0,1.0
0001065280-25-000325,2025-08-05T00:18:10.000Z,S,0001033331,0.0,0.0,0.0,1.0
0001065280-25-000325,2025-08-05T00:18:10.000Z,S,0001033331,0.0,0.0,0.0,1.0
0001065280-25-000325,2025-08-05T00:18:10.000Z,S,0001033331,0.0,0.0,0.0,1.0
0001065280-25-000325,2025-08-05T00:18:10.000Z,S,0001033331,0.0,0.0,0.0,1.0
0001065280-25-000325,2025-08-05T00:18:10.000Z,S,0001033331,0.0,0.0,0.0,1.0
0001065280-25-000325,2025-08-05T00:18:10.000Z,S,0001033331,0.0,0.0,0.0,1.0
0001065280-25-000325,2025-08-05T00:18:10.000Z,S,0001033331,0.0,1175.0,0.0,1.0
0001065280-25-000325,2025-08-05T00:18:10.000Z,S,0001033331,0.0,0.0,0.0,1.0
0001065280-25-000325,2025-08-05T00:18:10.000Z,S,0001033331,0.0,1177.74,0.0,1.0
0001062993-25-013530,2025-08-04T23:19:34.000Z,-,,,,,
0001065280-25-000321,2025-07-02T23:44:05.000Z,S,0001837857,0.0,1336.54,0.0,1.0
0001065280-25-000320,2025-07-02T23:43:54.000Z,-,,,,,
0001065280-25-000319,2025-07-02T23:43:44.000Z,-,,,,,
0001065280-25-000318,2025-07-02T23:43:33.000Z,-,,,,,
0001065280-25-000317,2025-07-02T23:43:22.000Z,-,,,,,
0001065280-25-000316,2025-07-02T23:43:12.000Z,-,,,,,
0001065280-25-000315,2025-07-02T23:43:01.000Z,S,0001543133,0.0,1283.72,0.0,1.0
0001065280-25-000315,2025-07-02T23:43:01.000Z,S,0001543133,0.0,1286.27,0.0,1.0
0001065280-25-000315,2025-07-02T23:43:01.000Z,S,0001543133,0.0,1288.14,0.0,1.0
0001065280-25-000315,2025-07-02T23:43:01.000Z,S,0001543133,0.0,0.0,0.0,1.0
0001065280-25-000315,2025-07-02T23:43:01.000Z,S,0001543133,0.0,0.0,0.0,1.0
0001065280-25-000315,2025-07-02T23:43:01.000Z,S,0001543133,0.0,0.0,0.0,1.0
0001065280-25-000315,2025-07-02T23:43:01.000Z,S,0001543133,0.0,1296.78,0.0,1.0
0001065280-25-000315,2025-07-02T23:43:01.000Z,S,0001543133,0.0,0.0,0.0,1.0
0001065280-25-000315,2025-07-02T23:43:01.000Z,S,0001543133,0.0,1300.2,0.0,1.0
0001065280-25-000315,2025-07-02T23:43:01.000Z,S,0001543133,0.0,1301.84,0.0,1.0
0001065280-25-000315,2025-07-02T23:43:01.000Z,S,0001543133,0.0,1308.03,0.0,1.0
0001065280-25-000315,2025-07-02T23:43:01.000Z,S,0001543133,0.0,1317.11,0.0,1.0
0001065280-25-000315,2025-07-02T23:43:01.000Z,S,0001543133,0.0,1323.19,0.0,1.0
0001065280-25-000315,2025-07-02T23:43:01.000Z,S,0001543133,0.0,0.0,0.0,1.0
0001065280-25-000315,2025-07-02T23:43:01.000Z,S,0001543133,0.0,1331.3,0.0,1.0
0001065280-25-000315,2025-07-02T23:43:01.000Z,S,0001543133,0.0,0.0,0.0,1.0
0001065280-25-000315,2025-07-02T23:43:01.000Z,S,0001543133,0.0,1337.05,0.0,1.0
0001065280-25-000314,2025-07-02T23:42:48.000Z,-,,,,,
0001065280-25-000313,2025-07-02T23:42:32.000Z,-,,,,,
0001065280-25-000312,2025-07-02T23:42:17.000Z,-,,,,,
0001065280-25-000311,2025-07-02T23:42:06.000Z,-,,,,,
0001065280-25-000299,2025-07-02T23:37:18.000Z,S,0001033331,0.0,0.0,0.0,1.0
0001065280-25-000299,2025-07-02T23:37:18.000Z,S,0001033331,0.0,0.0,0.0,1.0
0001065280-25-000299,2025-07-02T23:37:18.000Z,S,0001033331,0.0,0.0,0.0,1.0
0001065280-25-000299,2025-07-02T23:37:18.000Z,S,0001033331,0.0,1320.5,0.0,1.0
0001065280-25-000299,2025-07-02T23:37:18.000Z,S,0001033331,0.0,0.0,0.0,1.0
0001065280-25-000299,2025-07-02T23:37:18.000Z,S,0001033331,0.0,1324.78,0.0,1.0
0001065280-25-000299,2025-07-02T23:37:18.000Z,S,0001033331,0.0,0.0,0.0,1.0
0001065280-25-000299,2025-07-02T23:37:18.000Z,S,0001033331,0.0,1326.24,0.0,1.0
0001065280-25-000299,2025-07-02T23:37:18.000Z,S,0001033331,0.0,0.0,0.0,1.0
0001065280-25-000299,2025-07-02T23:37:18.000Z,S,0001033331,0.0,0.0,0.0,1.0
0001065280-25-000299,2025-07-02T23:37:18.000Z,S,0001033331,0.0,0.0,0.0,1.0
0001065280-25-000299,2025-07-02T23:37:18.000Z,S,0001033331,0.0,0.0,0.0,1.0
0001065280-25-000299,2025-07-02T23:37:18.000Z,S,0001033331,0.0,0.0,0.0,1.0
0001065280-25-000299,2025-07-02T23:37:18.000Z,S,0001033331,0.0,0.0,0.0,1.0
0001065280-25-000299,2025-07-02T23:37:18.000Z,S,0001033331,0.0,1335.47,0.0,1.0
0001065280-25-000299,2025-07-02T23:37:18.000Z,S,0001033331,0.0,0.0,0.0,1.0
0001065280-25-000299,2025-07-02T23:37:18.000Z,S,0001033331,0.0,0.0,0.0,1.0
0001065280-25-000297,2025-07-02T23:34:19.000Z,S,0001033331,0.0,0.0,0.0,1.0
0001065280-25-000297,2025-07-02T23:34:19.000Z,S,0001033331,0.0,0.0,0.0,1.0
0001065280-25-000297,2025-07-02T23:34:19.000Z,S,0001033331,0.0,0.0,0.0,1.0
0001065280-25-000297,2025-07-02T23:34:19.000Z,S,0001033331,0.0,0.0,0.0,1.0
0001065280-25-000297,2025-07-02T23:34:19.000Z,S,0001033331,0.0,0.0,0.0,1.0
0001065280-25-000297,2025-07-02T23:34:19.000Z,S,0001033331,0.0,0.0,0.0,1.0
0001065280-25-000297,2025-07-02T23:34:19.000Z,S,0001033331,0.0,0.0,0.0,1.0
0001065280-25-000297,2025-07-02T23:34:19.000Z,S,0001033331,0.0,1290.17,0.0,1.0
0001065280-25-000297,2025-07-02T23:34:19.000Z,S,0001033331,0.0,0.0,0.0,1.0
0001065280-25-000297,2025-07-02T23:34:19.000Z,S,0001033331,0.0,0.0,0.0,1.0
0001065280-25-000297,2025-07-02T23:34:19.000Z,S,0001033331,0.0,0.0,0.0,1.0
0001065280-25-000297,2025-07-02T23:34:19.000Z,S,0001033331,0.0,0.0,0.0,1.0
0001065280-25-000297,2025-07-02T23:34:19.000Z,S,0001033331,0.0,0.0,0.0,1.0
0001065280-25-000297,2025-07-02T23:34:19.000Z,S,0001033331,0.0,0.0,0.0,1.0
0001065280-25-000297,2025-07-02T23:34:19.000Z,S,0001033331,0.0,0.0,0.0,1.0
0001065280-25-000297,2025-07-02T23:34:19.000Z,S,0001033331,0.0,0.0,0.0,1.0
0001065280-25-000297,2025-07-02T23:34:19.000Z,S,0001033331,0.0,0.0,0.0,1.0
0001065280-25-000297,2025-07-02T23:34:19.000Z,S,0001033331,0.0,0.0,0.0,1.0
0001065280-25-000297,2025-07-02T23:34:19.000Z,S,0001033331,0.0,0.0,0.0,1.0
0001065280-25-000297,2025-07-02T23:34:19.000Z,S,0001033331,0.0,0.0,0.0,1.0
0001065280-25-000297,2025-07-02T23:34:19.000Z,S,0001033331,0.0,1303.3315,0.0,1.0
0001065280-25-000297,2025-07-02T23:34:19.000Z,S,0001033331,0.0,1304.21,0.0,1.0
0001065280-25-000297,2025-07-02T23:34:19.000Z,S,0001033331,0.0,0.0,0.0,1.0
0001065280-25-000297,2025-07-02T23:34:19.000Z,S,0001033331,0.0,0.0,0.0,1.0
0001065280-25-000297,2025-07-02T23:34:19.000Z,S,0001033331,0.0,0.0,0.0,1.0
0001065280-25-000297,2025-07-02T23:34:19.000Z,S,0001033331,0.0,0.0,0.0,1.0
0001065280-25-000297,2025-07-02T23:34:19.000Z,S,0001033331,0.0,0.0,0.0,1.0
0001065280-25-000297,2025-07-02T23:34:19.000Z,S,0001033331,0.0,0.0,0.0,1.0
0001065280-25-000297,2025-07-02T23:34:19.000Z,S,0001033331,0.0,1313.2,0.0,1.0
0001062993-25-012477,2025-07-02T20:57:34.000Z,-,,,,,
0001065280-25-000295,2025-06-26T22:06:08.000Z,S,0001218352,0.0,1290.0,0.0,1.0
0001065280-25-000294,2025-06-26T22:05:58.000Z,S,0001819156,0.0,1286.84,0.0,1.0
0001065280-25-000291,2025-06-25T23:05:57.000Z,S,0001218352,0.0,1265.0,0.0,1.0
0001065280-25-000291,2025-06-25T23:05:57.000Z,S,0001218352,0.0,1270.0,0.0,1.0
0001062993-25-011282,2025-06-09T21:45:41.000Z,S,0001082906,2648.0,0.0,0.0,1.0
0001062993-25-011282,2025-06-09T21:45:41.000Z,S,0001082906,892.0,0.0,0.0,1.0
0001062993-25-011282,2025-06-09T21:45:41.000Z,S,0001082906,3858.0,0.0,0.0,1.0
0001062993-25-011282,2025-06-09T21:45:41.000Z,S,0001082906,1300.0,0.0,0.0,1.0
0001062993-25-011282,2025-06-09T21:45:41.000Z,S,0001082906,2169.0,0.0,0.0,1.0
0001062993-25-011282,2025-06-09T21:45:41.000Z,S,0001082906,731.0,0.0,0.0,1.0
0001062993-25-011282,2025-06-09T21:45:41.000Z,S,0001082906,3250.0,0.0,0.0,1.0
0001062993-25-011282,2025-06-09T21:45:41.000Z,S,0001082906,1095.0,0.0,0.0,1.0
0001062993-25-011282,2025-06-09T21:45:41.000Z,S,0001082906,3617.0,0.0,0.0,1.0
0001062993-25-011282,2025-06-09T21:45:41.000Z,S,0001082906,1218.0,0.0,0.0,1.0
0001062993-25-011282,2025-06-09T21:45:41.000Z,S,0001082906,8208.0,0.0,0.0,1.0
0001062993-25-011282,2025-06-09T21:45:41.000Z,S,0001082906,2764.0,0.0,0.0,1.0
0001065280-25-000285,2025-06-06T20:48:30.000Z,S,0001218352,0.0,1245.0,0.0,1.0
0001065280-25-000285,2025-06-06T20:48:30.000Z,S,0001218352,0.0,1250.0,0.0,1.0
0001065280-25-000285,2025-06-06T20:48:30.000Z,S,0001218352,0.0,1260.0,0.0,1.0
0001065280-25-000283,2025-06-06T20:46:39.000Z,S,0001244892,0.0,1250.0,0.0,1.0
0001065280-25-000280,2025-06-04T22:35:59.000Z,S,0001218352,0.0,1225.0,0.0,1.0
0001065280-25-000278,2025-06-04T00:16:02.000Z,-,,,,,
0001065280-25-000277,2025-06-04T00:15:51.000Z,-,,,,,
0001065280-25-000276,2025-06-04T00:15:39.000Z,-,,,,,
0001065280-25-000275,2025-06-04T00:15:28.000Z,-,,,,,
0001065280-25-000274,2025-06-04T00:15:17.000Z,-,,,,,
0001065280-25-000273,2025-06-04T00:15:06.000Z,-,,,,,
0001065280-25-000272,2025-06-04T00:14:55.000Z,-,,,,,
0001065280-25-000271,2025-06-04T00:14:44.000Z,-,,,,,
0001065280-25-000270,2025-06-04T00:14:34.000Z,-,,,,,
0001065280-25-000269,2025-06-04T00:14:21.000Z,-,,,,,
0001065280-25-000258,2025-06-04T00:09:04.000Z,S,0001543133,0.0,1197.92,0.0,1.0
0001065280-25-000258,2025-06-04T00:09:04.000Z,S,0001543133,0.0,1201.87,0.0,1.0
0001065280-25-000258,2025-06-04T00:09:04.000Z,S,0001543133,0.0,1203.59,0.0,1.0
0001065280-25-000258,2025-06-04T00:09:04.000Z,S,0001543133,0.0,0.0,0.0,1.0
0001065280-25-000258,2025-06-04T00:09:04.000Z,S,0001543133,0.0,1207.55,0.0,1.0
0001065280-25-000258,2025-06-04T00:09:04.000Z,S,0001543133,0.0,1209.27,0.0,1.0
0001065280-25-000258,2025-06-04T00:09:04.000Z,S,0001543133,0.0,0.0,0.0,1.0
0001065280-25-000258,2025-06-04T00:09:04.000Z,S,0001543133,0.0,0.0,0.0,1.0
0001065280-25-000258,2025-06-04T00:09:04.000Z,S,0001543133,0.0,0.0,0.0,1.0
0001065280-25-000258,2025-06-04T00:09:04.000Z,S,0001543133,0.0,0.0,0.0,1.0
0001065280-25-000258,2025-06-04T00:09:04.000Z,S,0001543133,0.0,0.0,0.0,1.0
0001065280-25-000258,2025-06-04T00:09:04.000Z,S,0001543133,0.0,0.0,0.0,1.0
0001065280-25-000256,2025-06-04T00:07:53.000Z,S,0001033331,0.0,1198.87,0.0,1.0
0001065280-25-000256,2025-06-04T00:07:53.000Z,S,0001033331,0.0,0.0,0.0,1.0
0001065280-25-000256,2025-06-04T00:07:53.000Z,S,0001033331,0.0,0.0,0.0,1.0
0001065280-25-000256,2025-06-04T00:07:53.000Z,S,0001033331,0.0,0.0,0.0,1.0
0001065280-25-000256,2025-06-04T00:07:53.000Z,S,0001033331,0.0,0.0,0.0,1.0
0001065280-25-000256,2025-06-04T00:07:53.000Z,S,0001033331,0.0,0.0,0.0,1.0
0001065280-25-000256,2025-06-04T00:07:53.000Z,S,0001033331,0.0,0.0,0.0,1.0
0001065280-25-000256,2025-06-04T00:07:53.000Z,S,0001033331,0.0,0.0,0.0,1.0
0001065280-25-000256,2025-06-04T00:07:53.000Z,S,0001033331,0.0,0.0,0.0,1.0
0001065280-25-000256,2025-06-04T00:07:53.000Z,S,0001033331,0.0,0.0,0.0,1.0
0001065280-25-000256,2025-06-04T00:07:53.000Z,S,0001033331,0.0,0.0,0.0,1.0
0001065280-25-000256,2025-06-04T00:07:53.000Z,S,0001033331,0.0,0.0,0.0,1.0
0001065280-25-000256,2025-06-04T00:07:53.000Z,S,0001033331,0.0,0.0,0.0,1.0
0001065280-25-000256,2025-06-04T00:07:53.000Z,S,0001033331,0.0,0.0,0.0,1.0
0001065280-25-000256,2025-06-04T00:07:53.000Z,S,0001033331,0.0,0.0,0.0,1.0
0001065280-25-000256,2025-06-04T00:07:53.000Z,S,0001033331,0.0,0.0,0.0,1.0
0001065280-25-000256,2025-06-04T00:07:53.000Z,S,0001033331,0.0,0.0,0.0,1.0
0001065280-25-000256,2025-06-04T00:07:53.000Z,S,0001033331,0.0,0.0,0.0,1.0
0001062993-25-010830,2025-06-03T20:28:14.000Z,-,,,,,
0001062993-25-010709,2025-06-02T22:03:46.000Z,S,0001082906,247.0,0.0,0.0,1.0
0001062993-25-010709,2025-06-02T22:03:46.000Z,S,0001082906,83.0,0.0,0.0,1.0
0001062993-25-010709,2025-06-02T22:03:46.000Z,S,0001082906,200.0,0.0,0.0,1.0
0001062993-25-010709,2025-06-02T22:03:46.000Z,S,0001082906,67.0,0.0,0.0,1.0
0001062993-25-010709,2025-06-02T22:03:46.000Z,S,0001082906,94.0,0.0,0.0,1.0
0001062993-25-010709,2025-06-02T22:03:46.000Z,S,0001082906,31.0,0.0,0.0,1.0
0001062993-25-010709,2025-06-02T22:03:46.000Z,S,0001082906,150.0,0.0,0.0,1.0
0001062993-25-010709,2025-06-02T22:03:46.000Z,S,0001082906,50.0,0.0,0.0,1.0
0001062993-25-010709,2025-06-02T22:03:46.000Z,S,0001082906,329.0,0.0,0.0,1.0
0001062993-25-010709,2025-06-02T22:03:46.000Z,S,0001082906,111.0,0.0,0.0,1.0
0001062993-25-010709,2025-06-02T22:03:46.000Z,S,0001082906,30.0,0.0,0.0,1.0
0001062993-25-010709,2025-06-02T22:03:46.000Z,S,0001082906,10.0,0.0,0.0,1.0
0001062993-25-010709,2025-06-02T22:03:46.000Z,S,0001082906,108.0,0.0,0.0,1.0
0001062993-25-010709,2025-06-02T22:03:46.000Z,S,0001082906,36.0,0.0,0.0,1.0
0001062993-25-010709,2025-06-02T22:03:46.000Z,S,0001082906,275.0,0.0,0.0,1.0
0001062993-25-010709,2025-06-02T22:03:46.000Z,S,0001082906,93.0,0.0,0.0,1.0
0001062993-25-010709,2025-06-02T22:03:46.000Z,S,0001082906,1609.0,0.0,0.0,1.0
0001062993-25-010709,2025-06-02T22:03:46.000Z,S,0001082906,542.0,0.0,0.0,1.0
0001062993-25-010709,2025-06-02T22:03:46.000Z,S,0001082906,1342.0,0.0,0.0,1.0
0001062993-25-010709,2025-06-02T22:03:46.000Z,S,0001082906,452.0,0.0,0.0,1.0
0001062993-25-010709,2025-06-02T22:03:46.000Z,S,0001082906,1170.0,0.0,0.0,1.0
0001062993-25-010709,2025-06-02T22:03:46.000Z,S,0001082906,394.0,0.0,0.0,1.0
0001062993-25-010709,2025-06-02T22:03:46.000Z,S,0001082906,1190.0,0.0,0.0,1.0
0001062993-25-010709,2025-06-02T22:03:46.000Z,S,0001082906,401.0,0.0,0.0,1.0
0001062993-25-010709,2025-06-02T22:03:46.000Z,S,0001082906,3944.0,0.0,0.0,1.0
0001062993-25-010709,2025-06-02T22:03:46.000Z,S,0001082906,1329.0,0.0,0.0,1.0
0001062993-25-010709,2025-06-02T22:03:46.000Z,S,0001082906,4437.0,0.0,0.0,1.0
0001062993-25-010709,2025-06-02T22:03:46.000Z,S,0001082906,1495.0,0.0,0.0,1.0
0001062993-25-010709,2025-06-02T22:03:46.000Z,S,0001082906,1709.0,0.0,0.0,1.0
0001062993-25-010709,2025-06-02T22:03:46.000Z,S,0001082906,576.0,0.0,0.0,1.0
0001062993-25-010708,2025-06-02T22:03:30.000Z,S,0001082906,247.0,0.0,0.0,1.0
0001062993-25-010708,2025-06-02T22:03:30.000Z,S,0001082906,83.0,0.0,0.0,1.0
0001062993-25-010708,2025-06-02T22:03:30.000Z,S,0001082906,200.0,0.0,0.0,1.0
0001062993-25-010708,2025-06-02T22:03:30.000Z,S,0001082906,67.0,0.0,0.0,1.0
0001062993-25-010708,2025-06-02T22:03:30.000Z,S,0001082906,94.0,0.0,0.0,1.0
0001062993-25-010708,2025-06-02T22:03:30.000Z,S,0001082906,31.0,0.0,0.0,1.0
0001062993-25-010708,2025-06-02T22:03:30.000Z,S,0001082906,150.0,0.0,0.0,1.0
0001062993-25-010708,2025-06-02T22:03:30.000Z,S,0001082906,50.0,0.0,0.0,1.0
0001062993-25-010708,2025-06-02T22:03:30.000Z,S,0001082906,329.0,0.0,0.0,1.0
0001062993-25-010708,2025-06-02T22:03:30.000Z,S,0001082906,111.0,0.0,0.0,1.0
0001062993-25-010708,2025-06-02T22:03:30.000Z,S,0001082906,30.0,0.0,0.0,1.0
0001062993-25-010708,2025-06-02T22:03:30.000Z,S,0001082906,10.0,0.0,0.0,1.0
0001062993-25-010708,2025-06-02T22:03:30.000Z,S,0001082906,108.0,0.0,0.0,1.0
0001062993-25-010708,2025-06-02T22:03:30.000Z,S,0001082906,36.0,0.0,0.0,1.0
0001062993-25-010708,2025-06-02T22:03:30.000Z,S,0001082906,275.0,0.0,0.0,1.0
0001062993-25-010708,2025-06-02T22:03:30.000Z,S,0001082906,93.0,0.0,0.0,1.0
0001062993-25-010708,2025-06-02T22:03:30.000Z,S,0001082906,1609.0,0.0,0.0,1.0
0001062993-25-010708,2025-06-02T22:03:30.000Z,S,0001082906,542.0,0.0,0.0,1.0
0001062993-25-010708,2025-06-02T22:03:30.000Z,S,0001082906,1342.0,0.0,0.0,1.0
0001062993-25-010708,2025-06-02T22:03:30.000Z,S,0001082906,452.0,0.0,0.0,1.0
0001062993-25-010708,2025-06-02T22:03:30.000Z,S,0001082906,1170.0,0.0,0.0,1.0
0001062993-25-010708,2025-06-02T22:03:30.000Z,S,0001082906,394.0,0.0,0.0,1.0
0001062993-25-010708,2025-06-02T22:03:30.000Z,S,0001082906,1190.0,0.0,0.0,1.0
0001062993-25-010708,2025-06-02T22:03:30.000Z,S,0001082906,401.0,0.0,0.0,1.0
0001062993-25-010708,2025-06-02T22:03:30.000Z,S,0001082906,3944.0,0.0,0.0,1.0
0001062993-25-010708,2025-06-02T22:03:30.000Z,S,0001082906,1329.0,0.0,0.0,1.0
0001062993-25-010708,2025-06-02T22:03:30.000Z,S,0001082906,4437.0,0.0,0.0,1.0
0001062993-25-010708,2025-06-02T22:03:30.000Z,S,0001082906,1495.0,0.0,0.0,1.0
0001062993-25-010708,2025-06-02T22:03:30.000Z,S,0001082906,1709.0,0.0,0.0,1.0
0001062993-25-010708,2025-06-02T22:03:30.000Z,S,0001082906,576.0,0.0,0.0,1.0
0001065280-25-000251,2025-05-28T21:35:07.000Z,S,0001819156,0.0,1194.77,0.0,1.0
0001065280-25-000249,2025-05-16T21:30:18.000Z,S,0001218352,0.0,1175.0,0.0,1.0
0001065280-25-000249,2025-05-16T21:30:18.000Z,S,0001218352,0.0,1170.0,0.0,1.0
0001065280-25-000247,2025-05-13T22:31:26.000Z,S,0001193119,0.0,1124.26,0.0,1.0
0001065280-25-000246,2025-05-13T22:31:14.000Z,S,0001837857,0.0,1124.26,0.0,1.0
0001065280-25-000243,2025-05-13T00:50:54.000Z,S,0001244892,0.0,1150.0,0.0,1.0
0001065280-25-000241,2025-05-08T00:30:21.000Z,S,0002065325,298.0,1138.0,339124.0,0.0
0001065280-25-000240,2025-05-08T00:30:11.000Z,S,0001507747,425.0,0.0,0.0,0.0
0001065280-25-000239,2025-05-08T00:30:01.000Z,S,0001543133,686.0,1141.2755,782914.993,0.0
0001065280-25-000238,2025-05-08T00:29:51.000Z,S,0001583109,2027.0,0.0,0.0,0.0
0001065280-25-000237,2025-05-08T00:29:41.000Z,S,0001393838,2027.0,0.0,0.0,0.0
0001065280-25-000231,2025-05-05T23:43:37.000Z,S,0001218352,0.0,1150.0,0.0,1.0
0001065280-25-000229,2025-05-03T00:28:22.000Z,S,0001543133,0.0,1117.65,0.0,1.0
0001065280-25-000229,2025-05-03T00:28:22.000Z,S,0001543133,0.0,0.0,0.0,1.0
0001065280-25-000229,2025-05-03T00:28:22.000Z,S,0001543133,0.0,1121.66,0.0,1.0
0001065280-25-000229,2025-05-03T00:28:22.000Z,S,0001543133,0.0,0.0,0.0,1.0
0001065280-25-000229,2025-05-03T00:28:22.000Z,S,0001543133,0.0,0.0,0.0,1.0
0001065280-25-000229,2025-05-03T00:28:22.000Z,S,0001543133,0.0,1131.55,0.0,1.0
0001065280-25-000229,2025-05-03T00:28:22.000Z,S,0001543133,0.0,0.0,0.0,1.0
0001065280-25-000229,2025-05-03T00:28:22.000Z,S,0001543133,0.0,0.0,0.0,1.0
0001065280-25-000229,2025-05-03T00:28:22.000Z,S,0001543133,0.0,0.0,0.0,1.0
0001065280-25-000229,2025-05-03T00:28:22.000Z,S,0001543133,0.0,0.0,0.0,1.0
0001065280-25-000229,2025-05-03T00:28:22.000Z,S,0001543133,0.0,0.0,0.0,1.0
0001065280-25-000229,2025-05-03T00:28:22.000Z,S,0001543133,0.0,1142.09,0.0,1.0
0001065280-25-000228,2025-05-03T00:28:11.000Z,S,0001033331,0.0,0.0,0.0,1.0
0001065280-25-000228,2025-05-03T00:28:11.000Z,S,0001033331,0.0,0.0,0.0,1.0
0001065280-25-000228,2025-05-03T00:28:11.000Z,S,0001033331,0.0,1117.6,0.0,1.0
0001065280-25-000228,2025-05-03T00:28:11.000Z,S,0001033331,0.0,0.0,0.0,1.0
0001065280-25-000228,2025-05-03T00:28:11.000Z,S,0001033331,0.0,0.0,0.0,1.0
0001065280-25-000228,2025-05-03T00:28:11.000Z,S,0001033331,0.0,0.0,0.0,1.0
0001065280-25-000228,2025-05-03T00:28:11.000Z,S,0001033331,0.0,0.0,0.0,1.0
0001065280-25-000228,2025-05-03T00:28:11.000Z,S,0001033331,0.0,0.0,0.0,1.0
0001065280-25-000228,2025-05-03T00:28:11.000Z,S,0001033331,0.0,0.0,0.0,1.0
0001065280-25-000228,2025-05-03T00:28:11.000Z,S,0001033331,0.0,0.0,0.0,1.0
0001065280-25-000228,2025-05-03T00:28:11.000Z,S,0001033331,0.0,0.0,0.0,1.0
0001065280-25-000228,2025-05-03T00:28:11.000Z,S,0001033331,0.0,0.0,0.0,1.0
0001065280-25-000228,2025-05-03T00:28:11.000Z,S,0001033331,0.0,0.0,0.0,1.0
0001065280-25-000228,2025-05-03T00:28:11.000Z,S,0001033331,0.0,0.0,0.0,1.0
0001065280-25-000228,2025-05-03T00:28:11.000Z,S,0001033331,0.0,0.0,0.0,1.0
0001065280-25-000228,2025-05-03T00:28:11.000Z,S,0001033331,0.0,0.0,0.0,1.0
0001065280-25-000228,2025-05-03T00:28:11.000Z,S,0001033331,0.0,0.0,0.0,1.0
0001065280-25-000228,2025-05-03T00:28:11.000Z,S,0001033331,0.0,0.0,0.0,1.0
0001065280-25-000228,2025-05-03T00:28:11.000Z,S,0001033331,0.0,0.0,0.0,1.0
0001065280-25-000228,2025-05-03T00:28:11.000Z,S,0001033331,0.0,0.0,0.0,1.0
0001065280-25-000228,2025-05-03T00:28:11.000Z,S,0001033331,0.0,0.0,0.0,1.0
0001065280-25-000228,2025-05-03T00:28:11.000Z,S,0001033331,0.0,0.0,0.0,1.0
0001065280-25-000228,2025-05-03T00:28:11.000Z,S,0001033331,0.0,0.0,0.0,1.0
0001065280-25-000228,2025-05-03T00:28:11.000Z,S,0001033331,0.0,1142.0,0.0,1.0
0001065280-25-000227,2025-05-03T00:28:00.000Z,-,,,,,
0001065280-25-000226,2025-05-03T00:26:43.000Z,S,0001370931,0.0,1112.65,0.0,1.0
0001065280-25-000225,2025-05-03T00:26:03.000Z,-,,,,,
0001065280-25-000223,2025-05-03T00:25:05.000Z,-,,,,,
0001065280-25-000222,2025-05-03T00:24:55.000Z,-,,,,,
0001065280-25-000221,2025-05-03T00:24:44.000Z,-,,,,,
0001065280-25-000220,2025-05-03T00:24:34.000Z,-,,,,,
0001065280-25-000219,2025-05-03T00:24:23.000Z,-,,,,,
0001065280-25-000218,2025-05-03T00:24:13.000Z,-,,,,,
0001065280-25-000217,2025-05-03T00:24:03.000Z,-,,,,,
0001065280-25-000216,2025-05-03T00:23:52.000Z,-,,,,,
0001065280-25-000215,2025-05-03T00:23:41.000Z,-,,,,,
0001062993-25-008373,2025-05-02T20:33:19.000Z,-,,,,,
0001062993-25-008335,2025-05-01T21:50:32.000Z,S,0001082906,1726.0,0.0,0.0,1.0
0001062993-25-008335,2025-05-01T21:50:32.000Z,S,0001082906,582.0,0.0,0.0,1.0
0001062993-25-008335,2025-05-01T21:50:32.000Z,S,0001082906,1531.0,0.0,0.0,1.0
0001062993-25-008335,2025-05-01T21:50:32.000Z,S,0001082906,515.0,0.0,0.0,1.0
0001062993-25-008335,2025-05-01T21:50:32.000Z,S,0001082906,2843.0,0.0,0.0,1.0
0001062993-25-008335,2025-05-01T21:50:32.000Z,S,0001082906,957.0,0.0,0.0,1.0
0001062993-25-008335,2025-05-01T21:50:32.000Z,S,0001082906,3425.0,0.0,0.0,1.0
0001062993-25-008335,2025-05-01T21:50:32.000Z,S,0001082906,1154.0,0.0,0.0,1.0
0001062993-25-008335,2025-05-01T21:50:32.000Z,S,0001082906,3345.0,0.0,0.0,1.0
0001062993-25-008335,2025-05-01T21:50:32.000Z,S,0001082906,1127.0,0.0,0.0,1.0
0001062993-25-008335,2025-05-01T21:50:32.000Z,S,0001082906,5215.0,0.0,0.0,1.0
0001062993-25-008335,2025-05-01T21:50:32.000Z,S,0001082906,1757.0,0.0,0.0,1.0
0001062993-25-008335,2025-05-01T21:50:32.000Z,S,0001082906,3832.0,0.0,0.0,1.0
0001062993-25-008335,2025-05-01T21:50:32.000Z,S,0001082906,1291.0,0.0,0.0,1.0
0001062993-25-008335,2025-05-01T21:50:32.000Z,S,0001082906,673.0,0.0,0.0,1.0
0001062993-25-008335,2025-05-01T21:50:32.000Z,S,0001082906,227.0,0.0,0.0,1.0
0001062993-25-008335,2025-05-01T21:50:32.000Z,S,0001082906,898.0,0.0,0.0,1.0
0001062993-25-008335,2025-05-01T21:50:32.000Z,S,0001082906,303.0,0.0,0.0,1.0
0001062993-25-008335,2025-05-01T21:50:32.000Z,S,0001082906,833.0,0.0,0.0,1.0
0001062993-25-008335,2025-05-01T21:50:32.000Z,S,0001082906,281.0,0.0,0.0,1.0
0001062993-25-008333,2025-05-01T21:49:20.000Z,S,0001082906,2142.0,0.0,0.0,1.0
0001062993-25-008333,2025-05-01T21:49:20.000Z,S,0001082906,721.0,0.0,0.0,1.0
0001062993-25-008333,2025-05-01T21:49:20.000Z,S,0001082906,2833.0,0.0,0.0,1.0
0001062993-25-008333,2025-05-01T21:49:20.000Z,S,0001082906,954.0,0.0,0.0,1.0
0001062993-25-008333,2025-05-01T21:49:20.000Z,S,0001082906,1197.0,0.0,0.0,1.0
0001062993-25-008333,2025-05-01T21:49:20.000Z,S,0001082906,403.0,0.0,0.0,1.0
0001062993-25-008333,2025-05-01T21:49:20.000Z,S,0001082906,1072.0,0.0,0.0,1.0
0001062993-25-008333,2025-05-01T21:49:20.000Z,S,0001082906,361.0,0.0,0.0,1.0
0001062993-25-008333,2025-05-01T21:49:20.000Z,S,0001082906,340.0,0.0,0.0,1.0
0001062993-25-008333,2025-05-01T21:49:20.000Z,S,0001082906,114.0,0.0,0.0,1.0
0001062993-25-008333,2025-05-01T21:49:20.000Z,S,0001082906,384.0,0.0,0.0,1.0
0001062993-25-008333,2025-05-01T21:49:20.000Z,S,0001082906,129.0,0.0,0.0,1.0
0001062993-25-008333,2025-05-01T21:49:20.000Z,S,0001082906,524.0,0.0,0.0,1.0
0001062993-25-008333,2025-05-01T21:49:20.000Z,S,0001082906,176.0,0.0,0.0,1.0
0001062993-25-008333,2025-05-01T21:49:20.000Z,S,0001082906,299.0,0.0,0.0,1.0
0001062993-25-008333,2025-05-01T21:49:20.000Z,S,0001082906,101.0,0.0,0.0,1.0
0001062993-25-008333,2025-05-01T21:49:20.000Z,S,0001082906,1047.0,0.0,0.0,1.0
0001062993-25-008333,2025-05-01T21:49:20.000Z,S,0001082906,353.0,0.0,0.0,1.0
0001062993-25-008333,2025-05-01T21:49:20.000Z,S,0001082906,1656.0,0.0,0.0,1.0
0001062993-25-008333,2025-05-01T21:49:20.000Z,S,0001082906,558.0,0.0,0.0,1.0
0001062993-25-008333,2025-05-01T21:49:20.000Z,S,0001082906,2798.0,0.0,0.0,1.0
0001062993-25-008333,2025-05-01T21:49:20.000Z,S,0001082906,942.0,0.0,0.0,1.0
0001062993-25-008333,2025-05-01T21:49:20.000Z,S,0001082906,1888.0,0.0,0.0,1.0
0001062993-25-008333,2025-05-01T21:49:20.000Z,S,0001082906,636.0,0.0,0.0,1.0
0001062993-25-008333,2025-05-01T21:49:20.000Z,S,0001082906,1695.0,0.0,0.0,1.0
0001062993-25-008333,2025-05-01T21:49:20.000Z,S,0001082906,571.0,0.0,0.0,1.0
0001062993-25-008333,2025-05-01T21:49:20.000Z,S,0001082906,2815.0,0.0,0.0,1.0
0001062993-25-008333,2025-05-01T21:49:20.000Z,S,0001082906,948.0,0.0,0.0,1.0
0001062993-25-008333,2025-05-01T21:49:20.000Z,S,0001082906,2489.0,0.0,0.0,1.0
0001062993-25-008333,2025-05-01T21:49:20.000Z,S,0001082906,839.0,0.0,0.0,1.0
0001065280-25-000199,2025-04-30T20:27:50.000Z,-,,,,,
0001065280-25-000195,2025-04-28T21:32:57.000Z,S,0001819156,0.0,1097.04,0.0,1.0
0001065280-25-000193,2025-04-24T23:44:04.000Z,S,0001218352,0.0,1047.52,0.0,1.0
0001065280-25-000187,2025-04-24T01:04:31.000Z,-,,,,,
0001065280-25-000186,2025-04-24T01:04:20.000Z,-,,,,,
0001065280-25-000178,2025-04-22T23:57:26.000Z,S,0001819156,0.0,1000.0,0.0,1.0
0001065280-25-000172,2025-04-02T22:10:32.000Z,-,,,,,
0001065280-25-000171,2025-04-02T22:10:19.000Z,-,,,,,
0001065280-25-000170,2025-04-02T22:10:09.000Z,-,,,,,
0001065280-25-000169,2025-04-02T22:09:57.000Z,-,,,,,
0001065280-25-000168,2025-04-02T22:09:46.000Z,-,,,,,
0001065280-25-000167,2025-04-02T22:09:35.000Z,-,,,,,
0001065280-25-000166,2025-04-02T22:09:24.000Z,-,,,,,
0001065280-25-000165,2025-04-02T22:09:14.000Z,-,,,,,
0001065280-25-000164,2025-04-02T22:09:03.000Z,-,,,,,
0001065280-25-000163,2025-04-02T22:08:53.000Z,-,,,,,
0001065280-25-000152,2025-04-02T21:43:36.000Z,S,0001543133,0.0,0.0,0.0,1.0
0001065280-25-000152,2025-04-02T21:43:36.000Z,S,0001543133,0.0,0.0,0.0,1.0
0001065280-25-000152,2025-04-02T21:43:36.000Z,S,0001543133,0.0,0.0,0.0,1.0
0001065280-25-000152,2025-04-02T21:43:36.000Z,S,0001543133,0.0,0.0,0.0,1.0
0001065280-25-000152,2025-04-02T21:43:36.000Z,S,0001543133,0.0,0.0,0.0,1.0
0001065280-25-000152,2025-04-02T21:43:36.000Z,S,0001543133,0.0,0.0,0.0,1.0
0001065280-25-000152,2025-04-02T21:43:36.000Z,S,0001543133,0.0,0.0,0.0,1.0
0001065280-25-000152,2025-04-02T21:43:36.000Z,S,0001543133,0.0,0.0,0.0,1.0
0001065280-25-000152,2025-04-02T21:43:36.000Z,S,0001543133,0.0,0.0,0.0,1.0
0001065280-25-000152,2025-04-02T21:43:36.000Z,S,0001543133,0.0,931.09,0.0,1.0
0001065280-25-000150,2025-04-02T21:42:17.000Z,S,0001033331,0.0,0.0,0.0,1.0
0001065280-25-000150,2025-04-02T21:42:17.000Z,S,0001033331,0.0,0.0,0.0,1.0
0001065280-25-000150,2025-04-02T21:42:17.000Z,S,0001033331,0.0,0.0,0.0,1.0
0001065280-25-000150,2025-04-02T21:42:17.000Z,S,0001033331,0.0,0.0,0.0,1.0
0001065280-25-000150,2025-04-02T21:42:17.000Z,S,0001033331,0.0,0.0,0.0,1.0
0001065280-25-000150,2025-04-02T21:42:17.000Z,S,0001033331,0.0,0.0,0.0,1.0
0001065280-25-000150,2025-04-02T21:42:17.000Z,S,0001033331,0.0,0.0,0.0,1.0
0001065280-25-000150,2025-04-02T21:42:17.000Z,S,0001033331,0.0,0.0,0.0,1.0
0001065280-25-000150,2025-04-02T21:42:17.000Z,S,0001033331,0.0,0.0,0.0,1.0
0001065280-25-000150,2025-04-02T21:42:17.000Z,S,0001033331,0.0,0.0,0.0,1.0
0001065280-25-000150,2025-04-02T21:42:17.000Z,S,0001033331,0.0,0.0,0.0,1.0
0001065280-25-000150,2025-04-02T21:42:17.000Z,S,0001033331,0.0,0.0,0.0,1.0
0001065280-25-000150,2025-04-02T21:42:17.000Z,S,0001033331,0.0,0.0,0.0,1.0
0001065280-25-000150,2025-04-02T21:42:17.000Z,S,0001033331,0.0,0.0,0.0,1.0
0001065280-25-000150,2025-04-02T21:42:17.000Z,S,0001033331,0.0,0.0,0.0,1.0
0001065280-25-000150,2025-04-02T21:42:17.000Z,S,0001033331,0.0,0.0,0.0,1.0
0001065280-25-000150,2025-04-02T21:42:17.000Z,S,0001033331,0.0,929.74,0.0,1.0
0001065280-25-000150,2025-04-02T21:42:17.000Z,S,0001033331,0.0,931.8,0.0,1.0
0001062993-25-006830,2025-04-02T20:22:26.000Z,-,,,,,
0001065280-25-000147,2025-03-26T23:42:42.000Z,S,0001819156,0.0,978.18,0.0,1.0
0001065280-25-000143,2025-03-05T01:39:06.000Z,-,,,,,
0001065280-25-000142,2025-03-05T01:38:56.000Z,-,,,,,
0001065280-25-000141,2025-03-05T01:38:46.000Z,-,,,,,
0001065280-25-000140,2025-03-05T01:38:35.000Z,-,,,,,
0001065280-25-000139,2025-03-05T01:38:25.000Z,-,,,,,
0001065280-25-000138,2025-03-05T01:38:15.000Z,-,,,,,
0001065280-25-000137,2025-03-05T01:38:04.000Z,-,,,,,
0001065280-25-000136,2025-03-05T01:37:54.000Z,-,,,,,
0001065280-25-000135,2025-03-05T01:37:42.000Z,-,,,,,
0001065280-25-000134,2025-03-05T01:37:31.000Z,-,,,,,
0001065280-25-000123,2025-03-05T01:34:23.000Z,S,0001543133,0.0,0.0,0.0,1.0
0001065280-25-000123,2025-03-05T01:34:23.000Z,S,0001543133,0.0,969.04,0.0,1.0
0001065280-25-000123,2025-03-05T01:34:23.000Z,S,0001543133,0.0,0.0,0.0,1.0
0001065280-25-000123,2025-03-05T01:34:23.000Z,S,0001543133,0.0,0.0,0.0,1.0
0001065280-25-000123,2025-03-05T01:34:23.000Z,S,0001543133,0.0,978.68,0.0,1.0
0001065280-25-000123,2025-03-05T01:34:23.000Z,S,0001543133,0.0,980.19,0.0,1.0
0001065280-25-000123,2025-03-05T01:34:23.000Z,S,0001543133,0.0,0.0,0.0,1.0
0001065280-25-000123,2025-03-05T01:34:23.000Z,S,0001543133,0.0,0.0,0.0,1.0
0001065280-25-000123,2025-03-05T01:34:23.000Z,S,0001543133,0.0,0.0,0.0,1.0
0001065280-25-000123,2025-03-05T01:34:23.000Z,S,0001543133,0.0,0.0,0.0,1.0
0001065280-25-000123,2025-03-05T01:34:23.000Z,S,0001543133,0.0,0.0,0.0,1.0
0001065280-25-000123,2025-03-05T01:34:23.000Z,S,0001543133,0.0,0.0,0.0,1.0
0001065280-25-000121,2025-03-05T01:33:06.000Z,S,0001033331,0.0,0.0,0.0,1.0
0001065280-25-000121,2025-03-05T01:33:06.000Z,S,0001033331,0.0,0.0,0.0,1.0
0001065280-25-000121,2025-03-05T01:33:06.000Z,S,0001033331,0.0,0.0,0.0,1.0
0001065280-25-000121,2025-03-05T01:33:06.000Z,S,0001033331,0.0,0.0,0.0,1.0
0001065280-25-000121,2025-03-05T01:33:06.000Z,S,0001033331,0.0,0.0,0.0,1.0
0001065280-25-000121,2025-03-05T01:33:06.000Z,S,0001033331,0.0,0.0,0.0,1.0
0001065280-25-000121,2025-03-05T01:33:06.000Z,S,0001033331,0.0,0.0,0.0,1.0
0001065280-25-000121,2025-03-05T01:33:06.000Z,S,0001033331,0.0,0.0,0.0,1.0
0001065280-25-000121,2025-03-05T01:33:06.000Z,S,0001033331,0.0,0.0,0.0,1.0
0001065280-25-000121,2025-03-05T01:33:06.000Z,S,0001033331,0.0,0.0,0.0,1.0
0001065280-25-000121,2025-03-05T01:33:06.000Z,S,0001033331,0.0,0.0,0.0,1.0
0001065280-25-000121,2025-03-05T01:33:06.000Z,S,0001033331,0.0,0.0,0.0,1.0
0001065280-25-000121,2025-03-05T01:33:06.000Z,S,0001033331,0.0,0.0,0.0,1.0
0001065280-25-000121,2025-03-05T01:33:06.000Z,S,0001033331,0.0,0.0,0.0,1.0
0001065280-25-000121,2025-03-05T01:33:06.000Z,S,0001033331,0.0,0.0,0.0,1.0
0001065280-25-000121,2025-03-05T01:33:06.000Z,S,0001033331,0.0,0.0,0.0,1.0
0001065280-25-000121,2025-03-05T01:33:06.000Z,S,0001033331,0.0,0.0,0.0,1.0
0001065280-25-000121,2025-03-05T01:33:06.000Z,S,0001033331,0.0,0.0,0.0,1.0
0001065280-25-000121,2025-03-05T01:33:06.000Z,S,0001033331,0.0,0.0,0.0,1.0
0001065280-25-000121,2025-03-05T01:33:06.000Z,S,0001033331,0.0,0.0,0.0,1.0
0001065280-25-000121,2025-03-05T01:33:06.000Z,S,0001033331,0.0,0.0,0.0,1.0
0001065280-25-000121,2025-03-05T01:33:06.000Z,S,0001033331,0.0,0.0,0.0,1.0
0001065280-25-000121,2025-03-05T01:33:06.000Z,S,0001033331,0.0,0.0,0.0,1.0
0001065280-25-000121,2025-03-05T01:33:06.000Z,S,0001033331,0.0,0.0,0.0,1.0
0001065280-25-000121,2025-03-05T01:33:06.000Z,S,0001033331,0.0,0.0,0.0,1.0
0001065280-25-000121,2025-03-05T01:33:06.000Z,S,0001033331,0.0,994.09,0.0,1.0
0001062993-25-004354,2025-03-04T22:03:46.000Z,-,,,,,
0001065280-25-000118,2025-02-27T23:04:38.000Z,S,0001819156,0.0,989.64,0.0,1.0
0001065280-25-000118,2025-02-27T23:04:38.000Z,S,0001819156,0.0,1000.0,0.0,1.0
0001065280-25-000116,2025-02-14T21:06:35.000Z,S,0001583109,0.0,1035.0,0.0,1.0
0001065280-25-000114,2025-02-11T21:21:30.000Z,S,0001583109,0.0,1030.0,0.0,1.0
0001065280-25-000112,2025-02-07T23:42:02.000Z,S,0001837857,0.0,1007.87,0.0,1.0
0001065280-25-000111,2025-02-07T23:41:52.000Z,S,0001583109,0.0,1015.0,0.0,1.0
0001065280-25-000111,2025-02-07T23:41:52.000Z,S,0001583109,0.0,1020.0,0.0,1.0
0001065280-25-000111,2025-02-07T23:41:52.000Z,S,0001583109,0.0,1025.0,0.0,1.0
0001065280-25-000106,2025-02-07T00:23:17.000Z,S,0001583109,0.0,1010.0,0.0,1.0
0001065280-25-000105,2025-02-07T00:23:06.000Z,S,0001543133,685.0,1009.5662,691552.847,0.0
0001065280-25-000104,2025-02-07T00:22:56.000Z,S,0001507747,0.0,0.0,0.0,1.0
0001065280-25-000104,2025-02-07T00:22:56.000Z,S,0001507747,0.0,0.0,0.0,1.0
0001065280-25-000104,2025-02-07T00:22:56.000Z,S,0001507747,0.0,0.0,0.0,1.0
0001065280-25-000104,2025-02-07T00:22:56.000Z,S,0001507747,0.0,0.0,0.0,1.0
0001065280-25-000104,2025-02-07T00:22:56.000Z,S,0001507747,0.0,0.0,0.0,1.0
0001065280-25-000104,2025-02-07T00:22:56.000Z,S,0001507747,0.0,0.0,0.0,1.0
0001065280-25-000104,2025-02-07T00:22:56.000Z,S,0001507747,0.0,0.0,0.0,1.0
0001065280-25-000104,2025-02-07T00:22:56.000Z,S,0001507747,0.0,0.0,0.0,1.0
0001065280-25-000104,2025-02-07T00:22:56.000Z,S,0001507747,0.0,0.0,0.0,1.0
0001065280-25-000100,2025-02-06T01:54:47.000Z,S,0001819156,0.0,1000.0,0.0,1.0
0001065280-25-000099,2025-02-06T01:54:37.000Z,-,,,,,
0001065280-25-000098,2025-02-06T01:54:27.000Z,-,,,,,
0001065280-25-000097,2025-02-06T01:54:16.000Z,-,,,,,
0001065280-25-000096,2025-02-06T01:54:05.000Z,S,0001507747,424.0,0.0,0.0,0.0
0001065280-25-000095,2025-02-06T01:53:55.000Z,S,0001583109,0.0,1000.0,0.0,1.0
0001065280-25-000095,2025-02-06T01:53:55.000Z,S,0001583109,0.0,1005.0,0.0,1.0
0001065280-25-000095,2025-02-06T01:53:55.000Z,S,0001583109,2027.0,0.0,0.0,1.0
0001065280-25-000088,2025-02-05T01:20:50.000Z,S,0001244892,0.0,973.0,0.0,1.0
0001065280-25-000087,2025-02-05T01:20:40.000Z,-,,,,,
0001065280-25-000086,2025-02-05T01:20:30.000Z,-,,,,,
0001065280-25-000085,2025-02-05T01:20:20.000Z,-,,,,,
0001065280-25-000084,2025-02-05T01:20:09.000Z,-,,,,,
0001065280-25-000083,2025-02-05T01:19:58.000Z,-,,,,,
0001065280-25-000082,2025-02-05T01:19:48.000Z,S,0001033331,0.0,0.0,0.0,1.0
0001065280-25-000082,2025-02-05T01:19:48.000Z,S,0001033331,0.0,0.0,0.0,1.0
0001065280-25-000082,2025-02-05T01:19:48.000Z,S,0001033331,0.0,0.0,0.0,1.0
0001065280-25-000082,2025-02-05T01:19:48.000Z,S,0001033331,0.0,0.0,0.0,1.0
0001065280-25-000082,2025-02-05T01:19:48.000Z,S,0001033331,0.0,0.0,0.0,1.0
0001065280-25-000082,2025-02-05T01:19:48.000Z,S,0001033331,0.0,0.0,0.0,1.0
0001065280-25-000082,2025-02-05T01:19:48.000Z,S,0001033331,0.0,0.0,0.0,1.0
0001065280-25-000082,2025-02-05T01:19:48.000Z,S,0001033331,0.0,0.0,0.0,1.0
0001065280-25-000082,2025-02-05T01:19:48.000Z,S,0001033331,0.0,0.0,0.0,1.0
0001065280-25-000082,2025-02-05T01:19:48.000Z,S,0001033331,0.0,0.0,0.0,1.0
0001065280-25-000082,2025-02-05T01:19:48.000Z,S,0001033331,0.0,0.0,0.0,1.0
0001065280-25-000082,2025-02-05T01:19:48.000Z,S,0001033331,0.0,0.0,0.0,1.0
0001065280-25-000082,2025-02-05T01:19:48.000Z,S,0001033331,0.0,0.0,0.0,1.0
0001065280-25-000082,2025-02-05T01:19:48.000Z,S,0001033331,0.0,0.0,0.0,1.0
0001065280-25-000082,2025-02-05T01:19:48.000Z,S,0001033331,0.0,0.0,0.0,1.0
0001065280-25-000082,2025-02-05T01:19:48.000Z,S,0001033331,0.0,0.0,0.0,1.0
0001065280-25-000082,2025-02-05T01:19:48.000Z,S,0001033331,0.0,0.0,0.0,1.0
0001065280-25-000082,2025-02-05T01:19:48.000Z,S,0001033331,0.0,0.0,0.0,1.0
0001065280-25-000082,2025-02-05T01:19:48.000Z,S,0001033331,0.0,0.0,0.0,1.0
0001065280-25-000082,2025-02-05T01:19:48.000Z,S,0001033331,0.0,0.0,0.0,1.0
0001065280-25-000082,2025-02-05T01:19:48.000Z,S,0001033331,0.0,0.0,0.0,1.0
0001065280-25-000082,2025-02-05T01:19:48.000Z,S,0001033331,0.0,0.0,0.0,1.0
0001065280-25-000081,2025-02-05T01:19:36.000Z,-,,,,,
0001065280-25-000080,2025-02-05T01:19:25.000Z,-,,,,,
0001065280-25-000079,2025-02-05T01:19:14.000Z,-,,,,,
0001065280-25-000078,2025-02-05T01:17:54.000Z,-,,,,,
0001062993-25-001647,2025-02-04T21:32:01.000Z,-,,,,,
0001065280-25-000074,2025-02-03T23:35:15.000Z,-,,,,,
0001065280-25-000073,2025-02-03T23:35:05.000Z,S,0001583109,0.0,0.0,0.0,1.0
0001065280-25-000073,2025-02-03T23:35:05.000Z,S,0001583109,0.0,0.0,0.0,1.0
0001065280-25-000073,2025-02-03T23:35:05.000Z,S,0001583109,0.0,0.0,0.0,1.0
0001065280-25-000073,2025-02-03T23:35:05.000Z,S,0001583109,0.0,0.0,0.0,1.0
0001065280-25-000073,2025-02-03T23:35:05.000Z,S,0001583109,0.0,0.0,0.0,1.0
0001065280-25-000073,2025-02-03T23:35:05.000Z,S,0001583109,0.0,0.0,0.0,1.0
0001065280-25-000073,2025-02-03T23:35:05.000Z,S,0001583109,0.0,0.0,0.0,1.0
0001065280-25-000073,2025-02-03T23:35:05.000Z,S,0001583109,0.0,0.0,0.0,1.0
0001065280-25-000073,2025-02-03T23:35:05.000Z,S,0001583109,0.0,0.0,0.0,1.0
0001065280-25-000073,2025-02-03T23:35:05.000Z,S,0001583109,0.0,0.0,0.0,1.0
0001065280-25-000073,2025-02-03T23:35:05.000Z,S,0001583109,0.0,0.0,0.0,1.0
0001065280-25-000073,2025-02-03T23:35:05.000Z,S,0001583109,0.0,0.0,0.0,1.0
0001065280-25-000073,2025-02-03T23:35:05.000Z,S,0001583109,0.0,0.0,0.0,1.0
0001065280-25-000073,2025-02-03T23:35:05.000Z,S,0001583109,0.0,0.0,0.0,1.0
0001065280-25-000073,2025-02-03T23:35:05.000Z,S,0001583109,0.0,0.0,0.0,1.0
0001065280-25-000073,2025-02-03T23:35:05.000Z,S,0001583109,0.0,0.0,0.0,1.0
0001065280-25-000073,2025-02-03T23:35:05.000Z,S,0001583109,0.0,0.0,0.0,1.0
0001065280-25-000073,2025-02-03T23:35:05.000Z,S,0001583109,0.0,0.0,0.0,1.0
0001065280-25-000073,2025-02-03T23:35:05.000Z,S,0001583109,0.0,0.0,0.0,1.0
0001065280-25-000073,2025-02-03T23:35:05.000Z,S,0001583109,0.0,0.0,0.0,1.0
0001065280-25-000073,2025-02-03T23:35:05.000Z,S,0001583109,0.0,0.0,0.0,1.0
0001065280-25-000073,2025-02-03T23:35:05.000Z,S,0001583109,0.0,0.0,0.0,1.0
0001065280-25-000073,2025-02-03T23:35:05.000Z,S,0001583109,0.0,0.0,0.0,1.0
0001065280-25-000070,2025-02-03T23:30:45.000Z,-,,,,,
0001065280-25-000069,2025-02-03T23:30:35.000Z,S,0001393838,0.0,0.0,0.0,1.0
0001065280-25-000069,2025-02-03T23:30:35.000Z,S,0001393838,0.0,0.0,0.0,1.0
0001065280-25-000069,2025-02-03T23:30:35.000Z,S,0001393838,0.0,0.0,0.0,1.0
0001065280-25-000069,2025-02-03T23:30:35.000Z,S,0001393838,0.0,0.0,0.0,1.0
0001065280-25-000069,2025-02-03T23:30:35.000Z,S,0001393838,0.0,0.0,0.0,1.0
0001065280-25-000069,2025-02-03T23:30:35.000Z,S,0001393838,0.0,0.0,0.0,1.0
0001065280-25-000069,2025-02-03T23:30:35.000Z,S,0001393838,0.0,0.0,0.0,1.0
0001065280-25-000069,2025-02-03T23:30:35.000Z,S,0001393838,0.0,0.0,0.0,1.0
0001065280-25-000069,2025-02-03T23:30:35.000Z,S,0001393838,0.0,0.0,0.0,1.0
0001065280-25-000069,2025-02-03T23:30:35.000Z,S,0001393838,0.0,0.0,0.0,1.0
0001065280-25-000069,2025-02-03T23:30:35.000Z,S,0001393838,0.0,0.0,0.0,1.0
0001065280-25-000069,2025-02-03T23:30:35.000Z,S,0001393838,0.0,0.0,0.0,1.0
0001065280-25-000069,2025-02-03T23:30:35.000Z,S,0001393838,0.0,0.0,0.0,1.0
0001065280-25-000069,2025-02-03T23:30:35.000Z,S,0001393838,0.0,0.0,0.0,1.0
0001065280-25-000069,2025-02-03T23:30:35.000Z,S,0001393838,0.0,0.0,0.0,1.0
0001065280-25-000069,2025-02-03T23:30:35.000Z,S,0001393838,0.0,0.0,0.0,1.0
0001065280-25-000069,2025-02-03T23:30:35.000Z,S,0001393838,0.0,0.0,0.0,1.0
0001065280-25-000069,2025-02-03T23:30:35.000Z,S,0001393838,0.0,0.0,0.0,1.0
0001065280-25-000069,2025-02-03T23:30:35.000Z,S,0001393838,0.0,0.0,0.0,1.0
0001065280-25-000069,2025-02-03T23:30:35.000Z,S,0001393838,0.0,0.0,0.0,1.0
0001065280-25-000069,2025-02-03T23:30:35.000Z,S,0001393838,0.0,0.0,0.0,1.0
0001065280-25-000069,2025-02-03T23:30:35.000Z,S,0001393838,0.0,0.0,0.0,1.0
0001065280-25-000069,2025-02-03T23:30:35.000Z,S,0001393838,0.0,0.0,0.0,1.0
0001065280-25-000066,2025-02-03T23:24:28.000Z,S,0001507747,0.0,0.0,0.0,1.0
0001065280-25-000066,2025-02-03T23:24:28.000Z,S,0001507747,0.0,0.0,0.0,1.0
0001065280-25-000066,2025-02-03T23:24:28.000Z,S,0001507747,0.0,0.0,0.0,1.0
0001065280-25-000066,2025-02-03T23:24:28.000Z,S,0001507747,0.0,0.0,0.0,1.0
0001065280-25-000066,2025-02-03T23:24:28.000Z,S,0001507747,0.0,0.0,0.0,1.0
0001065280-25-000066,2025-02-03T23:24:28.000Z,S,0001507747,0.0,0.0,0.0,1.0
0001065280-25-000066,2025-02-03T23:24:28.000Z,S,0001507747,0.0,0.0,0.0,1.0
0001065280-25-000066,2025-02-03T23:24:28.000Z,S,0001507747,0.0,0.0,0.0,1.0
0001065280-25-000066,2025-02-03T23:24:28.000Z,S,0001507747,0.0,0.0,0.0,1.0
0001065280-25-000066,2025-02-03T23:24:28.000Z,S,0001507747,0.0,0.0,0.0,1.0
0001065280-25-000066,2025-02-03T23:24:28.000Z,S,0001507747,0.0,0.0,0.0,1.0
0001065280-25-000066,2025-02-03T23:24:28.000Z,S,0001507747,0.0,0.0,0.0,1.0
0001065280-25-000066,2025-02-03T23:24:28.000Z,S,0001507747,0.0,0.0,0.0,1.0
0001065280-25-000066,2025-02-03T23:24:28.000Z,S,0001507747,0.0,0.0,0.0,1.0
0001065280-25-000066,2025-02-03T23:24:28.000Z,S,0001507747,0.0,0.0,0.0,1.0
0001065280-25-000066,2025-02-03T23:24:28.000Z,S,0001507747,0.0,0.0,0.0,1.0
0001065280-25-000066,2025-02-03T23:24:28.000Z,S,0001507747,0.0,0.0,0.0,1.0
0001065280-25-000066,2025-02-03T23:24:28.000Z,S,0001507747,0.0,0.0,0.0,1.0
0001065280-25-000066,2025-02-03T23:24:28.000Z,S,0001507747,0.0,0.0,0.0,1.0
0001065280-25-000066,2025-02-03T23:24:28.000Z,S,0001507747,0.0,0.0,0.0,1.0
0001065280-25-000066,2025-02-03T23:24:28.000Z,S,0001507747,0.0,0.0,0.0,1.0
0001065280-25-000066,2025-02-03T23:24:28.000Z,S,0001507747,0.0,0.0,0.0,1.0
0001065280-25-000066,2025-02-03T23:24:28.000Z,S,0001507747,0.0,0.0,0.0,1.0
0001065280-25-000065,2025-02-03T23:24:17.000Z,-,,,,,
0001065280-25-000062,2025-02-03T23:22:22.000Z,S,0001543133,0.0,0.0,0.0,1.0
0001065280-25-000062,2025-02-03T23:22:22.000Z,S,0001543133,0.0,0.0,0.0,1.0
0001065280-25-000062,2025-02-03T23:22:22.000Z,S,0001543133,0.0,0.0,0.0,1.0
0001065280-25-000062,2025-02-03T23:22:22.000Z,S,0001543133,0.0,0.0,0.0,1.0
0001065280-25-000062,2025-02-03T23:22:22.000Z,S,0001543133,0.0,0.0,0.0,1.0
0001065280-25-000062,2025-02-03T23:22:22.000Z,S,0001543133,0.0,0.0,0.0,1.0
0001065280-25-000062,2025-02-03T23:22:22.000Z,S,0001543133,0.0,0.0,0.0,1.0
0001065280-25-000062,2025-02-03T23:22:22.000Z,S,0001543133,0.0,0.0,0.0,1.0
0001065280-25-000062,2025-02-03T23:22:22.000Z,S,0001543133,0.0,0.0,0.0,1.0
0001065280-25-000062,2025-02-03T23:22:22.000Z,S,0001543133,0.0,0.0,0.0,1.0
0001065280-25-000062,2025-02-03T23:22:22.000Z,S,0001543133,0.0,0.0,0.0,1.0
0001065280-25-000062,2025-02-03T23:22:22.000Z,S,0001543133,0.0,0.0,0.0,1.0
0001065280-25-000062,2025-02-03T23:22:22.000Z,S,0001543133,0.0,984.95,0.0,1.0
0001065280-25-000062,2025-02-03T23:22:22.000Z,S,0001543133,0.0,0.0,0.0,1.0
0001065280-25-000062,2025-02-03T23:22:22.000Z,S,0001543133,0.0,0.0,0.0,1.0
0001065280-25-000062,2025-02-03T23:22:22.000Z,S,0001543133,0.0,0.0,0.0,1.0
0001065280-25-000062,2025-02-03T23:22:22.000Z,S,0001543133,0.0,0.0,0.0,1.0
0001065280-25-000061,2025-02-03T23:22:11.000Z,S,0001819156,0.0,986.75,0.0,1.0
0001065280-25-000046,2025-01-28T23:37:55.000Z,-,,,,,
0001065280-25-000043,2025-01-24T23:58:21.000Z,-,,,,,
0001065280-25-000042,2025-01-24T23:58:11.000Z,-,,,,,
0001065280-25-000041,2025-01-24T23:58:01.000Z,-,,,,,
0001065280-25-000040,2025-01-24T23:57:50.000Z,-,,,,,
0001065280-25-000039,2025-01-24T23:57:40.000Z,-,,,,,
0001062993-25-001097,2025-01-24T23:05:17.000Z,S,0001082906,617.0,979.71,604481.0700000001,0.0
0001065280-25-000032,2025-01-09T00:15:15.000Z,-,,,,,
0001065280-25-000031,2025-01-09T00:15:05.000Z,-,,,,,
0001065280-25-000030,2025-01-09T00:14:54.000Z,-,,,,,
0001065280-25-000029,2025-01-09T00:14:44.000Z,-,,,,,
0001065280-25-000028,2025-01-09T00:14:33.000Z,S,0001184230,0.0,879.38,0.0,1.0
0001065280-25-000027,2025-01-09T00:14:22.000Z,-,,,,,
0001062993-25-000397,2025-01-06T21:57:05.000Z,-,,,,,
0001065280-25-000020,2025-01-03T22:45:11.000Z,-,,,,,
0001065280-25-000019,2025-01-03T22:45:02.000Z,-,,,,,
0001065280-25-000018,2025-01-03T22:44:51.000Z,-,,,,,
0001065280-25-000017,2025-01-03T22:44:40.000Z,-,,,,,
0001065280-25-000016,2025-01-03T22:44:29.000Z,-,,,,,
0001065280-25-000015,2025-01-03T22:44:19.000Z,-,,,,,
0001065280-25-000014,2025-01-03T22:44:09.000Z,-,,,,,
0001065280-25-000013,2025-01-03T22:43:59.000Z,-,,,,,
0001065280-25-000012,2025-01-03T22:43:49.000Z,-,,,,,
0001065280-25-000002,2025-01-03T22:36:56.000Z,S,0001033331,0.0,0.0,0.0,1.0
0001065280-25-000002,2025-01-03T22:36:56.000Z,S,0001033331,0.0,0.0,0.0,1.0
0001065280-25-000002,2025-01-03T22:36:56.000Z,S,0001033331,0.0,0.0,0.0,1.0
0001065280-25-000002,2025-01-03T22:36:56.000Z,S,0001033331,0.0,0.0,0.0,1.0
0001065280-25-000002,2025-01-03T22:36:56.000Z,S,0001033331,0.0,0.0,0.0,1.0
0001065280-25-000002,2025-01-03T22:36:56.000Z,S,0001033331,0.0,0.0,0.0,1.0
0001065280-25-000002,2025-01-03T22:36:56.000Z,S,0001033331,0.0,0.0,0.0,1.0
0001065280-25-000002,2025-01-03T22:36:56.000Z,S,0001033331,0.0,0.0,0.0,1.0
0001065280-25-000002,2025-01-03T22:36:56.000Z,S,0001033331,0.0,0.0,0.0,1.0
0001065280-25-000002,2025-01-03T22:36:56.000Z,S,0001033331,0.0,0.0,0.0,1.0
0001065280-25-000002,2025-01-03T22:36:56.000Z,S,0001033331,0.0,0.0,0.0,1.0
0001065280-25-000002,2025-01-03T22:36:56.000Z,S,0001033331,0.0,0.0,0.0,1.0
0001065280-25-000002,2025-01-03T22:36:56.000Z,S,0001033331,0.0,0.0,0.0,1.0
0001065280-25-000002,2025-01-03T22:36:56.000Z,S,0001033331,0.0,0.0,0.0,1.0
0001065280-25-000002,2025-01-03T22:36:56.000Z,S,0001033331,0.0,0.0,0.0,1.0
0001065280-25-000002,2025-01-03T22:36:56.000Z,S,0001033331,0.0,0.0,0.0,1.0
0001065280-25-000002,2025-01-03T22:36:56.000Z,S,0001033331,0.0,0.0,0.0,1.0
0001065280-24-000363,2024-12-04T01:19:13.000Z,-,,,,,
0001065280-24-000362,2024-12-04T01:19:02.000Z,-,,,,,
0001065280-24-000361,2024-12-04T01:18:51.000Z,-,,,,,
0001065280-24-000360,2024-12-04T01:18:41.000Z,-,,,,,
0001065280-24-000359,2024-12-04T01:18:30.000Z,-,,,,,
0001065280-24-000358,2024-12-04T01:18:20.000Z,-,,,,,
0001065280-24-000357,2024-12-04T01:18:11.000Z,-,,,,,
0001065280-24-000356,2024-12-04T01:18:00.000Z,-,,,,,
0001065280-24-000355,2024-12-04T01:17:49.000Z,-,,,,,
0001065280-24-000345,2024-12-04T01:13:30.000Z,S,0001033331,0.0,0.0,0.0,1.0
0001065280-24-000345,2024-12-04T01:13:30.000Z,S,0001033331,0.0,0.0,0.0,1.0
0001065280-24-000345,2024-12-04T01:13:30.000Z,S,0001033331,0.0,0.0,0.0,1.0
0001065280-24-000345,2024-12-04T01:13:30.000Z,S,0001033331,0.0,890.1314,0.0,1.0
0001065280-24-000345,2024-12-04T01:13:30.000Z,S,0001033331,0.0,892.5,0.0,1.0
0001065280-24-000345,2024-12-04T01:13:30.000Z,S,0001033331,0.0,0.0,0.0,1.0
0001065280-24-000345,2024-12-04T01:13:30.000Z,S,0001033331,0.0,0.0,0.0,1.0
0001065280-24-000345,2024-12-04T01:13:30.000Z,S,0001033331,0.0,0.0,0.0,1.0
0001065280-24-000345,2024-12-04T01:13:30.000Z,S,0001033331,0.0,0.0,0.0,1.0
0001065280-24-000345,2024-12-04T01:13:30.000Z,S,0001033331,0.0,0.0,0.0,1.0
0001065280-24-000345,2024-12-04T01:13:30.000Z,S,0001033331,0.0,0.0,0.0,1.0
0001065280-24-000345,2024-12-04T01:13:30.000Z,S,0001033331,0.0,0.0,0.0,1.0
0001065280-24-000345,2024-12-04T01:13:30.000Z,S,0001033331,0.0,0.0,0.0,1.0
0001062993-24-019953,2024-12-03T21:33:09.000Z,-,,,,,
0001065280-24-000343,2024-11-21T00:07:51.000Z,S,0001638276,0.0,860.0,0.0,1.0
0001065280-24-000343,2024-11-21T00:07:51.000Z,S,0001638276,0.0,880.0,0.0,1.0
0001065280-24-000342,2024-11-21T00:07:40.000Z,S,0001218352,0.0,865.0,0.0,1.0
0001065280-24-000342,2024-11-21T00:07:40.000Z,S,0001218352,0.0,870.0,0.0,1.0
0001065280-24-000342,2024-11-21T00:07:40.000Z,S,0001218352,0.0,879.98,0.0,1.0
0001065280-24-000339,2024-11-18T21:25:14.000Z,S,0001218352,0.0,840.0,0.0,1.0
0001065280-24-000337,2024-11-14T01:57:15.000Z,S,0001218352,0.0,820.0,0.0,1.0
0001065280-24-000335,2024-11-13T02:29:05.000Z,S,0001218352,0.0,800.0,0.0,1.0
0001065280-24-000333,2024-11-13T02:25:56.000Z,S,0001201583,0.0,0.0,0.0,1.0
0001065280-24-000331,2024-11-08T21:13:04.000Z,S,0001218352,0.0,787.0,0.0,1.0
0001065280-24-000329,2024-11-07T22:41:49.000Z,S,0001218352,0.0,775.0,0.0,1.0
0001065280-24-000327,2024-11-07T01:56:26.000Z,-,,,,,
0001065280-24-000326,2024-11-07T01:56:15.000Z,S,0001201583,0.0,0.0,0.0,1.0
0001065280-24-000326,2024-11-07T01:56:15.000Z,S,0001201583,0.0,0.0,0.0,1.0
0001065280-24-000326,2024-11-07T01:56:15.000Z,S,0001201583,0.0,0.0,0.0,1.0
0001065280-24-000326,2024-11-07T01:56:15.000Z,S,0001201583,0.0,0.0,0.0,1.0
0001065280-24-000326,2024-11-07T01:56:15.000Z,S,0001201583,0.0,0.0,0.0,1.0
0001065280-24-000326,2024-11-07T01:56:15.000Z,S,0001201583,0.0,761.33,0.0,1.0
0001065280-24-000325,2024-11-07T01:56:02.000Z,S,0001393838,1278.0,0.0,0.0,0.0
0001065280-24-000324,2024-11-07T01:55:47.000Z,S,0001543133,433.0,772.1022,334320.2526,0.0
0001065280-24-000323,2024-11-07T01:55:34.000Z,S,0001583109,1278.0,766.19,979190.8200000001,0.0
0001065280-24-000322,2024-11-07T01:55:21.000Z,S,0001507747,267.0,765.6727,204434.6109,0.0
0001065280-24-000315,2024-11-05T00:09:52.000Z,-,,,,,
0001065280-24-000314,2024-11-05T00:09:41.000Z,-,,,,,
0001065280-24-000313,2024-11-05T00:09:31.000Z,-,,,,,
0001065280-24-000312,2024-11-05T00:09:19.000Z,-,,,,,
0001065280-24-000311,2024-11-05T00:09:08.000Z,-,,,,,
0001065280-24-000310,2024-11-05T00:08:58.000Z,-,,,,,
0001065280-24-000309,2024-11-05T00:08:47.000Z,-,,,,,
0001065280-24-000308,2024-11-05T00:08:37.000Z,-,,,,,
0001065280-24-000307,2024-11-05T00:08:27.000Z,-,,,,,
0001065280-24-000297,2024-11-04T23:58:05.000Z,S,0001033331,0.0,0.0,0.0,1.0
0001065280-24-000297,2024-11-04T23:58:05.000Z,S,0001033331,0.0,0.0,0.0,1.0
0001065280-24-000297,2024-11-04T23:58:05.000Z,S,0001033331,0.0,0.0,0.0,1.0
0001065280-24-000297,2024-11-04T23:58:05.000Z,S,0001033331,0.0,0.0,0.0,1.0
0001065280-24-000297,2024-11-04T23:58:05.000Z,S,0001033331,0.0,0.0,0.0,1.0
0001065280-24-000297,2024-11-04T23:58:05.000Z,S,0001033331,0.0,0.0,0.0,1.0
0001065280-24-000297,2024-11-04T23:58:05.000Z,S,0001033331,0.0,0.0,0.0,1.0
0001065280-24-000297,2024-11-04T23:58:05.000Z,S,0001033331,0.0,0.0,0.0,1.0
0001065280-24-000297,2024-11-04T23:58:05.000Z,S,0001033331,0.0,0.0,0.0,1.0
0001065280-24-000297,2024-11-04T23:58:05.000Z,S,0001033331,0.0,0.0,0.0,1.0
0001065280-24-000297,2024-11-04T23:58:05.000Z,S,0001033331,0.0,0.0,0.0,1.0
0001065280-24-000297,2024-11-04T23:58:05.000Z,S,0001033331,0.0,0.0,0.0,1.0
0001065280-24-000297,2024-11-04T23:58:05.000Z,S,0001033331,0.0,0.0,0.0,1.0
0001065280-24-000297,2024-11-04T23:58:05.000Z,S,0001033331,0.0,0.0,0.0,1.0
0001065280-24-000297,2024-11-04T23:58:05.000Z,S,0001033331,0.0,0.0,0.0,1.0
0001062993-24-018256,2024-11-04T21:26:52.000Z,-,,,,,
0001065280-24-000295,2024-10-30T20:58:39.000Z,-,,,,,
0001065280-24-000293,2024-10-29T00:00:57.000Z,S,0001184230,0.0,756.0,0.0,1.0
0001065280-24-000291,2024-10-21T23:55:38.000Z,S,0001218352,0.0,765.0,0.0,1.0
0001065280-24-000289,2024-10-21T23:54:09.000Z,S,0001583109,0.0,750.0,0.0,1.0
0001065280-24-000285,2024-10-12T00:14:53.000Z,S,0001218352,0.0,730.0,0.0,1.0
0001065280-24-000283,2024-10-03T00:03:21.000Z,-,,,,,
0001065280-24-000282,2024-10-03T00:03:11.000Z,-,,,,,
0001065280-24-000281,2024-10-03T00:03:02.000Z,-,,,,,
0001065280-24-000280,2024-10-03T00:02:51.000Z,-,,,,,
0001065280-24-000279,2024-10-03T00:02:41.000Z,-,,,,,
0001065280-24-000278,2024-10-03T00:02:31.000Z,-,,,,,
0001065280-24-000277,2024-10-03T00:02:22.000Z,-,,,,,
0001065280-24-000276,2024-10-03T00:02:12.000Z,-,,,,,
0001065280-24-000275,2024-10-03T00:02:02.000Z,-,,,,,
0001065280-24-000265,2024-10-02T23:53:37.000Z,S,0001033331,0.0,0.0,0.0,1.0
0001065280-24-000265,2024-10-02T23:53:37.000Z,S,0001033331,0.0,0.0,0.0,1.0
0001065280-24-000265,2024-10-02T23:53:37.000Z,S,0001033331,0.0,0.0,0.0,1.0
0001065280-24-000265,2024-10-02T23:53:37.000Z,S,0001033331,0.0,0.0,0.0,1.0
0001065280-24-000265,2024-10-02T23:53:37.000Z,S,0001033331,0.0,0.0,0.0,1.0
0001065280-24-000265,2024-10-02T23:53:37.000Z,S,0001033331,0.0,0.0,0.0,1.0
0001065280-24-000265,2024-10-02T23:53:37.000Z,S,0001033331,0.0,0.0,0.0,1.0
0001065280-24-000265,2024-10-02T23:53:37.000Z,S,0001033331,0.0,0.0,0.0,1.0
0001065280-24-000265,2024-10-02T23:53:37.000Z,S,0001033331,0.0,0.0,0.0,1.0
0001065280-24-000265,2024-10-02T23:53:37.000Z,S,0001033331,0.0,0.0,0.0,1.0
0001065280-24-000265,2024-10-02T23:53:37.000Z,S,0001033331,0.0,0.0,0.0,1.0
0001065280-24-000265,2024-10-02T23:53:37.000Z,S,0001033331,0.0,0.0,0.0,1.0
0001065280-24-000265,2024-10-02T23:53:37.000Z,S,0001033331,0.0,0.0,0.0,1.0
0001065280-24-000265,2024-10-02T23:53:37.000Z,S,0001033331,0.0,0.0,0.0,1.0
0001062993-24-017268,2024-10-02T20:30:49.000Z,-,,,,,
0001065280-24-000263,2024-09-27T00:01:01.000Z,S,0001583109,0.0,725.0,0.0,1.0
0001065280-24-000261,2024-09-26T23:56:59.000Z,S,0001218352,0.0,720.0,0.0,1.0
0001065280-24-000261,2024-09-26T23:56:59.000Z,S,0001218352,0.0,725.0,0.0,1.0
0001065280-24-000259,2024-09-20T21:49:02.000Z,S,0001218352,0.0,715.0,0.0,1.0
0001062993-24-016570,2024-09-13T20:49:42.000Z,S,0001082906,738.0,0.0,0.0,1.0
0001062993-24-016570,2024-09-13T20:49:42.000Z,S,0001082906,553.0,0.0,0.0,1.0
0001062993-24-016570,2024-09-13T20:49:42.000Z,S,0001082906,1550.0,0.0,0.0,1.0
0001062993-24-016570,2024-09-13T20:49:42.000Z,S,0001082906,1162.0,0.0,0.0,1.0
0001062993-24-016570,2024-09-13T20:49:42.000Z,S,0001082906,929.0,0.0,0.0,1.0
0001062993-24-016570,2024-09-13T20:49:42.000Z,S,0001082906,696.0,0.0,0.0,1.0
0001062993-24-016570,2024-09-13T20:49:42.000Z,S,0001082906,2908.0,0.0,0.0,1.0
0001062993-24-016570,2024-09-13T20:49:42.000Z,S,0001082906,2182.0,0.0,0.0,1.0
0001062993-24-016570,2024-09-13T20:49:42.000Z,S,0001082906,1822.0,0.0,0.0,1.0
0001062993-24-016570,2024-09-13T20:49:42.000Z,S,0001082906,1366.0,0.0,0.0,1.0
0001062993-24-016570,2024-09-13T20:49:42.000Z,S,0001082906,5094.0,0.0,0.0,1.0
0001062993-24-016570,2024-09-13T20:49:42.000Z,S,0001082906,3821.0,0.0,0.0,1.0
0001062993-24-016570,2024-09-13T20:49:42.000Z,S,0001082906,3770.0,0.0,0.0,1.0
0001062993-24-016570,2024-09-13T20:49:42.000Z,S,0001082906,2827.0,0.0,0.0,1.0
0001062993-24-016570,2024-09-13T20:49:42.000Z,S,0001082906,2907.0,0.0,0.0,1.0
0001062993-24-016570,2024-09-13T20:49:42.000Z,S,0001082906,2181.0,0.0,0.0,1.0
0001062993-24-016570,2024-09-13T20:49:42.000Z,S,0001082906,3907.0,0.0,0.0,1.0
0001062993-24-016570,2024-09-13T20:49:42.000Z,S,0001082906,2930.0,0.0,0.0,1.0
0001062993-24-016570,2024-09-13T20:49:42.000Z,S,0001082906,1312.0,0.0,0.0,1.0
0001062993-24-016570,2024-09-13T20:49:42.000Z,S,0001082906,984.0,0.0,0.0,1.0
0001062993-24-016570,2024-09-13T20:49:42.000Z,S,0001082906,63.0,0.0,0.0,1.0
0001062993-24-016570,2024-09-13T20:49:42.000Z,S,0001082906,48.0,0.0,0.0,1.0
0001065280-24-000257,2024-09-05T01:43:35.000Z,-,,,,,
0001065280-24-000256,2024-09-05T01:43:27.000Z,-,,,,,
0001065280-24-000255,2024-09-05T01:43:09.000Z,-,,,,,
0001065280-24-000254,2024-09-05T01:43:01.000Z,-,,,,,
0001065280-24-000253,2024-09-05T01:42:50.000Z,-,,,,,
0001065280-24-000252,2024-09-05T01:42:07.000Z,-,,,,,
0001065280-24-000251,2024-09-05T00:59:07.000Z,-,,,,,
0001065280-24-000250,2024-09-05T00:58:57.000Z,-,,,,,
0001065280-24-000249,2024-09-05T00:42:28.000Z,S,0001033331,0.0,0.0,0.0,1.0
0001065280-24-000249,2024-09-05T00:42:28.000Z,S,0001033331,0.0,0.0,0.0,1.0
0001065280-24-000249,2024-09-05T00:42:28.000Z,S,0001033331,0.0,0.0,0.0,1.0
0001065280-24-000249,2024-09-05T00:42:28.000Z,S,0001033331,0.0,0.0,0.0,1.0
0001065280-24-000249,2024-09-05T00:42:28.000Z,S,0001033331,0.0,0.0,0.0,1.0
0001065280-24-000249,2024-09-05T00:42:28.000Z,S,0001033331,0.0,0.0,0.0,1.0
0001065280-24-000249,2024-09-05T00:42:28.000Z,S,0001033331,0.0,0.0,0.0,1.0
0001065280-24-000249,2024-09-05T00:42:28.000Z,S,0001033331,0.0,0.0,0.0,1.0
0001065280-24-000249,2024-09-05T00:42:28.000Z,S,0001033331,0.0,0.0,0.0,1.0
0001065280-24-000249,2024-09-05T00:42:28.000Z,S,0001033331,0.0,0.0,0.0,1.0
0001065280-24-000249,2024-09-05T00:42:28.000Z,S,0001033331,0.0,0.0,0.0,1.0
0001065280-24-000249,2024-09-05T00:42:28.000Z,S,0001033331,0.0,0.0,0.0,1.0
0001065280-24-000249,2024-09-05T00:42:28.000Z,S,0001033331,0.0,0.0,0.0,1.0
0001065280-24-000249,2024-09-05T00:42:28.000Z,S,0001033331,0.0,0.0,0.0,1.0
0001065280-24-000249,2024-09-05T00:42:28.000Z,S,0001033331,0.0,0.0,0.0,1.0
0001065280-24-000249,2024-09-05T00:42:28.000Z,S,0001033331,0.0,0.0,0.0,1.0
0001065280-24-000249,2024-09-05T00:42:28.000Z,S,0001033331,0.0,0.0,0.0,1.0
0001065280-24-000249,2024-09-05T00:42:28.000Z,S,0001033331,0.0,0.0,0.0,1.0
0001065280-24-000249,2024-09-05T00:42:28.000Z,S,0001033331,0.0,693.04,0.0,1.0
0001065280-24-000249,2024-09-05T00:42:28.000Z,S,0001033331,0.0,0.0,0.0,1.0
0001065280-24-000249,2024-09-05T00:42:28.000Z,S,0001033331,0.0,0.0,0.0,1.0
0001065280-24-000249,2024-09-05T00:42:28.000Z,S,0001033331,0.0,0.0,0.0,1.0
0001065280-24-000249,2024-09-05T00:42:28.000Z,S,0001033331,0.0,698.5,0.0,1.0
0001065280-24-000248,2024-09-05T00:10:38.000Z,-,,,,,
0001062993-24-016108,2024-09-04T21:06:54.000Z,-,,,,,
0001065280-24-000244,2024-08-21T21:18:30.000Z,S,0001218352,0.0,700.0,0.0,1.0
0001065280-24-000244,2024-08-21T21:18:30.000Z,S,0001218352,0.0,705.0,0.0,1.0
0001065280-24-000244,2024-08-21T21:18:30.000Z,S,0001218352,0.0,710.0,0.0,1.0
0001065280-24-000242,2024-08-21T21:14:49.000Z,S,0001583109,0.0,700.0,0.0,1.0
0001065280-24-000240,2024-08-21T21:10:28.000Z,S,0001507747,0.0,700.0,0.0,1.0
0001062993-24-015133,2024-08-15T01:35:41.000Z,S,0001082906,7179.0,0.0,0.0,1.0
0001062993-24-015133,2024-08-15T01:35:41.000Z,S,0001082906,5385.0,0.0,0.0,1.0
0001062993-24-015133,2024-08-15T01:35:41.000Z,S,0001082906,25.0,0.0,0.0,1.0
0001062993-24-015133,2024-08-15T01:35:41.000Z,S,0001082906,23.0,0.0,0.0,1.0
0001062993-24-015133,2024-08-15T01:35:41.000Z,S,0001082906,2922.0,0.0,0.0,1.0
0001062993-24-015133,2024-08-15T01:35:41.000Z,S,0001082906,2190.0,0.0,0.0,1.0
0001062993-24-015133,2024-08-15T01:35:41.000Z,S,0001082906,11.0,0.0,0.0,1.0
0001062993-24-015133,2024-08-15T01:35:41.000Z,S,0001082906,9.0,0.0,0.0,1.0
0001062993-24-015133,2024-08-15T01:35:41.000Z,S,0001082906,3916.0,0.0,0.0,1.0
0001062993-24-015133,2024-08-15T01:35:41.000Z,S,0001082906,2937.0,0.0,0.0,1.0
0001062993-24-015133,2024-08-15T01:35:41.000Z,S,0001082906,14.0,0.0,0.0,1.0
0001062993-24-015133,2024-08-15T01:35:41.000Z,S,0001082906,12.0,0.0,0.0,1.0
0001062993-24-015133,2024-08-15T01:35:41.000Z,S,0001082906,6807.0,0.0,0.0,1.0
0001062993-24-015133,2024-08-15T01:35:41.000Z,S,0001082906,5105.0,0.0,0.0,1.0
0001062993-24-015133,2024-08-15T01:35:41.000Z,S,0001082906,23.0,0.0,0.0,1.0
0001062993-24-015133,2024-08-15T01:35:41.000Z,S,0001082906,22.0,0.0,0.0,1.0
0001062993-24-015133,2024-08-15T01:35:41.000Z,S,0001082906,623.0,0.0,0.0,1.0
0001062993-24-015133,2024-08-15T01:35:41.000Z,S,0001082906,468.0,0.0,0.0,1.0
0001062993-24-015133,2024-08-15T01:35:41.000Z,S,0001082906,2.0,0.0,0.0,1.0
0001062993-24-015133,2024-08-15T01:35:41.000Z,S,0001082906,2.0,0.0,0.0,1.0
0001062993-24-015129,2024-08-15T01:34:54.000Z,S,0001082906,381.0,0.0,0.0,1.0
0001062993-24-015129,2024-08-15T01:34:54.000Z,S,0001082906,286.0,0.0,0.0,1.0
0001062993-24-015129,2024-08-15T01:34:54.000Z,S,0001082906,1.0,0.0,0.0,1.0
0001062993-24-015129,2024-08-15T01:34:54.000Z,S,0001082906,1.0,0.0,0.0,1.0
0001062993-24-015129,2024-08-15T01:34:54.000Z,S,0001082906,623.0,0.0,0.0,1.0
0001062993-24-015129,2024-08-15T01:34:54.000Z,S,0001082906,468.0,0.0,0.0,1.0
0001062993-24-015129,2024-08-15T01:34:54.000Z,S,0001082906,2.0,0.0,0.0,1.0
0001062993-24-015129,2024-08-15T01:34:54.000Z,S,0001082906,2.0,0.0,0.0,1.0
0001062993-24-015129,2024-08-15T01:34:54.000Z,S,0001082906,1837.0,0.0,0.0,1.0
0001062993-24-015129,2024-08-15T01:34:54.000Z,S,0001082906,1378.0,0.0,0.0,1.0
0001062993-24-015129,2024-08-15T01:34:54.000Z,S,0001082906,6.0,0.0,0.0,1.0
0001062993-24-015129,2024-08-15T01:34:54.000Z,S,0001082906,6.0,0.0,0.0,1.0
0001062993-24-015129,2024-08-15T01:34:54.000Z,S,0001082906,6179.0,0.0,0.0,1.0
0001062993-24-015129,2024-08-15T01:34:54.000Z,S,0001082906,4634.0,0.0,0.0,1.0
0001062993-24-015129,2024-08-15T01:34:54.000Z,S,0001082906,21.0,0.0,0.0,1.0
0001062993-24-015129,2024-08-15T01:34:54.000Z,S,0001082906,20.0,0.0,0.0,1.0
0001062993-24-015129,2024-08-15T01:34:54.000Z,S,0001082906,9111.0,0.0,0.0,1.0
0001062993-24-015129,2024-08-15T01:34:54.000Z,S,0001082906,6832.0,0.0,0.0,1.0
0001062993-24-015129,2024-08-15T01:34:54.000Z,S,0001082906,32.0,0.0,0.0,1.0
0001062993-24-015129,2024-08-15T01:34:54.000Z,S,0001082906,29.0,0.0,0.0,1.0
0001062993-24-015129,2024-08-15T01:34:54.000Z,S,0001082906,16336.0,0.0,0.0,1.0
0001062993-24-015129,2024-08-15T01:34:54.000Z,S,0001082906,12252.0,0.0,0.0,1.0
0001062993-24-015129,2024-08-15T01:34:54.000Z,S,0001082906,57.0,0.0,0.0,1.0
0001062993-24-015129,2024-08-15T01:34:54.000Z,S,0001082906,52.0,0.0,0.0,1.0
0001062993-24-015129,2024-08-15T01:34:54.000Z,S,0001082906,19086.0,0.0,0.0,1.0
0001062993-24-015129,2024-08-15T01:34:54.000Z,S,0001082906,14315.0,0.0,0.0,1.0
0001062993-24-015129,2024-08-15T01:34:54.000Z,S,0001082906,66.0,0.0,0.0,1.0
0001062993-24-015129,2024-08-15T01:34:54.000Z,S,0001082906,61.0,0.0,0.0,1.0
0001065280-24-000238,2024-08-14T20:19:13.000Z,S,0001507747,0.0,650.0,0.0,1.0
0001065280-24-000236,2024-08-09T21:31:31.000Z,S,0001543133,433.0,626.19,271140.27,0.0
0001065280-24-000234,2024-08-09T21:25:57.000Z,-,,,,,
0001065280-24-000232,2024-08-07T22:10:13.000Z,S,0001583109,1278.0,0.0,0.0,0.0
0001065280-24-000230,2024-08-07T22:06:50.000Z,S,0001393838,1278.0,606.69,775349.8200000001,0.0
0001065280-24-000228,2024-08-07T22:05:04.000Z,-,,,,,
0001065280-24-000226,2024-08-07T22:03:24.000Z,S,0001507747,268.0,615.275,164893.69999999998,1.0
0001065280-24-000226,2024-08-07T22:03:24.000Z,S,0001507747,0.0,605.0,0.0,1.0
0001065280-24-000224,2024-08-07T22:00:20.000Z,-,,,,,
0001065280-24-000222,2024-08-02T21:09:27.000Z,-,,,,,
0001065280-24-000221,2024-08-02T21:09:16.000Z,-,,,,,
0001065280-24-000220,2024-08-02T21:09:05.000Z,-,,,,,
0001065280-24-000219,2024-08-02T21:08:55.000Z,-,,,,,
0001065280-24-000218,2024-08-02T21:08:44.000Z,-,,,,,
0001065280-24-000217,2024-08-02T21:08:34.000Z,-,,,,,
0001065280-24-000216,2024-08-02T21:08:23.000Z,-,,,,,
0001065280-24-000215,2024-08-02T21:08:14.000Z,-,,,,,
0001065280-24-000214,2024-08-02T21:08:00.000Z,-,,,,,
0001065280-24-000204,2024-08-02T20:59:50.000Z,S,0001033331,0.0,0.0,0.0,1.0
0001065280-24-000204,2024-08-02T20:59:50.000Z,S,0001033331,0.0,0.0,0.0,1.0
0001065280-24-000204,2024-08-02T20:59:50.000Z,S,0001033331,0.0,0.0,0.0,1.0
0001065280-24-000204,2024-08-02T20:59:50.000Z,S,0001033331,0.0,0.0,0.0,1.0
0001065280-24-000204,2024-08-02T20:59:50.000Z,S,0001033331,0.0,0.0,0.0,1.0
0001065280-24-000204,2024-08-02T20:59:50.000Z,S,0001033331,0.0,0.0,0.0,1.0
0001065280-24-000204,2024-08-02T20:59:50.000Z,S,0001033331,0.0,0.0,0.0,1.0
0001065280-24-000204,2024-08-02T20:59:50.000Z,S,0001033331,0.0,0.0,0.0,1.0
0001065280-24-000204,2024-08-02T20:59:50.000Z,S,0001033331,0.0,0.0,0.0,1.0
0001065280-24-000204,2024-08-02T20:59:50.000Z,S,0001033331,0.0,0.0,0.0,1.0
0001065280-24-000204,2024-08-02T20:59:50.000Z,S,0001033331,0.0,0.0,0.0,1.0
0001065280-24-000204,2024-08-02T20:59:50.000Z,S,0001033331,0.0,0.0,0.0,1.0
0001065280-24-000204,2024-08-02T20:59:50.000Z,S,0001033331,0.0,0.0,0.0,1.0
0001065280-24-000204,2024-08-02T20:59:50.000Z,S,0001033331,0.0,0.0,0.0,1.0
0001065280-24-000204,2024-08-02T20:59:50.000Z,S,0001033331,0.0,0.0,0.0,1.0
0001065280-24-000204,2024-08-02T20:59:50.000Z,S,0001033331,0.0,0.0,0.0,1.0
0001065280-24-000204,2024-08-02T20:59:50.000Z,S,0001033331,0.0,0.0,0.0,1.0
0001065280-24-000204,2024-08-02T20:59:50.000Z,S,0001033331,0.0,0.0,0.0,1.0
0001065280-24-000204,2024-08-02T20:59:50.000Z,S,0001033331,0.0,0.0,0.0,1.0
0001065280-24-000204,2024-08-02T20:59:50.000Z,S,0001033331,0.0,0.0,0.0,1.0
0001065280-24-000204,2024-08-02T20:59:50.000Z,S,0001033331,0.0,0.0,0.0,1.0
0001065280-24-000204,2024-08-02T20:59:50.000Z,S,0001033331,0.0,0.0,0.0,1.0
0001065280-24-000204,2024-08-02T20:59:50.000Z,S,0001033331,0.0,0.0,0.0,1.0
0001065280-24-000204,2024-08-02T20:59:50.000Z,S,0001033331,0.0,0.0,0.0,1.0
0001065280-24-000204,2024-08-02T20:59:50.000Z,S,0001033331,0.0,0.0,0.0,1.0
0001065280-24-000204,2024-08-02T20:59:50.000Z,S,0001033331,0.0,0.0,0.0,1.0
0001062993-24-014373,2024-08-02T20:51:14.000Z,-,,,,,
0001065280-24-000202,2024-07-26T20:20:26.000Z,-,,,,,
0001062993-24-013390,2024-07-03T17:32:13.000Z,-,,,,,
0001065280-24-000198,2024-07-02T20:26:32.000Z,-,,,,,
0001065280-24-000197,2024-07-02T20:26:23.000Z,-,,,,,
0001065280-24-000196,2024-07-02T20:26:09.000Z,-,,,,,
0001065280-24-000195,2024-07-02T20:25:59.000Z,-,,,,,
0001065280-24-000194,2024-07-02T20:25:44.000Z,-,,,,,
0001065280-24-000193,2024-07-02T20:25:34.000Z,-,,,,,
0001065280-24-000192,2024-07-02T20:25:22.000Z,-,,,,,
0001065280-24-000191,2024-07-02T20:25:13.000Z,-,,,,,
0001065280-24-000190,2024-07-02T20:25:00.000Z,-,,,,,
0001065280-24-000189,2024-07-02T20:20:13.000Z,S,0001033331,0.0,0.0,0.0,1.0
0001065280-24-000189,2024-07-02T20:20:13.000Z,S,0001033331,0.0,0.0,0.0,1.0
0001065280-24-000189,2024-07-02T20:20:13.000Z,S,0001033331,0.0,0.0,0.0,1.0
0001065280-24-000189,2024-07-02T20:20:13.000Z,S,0001033331,0.0,0.0,0.0,1.0
0001065280-24-000189,2024-07-02T20:20:13.000Z,S,0001033331,0.0,0.0,0.0,1.0
0001065280-24-000189,2024-07-02T20:20:13.000Z,S,0001033331,0.0,0.0,0.0,1.0
0001065280-24-000189,2024-07-02T20:20:13.000Z,S,0001033331,0.0,0.0,0.0,1.0
0001065280-24-000189,2024-07-02T20:20:13.000Z,S,0001033331,0.0,0.0,0.0,1.0
0001065280-24-000189,2024-07-02T20:20:13.000Z,S,0001033331,0.0,0.0,0.0,1.0
0001065280-24-000189,2024-07-02T20:20:13.000Z,S,0001033331,0.0,0.0,0.0,1.0
0001065280-24-000189,2024-07-02T20:20:13.000Z,S,0001033331,0.0,674.89,0.0,1.0
0001065280-24-000187,2024-06-17T21:03:28.000Z,S,0001583109,0.0,675.0,0.0,1.0
0001065280-24-000184,2024-06-04T22:08:30.000Z,-,,,,,
0001065280-24-000183,2024-06-04T22:08:21.000Z,-,,,,,
0001065280-24-000182,2024-06-04T22:08:02.000Z,-,,,,,
0001065280-24-000181,2024-06-04T22:07:45.000Z,-,,,,,
0001065280-24-000180,2024-06-04T22:07:34.000Z,-,,,,,
0001065280-24-000179,2024-06-04T22:07:20.000Z,-,,,,,
0001065280-24-000178,2024-06-04T22:07:08.000Z,-,,,,,
0001065280-24-000177,2024-06-04T22:06:53.000Z,-,,,,,
0001065280-24-000176,2024-06-04T22:06:39.000Z,-,,,,,
0001065280-24-000166,2024-06-04T21:58:57.000Z,S,0001033331,0.0,0.0,0.0,1.0
0001065280-24-000166,2024-06-04T21:58:57.000Z,S,0001033331,0.0,0.0,0.0,1.0
0001065280-24-000166,2024-06-04T21:58:57.000Z,S,0001033331,0.0,0.0,0.0,1.0
0001065280-24-000166,2024-06-04T21:58:57.000Z,S,0001033331,0.0,0.0,0.0,1.0
0001065280-24-000166,2024-06-04T21:58:57.000Z,S,0001033331,0.0,0.0,0.0,1.0
0001065280-24-000166,2024-06-04T21:58:57.000Z,S,0001033331,0.0,0.0,0.0,1.0
0001065280-24-000166,2024-06-04T21:58:57.000Z,S,0001033331,0.0,0.0,0.0,1.0
0001065280-24-000166,2024-06-04T21:58:57.000Z,S,0001033331,0.0,0.0,0.0,1.0
0001065280-24-000166,2024-06-04T21:58:57.000Z,S,0001033331,0.0,0.0,0.0,1.0
0001065280-24-000166,2024-06-04T21:58:57.000Z,S,0001033331,0.0,0.0,0.0,1.0
0001065280-24-000166,2024-06-04T21:58:57.000Z,S,0001033331,0.0,0.0,0.0,1.0
0001065280-24-000166,2024-06-04T21:58:57.000Z,S,0001033331,0.0,0.0,0.0,1.0
0001065280-24-000166,2024-06-04T21:58:57.000Z,S,0001033331,0.0,0.0,0.0,1.0
0001065280-24-000166,2024-06-04T21:58:57.000Z,S,0001033331,0.0,642.3,0.0,1.0
0001065280-24-000166,2024-06-04T21:58:57.000Z,S,0001033331,0.0,0.0,0.0,1.0
0001062993-24-011807,2024-06-04T20:17:42.000Z,-,,,,,
0001065280-24-000164,2024-05-22T20:10:41.000Z,S,0001583109,0.0,650.0,0.0,1.0
0001065280-24-000162,2024-05-10T20:13:25.000Z,S,0001543133,564.0,0.0,0.0,0.0
0001065280-24-000160,2024-05-07T00:04:01.000Z,S,0001583109,1278.0,593.81,758889.1799999999,0.0
0001065280-24-000159,2024-05-07T00:03:48.000Z,-,,,,,
0001065280-24-000158,2024-05-07T00:03:28.000Z,S,0001507747,268.0,593.62,159090.16,0.0
0001065280-24-000157,2024-05-07T00:03:15.000Z,-,,,,,
0001065280-24-000156,2024-05-07T00:03:00.000Z,S,0001638276,0.0,580.0,0.0,1.0
0001065280-24-000155,2024-05-07T00:02:40.000Z,-,,,,,
0001065280-24-000148,2024-05-03T00:44:06.000Z,-,,,,,
0001065280-24-000147,2024-05-03T00:43:52.000Z,-,,,,,
0001065280-24-000146,2024-05-03T00:43:41.000Z,S,0001638276,0.0,560.0,0.0,1.0
0001065280-24-000146,2024-05-03T00:43:41.000Z,S,0001638276,0.0,560.0,0.0,1.0
0001065280-24-000145,2024-05-03T00:43:29.000Z,-,,,,,
0001065280-24-000144,2024-05-03T00:43:14.000Z,-,,,,,
0001065280-24-000143,2024-05-03T00:43:03.000Z,-,,,,,
0001065280-24-000142,2024-05-03T00:42:52.000Z,-,,,,,
0001065280-24-000141,2024-05-03T00:42:40.000Z,-,,,,,
0001065280-24-000140,2024-05-03T00:42:29.000Z,-,,,,,
0001065280-24-000130,2024-05-03T00:32:29.000Z,S,0001033331,0.0,0.0,0.0,1.0
0001065280-24-000130,2024-05-03T00:32:29.000Z,S,0001033331,0.0,0.0,0.0,1.0
0001065280-24-000130,2024-05-03T00:32:29.000Z,S,0001033331,0.0,0.0,0.0,1.0
0001065280-24-000130,2024-05-03T00:32:29.000Z,S,0001033331,0.0,0.0,0.0,1.0
0001065280-24-000130,2024-05-03T00:32:29.000Z,S,0001033331,0.0,0.0,0.0,1.0
0001065280-24-000130,2024-05-03T00:32:29.000Z,S,0001033331,0.0,0.0,0.0,1.0
0001065280-24-000130,2024-05-03T00:32:29.000Z,S,0001033331,0.0,0.0,0.0,1.0
0001065280-24-000130,2024-05-03T00:32:29.000Z,S,0001033331,0.0,0.0,0.0,1.0
0001065280-24-000130,2024-05-03T00:32:29.000Z,S,0001033331,0.0,0.0,0.0,1.0
0001065280-24-000130,2024-05-03T00:32:29.000Z,S,0001033331,0.0,0.0,0.0,1.0
0001065280-24-000130,2024-05-03T00:32:29.000Z,S,0001033331,0.0,0.0,0.0,1.0
0001065280-24-000130,2024-05-03T00:32:29.000Z,S,0001033331,0.0,0.0,0.0,1.0
0001065280-24-000130,2024-05-03T00:32:29.000Z,S,0001033331,0.0,0.0,0.0,1.0
0001062993-24-009260,2024-05-02T21:03:56.000Z,-,,,,,
0001065280-24-000126,2024-04-02T21:23:06.000Z,-,,,,,
0001065280-24-000125,2024-04-02T21:22:51.000Z,-,,,,,
0001065280-24-000124,2024-04-02T21:22:34.000Z,-,,,,,
0001065280-24-000123,2024-04-02T21:22:16.000Z,-,,,,,
0001065280-24-000122,2024-04-02T21:21:58.000Z,-,,,,,
0001065280-24-000121,2024-04-02T21:21:47.000Z,-,,,,,
0001065280-24-000120,2024-04-02T21:21:30.000Z,-,,,,,
0001065280-24-000119,2024-04-02T21:21:06.000Z,-,,,,,
0001065280-24-000118,2024-04-02T21:20:43.000Z,-,,,,,
0001065280-24-000108,2024-04-02T20:57:27.000Z,S,0001033331,0.0,0.0,0.0,1.0
0001065280-24-000108,2024-04-02T20:57:27.000Z,S,0001033331,0.0,0.0,0.0,1.0
0001065280-24-000108,2024-04-02T20:57:27.000Z,S,0001033331,0.0,0.0,0.0,1.0
0001065280-24-000108,2024-04-02T20:57:27.000Z,S,0001033331,0.0,0.0,0.0,1.0
0001065280-24-000108,2024-04-02T20:57:27.000Z,S,0001033331,0.0,0.0,0.0,1.0
0001065280-24-000108,2024-04-02T20:57:27.000Z,S,0001033331,0.0,0.0,0.0,1.0
0001065280-24-000108,2024-04-02T20:57:27.000Z,S,0001033331,0.0,0.0,0.0,1.0
0001065280-24-000108,2024-04-02T20:57:27.000Z,S,0001033331,0.0,0.0,0.0,1.0
0001062993-24-007718,2024-04-02T20:43:15.000Z,-,,,,,
0001065280-24-000106,2024-03-19T21:15:01.000Z,S,0001583109,0.0,625.0,0.0,1.0
0001065280-24-000104,2024-03-05T00:59:55.000Z,-,,,,,
0001065280-24-000103,2024-03-05T00:59:44.000Z,-,,,,,
0001065280-24-000102,2024-03-05T00:59:31.000Z,-,,,,,
0001065280-24-000101,2024-03-05T00:59:20.000Z,-,,,,,
0001065280-24-000100,2024-03-05T00:59:04.000Z,-,,,,,
0001065280-24-000099,2024-03-05T00:58:49.000Z,-,,,,,
0001065280-24-000098,2024-03-05T00:58:27.000Z,-,,,,,
0001065280-24-000097,2024-03-05T00:58:16.000Z,-,,,,,
0001065280-24-000096,2024-03-05T00:58:03.000Z,-,,,,,
0001065280-24-000095,2024-03-05T00:57:50.000Z,S,0001033331,0.0,599.81,0.0,1.0
0001065280-24-000095,2024-03-05T00:57:50.000Z,S,0001033331,0.0,0.0,0.0,1.0
0001065280-24-000095,2024-03-05T00:57:50.000Z,S,0001033331,0.0,0.0,0.0,1.0
0001065280-24-000095,2024-03-05T00:57:50.000Z,S,0001033331,0.0,0.0,0.0,1.0
0001065280-24-000095,2024-03-05T00:57:50.000Z,S,0001033331,0.0,0.0,0.0,1.0
0001065280-24-000095,2024-03-05T00:57:50.000Z,S,0001033331,0.0,0.0,0.0,1.0
0001065280-24-000095,2024-03-05T00:57:50.000Z,S,0001033331,0.0,0.0,0.0,1.0
0001065280-24-000095,2024-03-05T00:57:50.000Z,S,0001033331,0.0,0.0,0.0,1.0
0001065280-24-000095,2024-03-05T00:57:50.000Z,S,0001033331,0.0,0.0,0.0,1.0
0001065280-24-000095,2024-03-05T00:57:50.000Z,S,0001033331,0.0,0.0,0.0,1.0
0001065280-24-000095,2024-03-05T00:57:50.000Z,S,0001033331,0.0,0.0,0.0,1.0
0001065280-24-000095,2024-03-05T00:57:50.000Z,S,0001033331,0.0,0.0,0.0,1.0
0001065280-24-000095,2024-03-05T00:57:50.000Z,S,0001033331,0.0,0.0,0.0,1.0
0001065280-24-000095,2024-03-05T00:57:50.000Z,S,0001033331,0.0,0.0,0.0,1.0
0001065280-24-000095,2024-03-05T00:57:50.000Z,S,0001033331,0.0,0.0,0.0,1.0
0001065280-24-000095,2024-03-05T00:57:50.000Z,S,0001033331,0.0,0.0,0.0,1.0
0001065280-24-000095,2024-03-05T00:57:50.000Z,S,0001033331,0.0,0.0,0.0,1.0
0001065280-24-000095,2024-03-05T00:57:50.000Z,S,0001033331,0.0,0.0,0.0,1.0
0001062993-24-005224,2024-03-04T21:36:16.000Z,-,,,,,
0001065280-24-000084,2024-02-29T00:26:04.000Z,S,0001583109,0.0,600.0,0.0,1.0
0001065280-24-000083,2024-02-29T00:24:49.000Z,S,0001244892,0.0,600.0,0.0,1.0
0001104659-24-016819,2024-02-13T01:23:05.000Z,-,,,,,
0001104659-24-016673,2024-02-13T01:18:30.000Z,S,0001082906,8866.0,562.85,4990228.100000001,0.0
0001104659-24-016672,2024-02-13T01:15:27.000Z,-,,,,,
0001065280-24-000079,2024-02-12T23:19:46.000Z,S,0001393838,0.0,0.0,0.0,1.0
0001065280-24-000079,2024-02-12T23:19:46.000Z,S,0001393838,0.0,0.0,0.0,1.0
0001065280-24-000079,2024-02-12T23:19:46.000Z,S,0001393838,0.0,0.0,0.0,1.0
0001065280-24-000079,2024-02-12T23:19:46.000Z,S,0001393838,0.0,0.0,0.0,1.0
0001065280-24-000079,2024-02-12T23:19:46.000Z,S,0001393838,0.0,0.0,0.0,1.0
0001065280-24-000079,2024-02-12T23:19:46.000Z,S,0001393838,0.0,0.0,0.0,1.0
0001065280-24-000079,2024-02-12T23:19:46.000Z,S,0001393838,1830.0,565.0,1033950.0,1.0
0001065280-24-000077,2024-02-08T00:38:32.000Z,S,0001507747,267.0,556.0081,148454.16270000002,0.0
0001065280-24-000076,2024-02-08T00:38:19.000Z,-,,,,,
0001065280-24-000075,2024-02-08T00:38:05.000Z,S,0001583109,1278.0,566.3479,723792.6161999999,0.0
0001065280-24-000074,2024-02-08T00:37:53.000Z,S,0001543133,565.0,565.37,319434.05,0.0
0001065280-24-000073,2024-02-08T00:37:37.000Z,-,,,,,
0001065280-24-000067,2024-02-02T22:40:12.000Z,S,0001033331,0.0,0.0,0.0,1.0
0001065280-24-000067,2024-02-02T22:40:12.000Z,S,0001033331,0.0,0.0,0.0,1.0
0001065280-24-000067,2024-02-02T22:40:12.000Z,S,0001033331,0.0,0.0,0.0,1.0
0001065280-24-000067,2024-02-02T22:40:12.000Z,S,0001033331,0.0,0.0,0.0,1.0
0001065280-24-000067,2024-02-02T22:40:12.000Z,S,0001033331,0.0,0.0,0.0,1.0
0001065280-24-000067,2024-02-02T22:40:12.000Z,S,0001033331,0.0,0.0,0.0,1.0
0001065280-24-000067,2024-02-02T22:40:12.000Z,S,0001033331,0.0,0.0,0.0,1.0
0001065280-24-000067,2024-02-02T22:40:12.000Z,S,0001033331,0.0,0.0,0.0,1.0
0001065280-24-000066,2024-02-02T22:40:03.000Z,-,,,,,
0001065280-24-000065,2024-02-02T22:39:48.000Z,-,,,,,
0001065280-24-000064,2024-02-02T22:39:35.000Z,-,,,,,
0001065280-24-000063,2024-02-02T22:39:17.000Z,-,,,,,
0001065280-24-000062,2024-02-02T22:39:03.000Z,-,,,,,
0001065280-24-000061,2024-02-02T22:38:47.000Z,-,,,,,
0001065280-24-000060,2024-02-02T22:38:36.000Z,-,,,,,
0001065280-24-000059,2024-02-02T22:38:06.000Z,-,,,,,
0001065280-24-000058,2024-02-02T22:37:38.000Z,-,,,,,
0001062993-24-001866,2024-02-02T21:31:53.000Z,-,,,,,
0001065280-24-000047,2024-01-30T00:29:39.000Z,S,0001583109,0.0,575.0,0.0,1.0
0001065280-24-000045,2024-01-26T22:53:51.000Z,S,0001507747,0.0,537.92,0.0,1.0
0001065280-24-000044,2024-01-26T22:53:37.000Z,-,,,,,
0001065280-24-000043,2024-01-26T22:53:21.000Z,-,,,,,
0001065280-24-000042,2024-01-26T22:53:02.000Z,-,,,,,
0001065280-24-000041,2024-01-26T22:52:33.000Z,S,0001583109,0.0,537.92,0.0,1.0
0001065280-24-000041,2024-01-26T22:52:33.000Z,S,0001583109,0.0,550.0,0.0,1.0
0001104659-24-007312,2024-01-26T21:50:11.000Z,S,0001082906,0.0,550.5,0.0,1.0
0001065280-24-000028,2024-01-04T01:33:06.000Z,-,,,,,
0001065280-24-000027,2024-01-04T01:32:55.000Z,-,,,,,
0001065280-24-000026,2024-01-04T01:32:44.000Z,-,,,,,
0001065280-24-000025,2024-01-04T01:32:30.000Z,-,,,,,
0001065280-24-000024,2024-01-04T01:32:12.000Z,-,,,,,
0001065280-24-000023,2024-01-04T01:32:01.000Z,-,,,,,
0001065280-24-000022,2024-01-04T01:31:47.000Z,-,,,,,
0001065280-24-000021,2024-01-04T01:31:36.000Z,S,0001033331,0.0,0.0,0.0,1.0
0001065280-24-000021,2024-01-04T01:31:36.000Z,S,0001033331,0.0,0.0,0.0,1.0
0001065280-24-000021,2024-01-04T01:31:36.000Z,S,0001033331,0.0,0.0,0.0,1.0
0001065280-24-000021,2024-01-04T01:31:36.000Z,S,0001033331,0.0,0.0,0.0,1.0
0001065280-24-000021,2024-01-04T01:31:36.000Z,S,0001033331,0.0,0.0,0.0,1.0
0001065280-24-000021,2024-01-04T01:31:36.000Z,S,0001033331,0.0,0.0,0.0,1.0
0001065280-24-000021,2024-01-04T01:31:36.000Z,S,0001033331,0.0,0.0,0.0,1.0
0001065280-24-000021,2024-01-04T01:31:36.000Z,S,0001033331,0.0,0.0,0.0,1.0
0001065280-24-000021,2024-01-04T01:31:36.000Z,S,0001033331,0.0,0.0,0.0,1.0
0001065280-24-000021,2024-01-04T01:31:36.000Z,S,0001033331,0.0,0.0,0.0,1.0
0001065280-24-000021,2024-01-04T01:31:36.000Z,S,0001033331,0.0,0.0,0.0,1.0
0001065280-24-000021,2024-01-04T01:31:36.000Z,S,0001033331,0.0,0.0,0.0,1.0
0001065280-24-000021,2024-01-04T01:31:36.000Z,S,0001033331,0.0,0.0,0.0,1.0
0001065280-24-000021,2024-01-04T01:31:36.000Z,S,0001033331,0.0,0.0,0.0,1.0
0001065280-24-000021,2024-01-04T01:31:36.000Z,S,0001033331,0.0,0.0,0.0,1.0
0001065280-24-000021,2024-01-04T01:31:36.000Z,S,0001033331,0.0,0.0,0.0,1.0
0001065280-24-000021,2024-01-04T01:31:36.000Z,S,0001033331,0.0,0.0,0.0,1.0
0001065280-24-000021,2024-01-04T01:31:36.000Z,S,0001033331,0.0,0.0,0.0,1.0
0001065280-24-000021,2024-01-04T01:31:36.000Z,S,0001033331,0.0,0.0,0.0,1.0
0001065280-24-000021,2024-01-04T01:31:36.000Z,S,0001033331,0.0,484.07,0.0,1.0
0001065280-24-000020,2024-01-04T01:31:24.000Z,-,,,,,
0001065280-24-000019,2024-01-04T01:31:10.000Z,-,,,,,
0001065280-24-000018,2024-01-04T01:30:40.000Z,-,,,,,
0001065280-24-000017,2024-01-04T01:30:12.000Z,-,,,,,
0001065280-24-000016,2024-01-04T01:29:51.000Z,-,,,,,
0001065280-24-000015,2024-01-04T01:29:32.000Z,-,,,,,
0001062993-24-000217,2024-01-03T21:46:04.000Z,-,,,,,
0001065280-23-000344,2023-12-21T23:46:50.000Z,S,0001184230,0.0,500.0,0.0,0.0
0001065280-23-000343,2023-12-21T23:46:40.000Z,S,0001583109,0.0,500.0,0.0,1.0
0001065280-23-000342,2023-12-21T23:46:28.000Z,S,0001244892,0.0,500.0,0.0,1.0
0001065280-23-000338,2023-12-20T23:03:09.000Z,S,0001507747,0.0,495.0,0.0,1.0
0001065280-23-000336,2023-12-13T00:09:34.000Z,S,0001184230,0.0,459.36,0.0,0.0
0001065280-23-000333,2023-12-05T01:19:13.000Z,-,,,,,
0001065280-23-000332,2023-12-05T01:19:02.000Z,-,,,,,
0001065280-23-000331,2023-12-05T01:18:50.000Z,-,,,,,
0001065280-23-000330,2023-12-05T01:18:33.000Z,-,,,,,
0001065280-23-000329,2023-12-05T01:18:21.000Z,-,,,,,
0001065280-23-000328,2023-12-05T01:18:09.000Z,-,,,,,
0001065280-23-000327,2023-12-05T01:17:53.000Z,-,,,,,
0001065280-23-000326,2023-12-05T01:17:41.000Z,-,,,,,
0001065280-23-000325,2023-12-05T01:17:30.000Z,-,,,,,
0001065280-23-000324,2023-12-05T01:17:15.000Z,-,,,,,
0001065280-23-000323,2023-12-05T01:17:03.000Z,-,,,,,
0001065280-23-000322,2023-12-05T01:16:49.000Z,-,,,,,
0001065280-23-000321,2023-12-05T01:16:36.000Z,-,,,,,
0001065280-23-000320,2023-12-05T01:16:22.000Z,-,,,,,
0001062993-23-021845,2023-12-04T22:04:02.000Z,-,,,,,
0001065280-23-000305,2023-11-09T21:56:25.000Z,S,0001184230,0.0,435.0,0.0,0.0
0001065280-23-000303,2023-11-09T00:15:53.000Z,S,0001033331,0.0,0.0,0.0,1.0
0001065280-23-000303,2023-11-09T00:15:53.000Z,S,0001033331,0.0,0.0,0.0,1.0
0001065280-23-000303,2023-11-09T00:15:53.000Z,S,0001033331,0.0,0.0,0.0,1.0
0001065280-23-000303,2023-11-09T00:15:53.000Z,S,0001033331,0.0,0.0,0.0,1.0
0001065280-23-000303,2023-11-09T00:15:53.000Z,S,0001033331,0.0,0.0,0.0,1.0
0001065280-23-000303,2023-11-09T00:15:53.000Z,S,0001033331,0.0,0.0,0.0,1.0
0001065280-23-000303,2023-11-09T00:15:53.000Z,S,0001033331,0.0,0.0,0.0,1.0
0001065280-23-000301,2023-11-03T00:33:57.000Z,-,,,,,
0001065280-23-000300,2023-11-03T00:33:44.000Z,-,,,,,
0001065280-23-000299,2023-11-03T00:33:33.000Z,-,,,,,
0001065280-23-000298,2023-11-03T00:33:20.000Z,-,,,,,
0001065280-23-000297,2023-11-03T00:33:07.000Z,-,,,,,
0001065280-23-000296,2023-11-03T00:32:54.000Z,-,,,,,
0001065280-23-000295,2023-11-03T00:32:41.000Z,-,,,,,
0001065280-23-000294,2023-11-03T00:32:28.000Z,-,,,,,
0001065280-23-000293,2023-11-03T00:32:15.000Z,-,,,,,
0001065280-23-000292,2023-11-03T00:32:02.000Z,-,,,,,
0001065280-23-000291,2023-11-03T00:31:50.000Z,S,0001033331,0.0,0.0,0.0,0.0
0001065280-23-000291,2023-11-03T00:31:50.000Z,S,0001033331,0.0,0.0,0.0,0.0
0001065280-23-000291,2023-11-03T00:31:50.000Z,S,0001033331,0.0,0.0,0.0,0.0
0001065280-23-000291,2023-11-03T00:31:50.000Z,S,0001033331,0.0,0.0,0.0,0.0
0001065280-23-000291,2023-11-03T00:31:50.000Z,S,0001033331,0.0,0.0,0.0,0.0
0001065280-23-000291,2023-11-03T00:31:50.000Z,S,0001033331,0.0,0.0,0.0,0.0
0001065280-23-000290,2023-11-03T00:31:37.000Z,-,,,,,
0001065280-23-000289,2023-11-03T00:31:26.000Z,-,,,,,
0001065280-23-000288,2023-11-03T00:31:14.000Z,-,,,,,
0001062993-23-020048,2023-11-02T20:36:47.000Z,-,,,,,
0001065280-23-000271,2023-10-10T20:22:58.000Z,S,0001184230,0.0,378.05,0.0,0.0
0001065280-23-000269,2023-10-04T00:12:47.000Z,S,0001033331,0.0,0.0,0.0,0.0
0001065280-23-000269,2023-10-04T00:12:47.000Z,S,0001033331,0.0,0.0,0.0,0.0
0001065280-23-000269,2023-10-04T00:12:47.000Z,S,0001033331,0.0,0.0,0.0,0.0
0001065280-23-000269,2023-10-04T00:12:47.000Z,S,0001033331,0.0,0.0,0.0,0.0
0001065280-23-000269,2023-10-04T00:12:47.000Z,S,0001033331,0.0,0.0,0.0,0.0
0001065280-23-000269,2023-10-04T00:12:47.000Z,S,0001033331,0.0,0.0,0.0,0.0
0001065280-23-000269,2023-10-04T00:12:47.000Z,S,0001033331,0.0,0.0,0.0,0.0
0001065280-23-000268,2023-10-04T00:12:30.000Z,-,,,,,
0001065280-23-000267,2023-10-04T00:12:15.000Z,-,,,,,
0001065280-23-000266,2023-10-04T00:12:04.000Z,-,,,,,
0001065280-23-000265,2023-10-04T00:11:49.000Z,-,,,,,
0001065280-23-000264,2023-10-04T00:11:33.000Z,-,,,,,
0001065280-23-000263,2023-10-04T00:11:21.000Z,-,,,,,
0001065280-23-000262,2023-10-04T00:11:08.000Z,-,,,,,
0001065280-23-000261,2023-10-04T00:10:57.000Z,-,,,,,
0001065280-23-000260,2023-10-04T00:10:45.000Z,-,,,,,
0001065280-23-000259,2023-10-04T00:10:34.000Z,-,,,,,
0001065280-23-000258,2023-10-04T00:10:21.000Z,-,,,,,
0001065280-23-000257,2023-10-04T00:10:11.000Z,-,,,,,
0001065280-23-000256,2023-10-04T00:09:58.000Z,-,,,,,
0001062993-23-018891,2023-10-03T21:04:07.000Z,-,,,,,
0001065280-23-000241,2023-09-12T22:40:20.000Z,S,0001184230,0.0,443.07,0.0,0.0
0001065280-23-000235,2023-09-05T22:10:40.000Z,-,,,,,
0001065280-23-000234,2023-09-05T22:09:47.000Z,-,,,,,
0001065280-23-000233,2023-09-05T22:08:55.000Z,-,,,,,
0001065280-23-000232,2023-09-05T22:08:08.000Z,-,,,,,
0001065280-23-000231,2023-09-05T22:06:33.000Z,-,,,,,
0001065280-23-000230,2023-09-05T22:05:21.000Z,-,,,,,
0001065280-23-000229,2023-09-05T22:04:09.000Z,-,,,,,
0001065280-23-000227,2023-09-05T22:02:40.000Z,-,,,,,
0001065280-23-000226,2023-09-05T22:01:17.000Z,-,,,,,
0001065280-23-000225,2023-09-05T21:59:15.000Z,-,,,,,
0001065280-23-000224,2023-09-05T21:57:39.000Z,-,,,,,
0001065280-23-000223,2023-09-05T21:56:52.000Z,-,,,,,
0001065280-23-000222,2023-09-05T21:54:20.000Z,-,,,,,
0001065280-23-000221,2023-09-05T21:51:37.000Z,S,0001033331,0.0,0.0,0.0,0.0
0001065280-23-000221,2023-09-05T21:51:37.000Z,S,0001033331,0.0,0.0,0.0,0.0
0001065280-23-000221,2023-09-05T21:51:37.000Z,S,0001033331,0.0,0.0,0.0,0.0
0001065280-23-000221,2023-09-05T21:51:37.000Z,S,0001033331,0.0,0.0,0.0,0.0
0001065280-23-000221,2023-09-05T21:51:37.000Z,S,0001033331,0.0,0.0,0.0,0.0
0001065280-23-000221,2023-09-05T21:51:37.000Z,S,0001033331,0.0,0.0,0.0,0.0
0001065280-23-000221,2023-09-05T21:51:37.000Z,S,0001033331,0.0,0.0,0.0,0.0
0001065280-23-000221,2023-09-05T21:51:37.000Z,S,0001033331,0.0,0.0,0.0,0.0
0001062993-23-017582,2023-09-05T20:33:49.000Z,-,,,,,
0001065280-23-000219,2023-08-09T21:06:57.000Z,S,0001184230,0.0,440.36,0.0,1.0
0001065280-23-000217,2023-08-07T21:08:00.000Z,S,0001393838,0.0,0.0,0.0,1.0
0001065280-23-000217,2023-08-07T21:08:00.000Z,S,0001393838,0.0,0.0,0.0,1.0
0001065280-23-000217,2023-08-07T21:08:00.000Z,S,0001393838,0.0,0.0,0.0,1.0
0001065280-23-000217,2023-08-07T21:08:00.000Z,S,0001393838,0.0,0.0,0.0,1.0
0001065280-23-000217,2023-08-07T21:08:00.000Z,S,0001393838,0.0,0.0,0.0,1.0
0001065280-23-000217,2023-08-07T21:08:00.000Z,S,0001393838,0.0,0.0,0.0,1.0
0001065280-23-000217,2023-08-07T21:08:00.000Z,S,0001393838,0.0,0.0,0.0,1.0
0001065280-23-000217,2023-08-07T21:08:00.000Z,S,0001393838,0.0,0.0,0.0,1.0
0001065280-23-000214,2023-08-02T22:43:25.000Z,-,,,,,
0001065280-23-000213,2023-08-02T22:38:51.000Z,-,,,,,
0001065280-23-000212,2023-08-02T22:38:13.000Z,-,,,,,
0001065280-23-000211,2023-08-02T22:37:21.000Z,-,,,,,
0001065280-23-000210,2023-08-02T22:36:35.000Z,-,,,,,
0001065280-23-000209,2023-08-02T22:35:52.000Z,-,,,,,
0001065280-23-000208,2023-08-02T22:35:14.000Z,-,,,,,
0001065280-23-000207,2023-08-02T22:34:16.000Z,-,,,,,
0001065280-23-000206,2023-08-02T22:30:32.000Z,-,,,,,
0001065280-23-000205,2023-08-02T22:28:40.000Z,-,,,,,
0001065280-23-000204,2023-08-02T22:27:25.000Z,S,0001033331,0.0,0.0,0.0,1.0
0001065280-23-000204,2023-08-02T22:27:25.000Z,S,0001033331,0.0,0.0,0.0,1.0
0001065280-23-000204,2023-08-02T22:27:25.000Z,S,0001033331,0.0,434.5628,0.0,1.0
0001065280-23-000204,2023-08-02T22:27:25.000Z,S,0001033331,0.0,0.0,0.0,1.0
0001065280-23-000204,2023-08-02T22:27:25.000Z,S,0001033331,0.0,0.0,0.0,1.0
0001065280-23-000204,2023-08-02T22:27:25.000Z,S,0001033331,0.0,0.0,0.0,1.0
0001065280-23-000204,2023-08-02T22:27:25.000Z,S,0001033331,0.0,0.0,0.0,1.0
0001065280-23-000204,2023-08-02T22:27:25.000Z,S,0001033331,0.0,0.0,0.0,1.0
0001065280-23-000204,2023-08-02T22:27:25.000Z,S,0001033331,0.0,0.0,0.0,1.0
0001065280-23-000204,2023-08-02T22:27:25.000Z,S,0001033331,0.0,0.0,0.0,1.0
0001065280-23-000204,2023-08-02T22:27:25.000Z,S,0001033331,0.0,0.0,0.0,1.0
0001065280-23-000204,2023-08-02T22:27:25.000Z,S,0001033331,0.0,444.8388,0.0,1.0
0001065280-23-000203,2023-08-02T22:25:46.000Z,-,,,,,
0001065280-23-000202,2023-08-02T22:24:58.000Z,-,,,,,
0001065280-23-000201,2023-08-02T22:23:57.000Z,-,,,,,
0001062993-23-015688,2023-08-02T20:29:56.000Z,-,,,,,
0001104659-23-085463,2023-07-28T22:21:09.000Z,-,,,,,
0001104659-23-085462,2023-07-28T22:20:27.000Z,S,0001082906,4954.0,0.0,0.0,0.0
0001065280-23-000200,2023-07-21T20:14:46.000Z,-,,,,,
0001104659-23-081223,2023-07-14T20:16:37.000Z,S,0001082906,0.0,450.0,0.0,1.0
0001065280-23-000196,2023-07-11T17:47:25.000Z,S,0001184230,0.0,438.52,0.0,1.0
0001062993-23-014724,2023-07-07T20:25:13.000Z,S,0001082906,0.0,450.15,0.0,1.0
0001065280-23-000195,2023-07-06T01:45:22.000Z,-,,,,,
0001065280-23-000193,2023-07-06T01:44:07.000Z,-,,,,,
0001065280-23-000192,2023-07-06T01:43:22.000Z,-,,,,,
0001065280-23-000190,2023-07-06T01:42:28.000Z,-,,,,,
0001065280-23-000189,2023-07-06T01:42:15.000Z,-,,,,,
0001065280-23-000187,2023-07-06T01:41:33.000Z,-,,,,,
0001065280-23-000186,2023-07-06T01:40:28.000Z,-,,,,,
0001065280-23-000185,2023-07-06T01:40:02.000Z,-,,,,,
0001065280-23-000183,2023-07-06T01:39:11.000Z,-,,,,,
0001065280-23-000182,2023-07-06T01:38:07.000Z,-,,,,,
0001065280-23-000180,2023-07-06T01:36:16.000Z,-,,,,,
0001065280-23-000179,2023-07-06T01:35:27.000Z,-,,,,,
0001201583-23-000001,2023-07-06T01:31:28.000Z,S,0001201583,0.0,0.0,0.0,1.0
0001033331-23-000002,2023-07-06T01:29:54.000Z,S,0001033331,0.0,0.0,0.0,1.0
0001033331-23-000002,2023-07-06T01:29:54.000Z,S,0001033331,0.0,0.0,0.0,1.0
0001033331-23-000002,2023-07-06T01:29:54.000Z,S,0001033331,0.0,0.0,0.0,1.0
0001033331-23-000002,2023-07-06T01:29:54.000Z,S,0001033331,0.0,0.0,0.0,1.0
0001033331-23-000002,2023-07-06T01:29:54.000Z,S,0001033331,0.0,0.0,0.0,1.0
0001033331-23-000002,2023-07-06T01:29:54.000Z,S,0001033331,0.0,0.0,0.0,1.0
0001033331-23-000002,2023-07-06T01:29:54.000Z,S,0001033331,0.0,0.0,0.0,1.0
0001033331-23-000002,2023-07-06T01:29:54.000Z,S,0001033331,0.0,0.0,0.0,1.0
0001033331-23-000002,2023-07-06T01:29:54.000Z,S,0001033331,0.0,0.0,0.0,1.0
0001033331-23-000002,2023-07-06T01:29:54.000Z,S,0001033331,0.0,441.5,0.0,1.0
0001062993-23-014488,2023-07-05T20:30:46.000Z,-,,,,,
0001065280-23-000177,2023-06-09T22:54:20.000Z,S,0001184230,0.0,399.77,0.0,1.0
0001065280-23-000175,2023-06-09T22:52:15.000Z,S,0001201583,0.0,425.0,0.0,1.0
0001065280-23-000172,2023-06-02T23:19:54.000Z,-,,,,,
0001065280-23-000171,2023-06-02T23:19:12.000Z,-,,,,,
0001065280-23-000170,2023-06-02T23:18:28.000Z,-,,,,,
0001065280-23-000169,2023-06-02T23:17:52.000Z,-,,,,,
0001065280-23-000168,2023-06-02T23:16:57.000Z,-,,,,,
0001065280-23-000167,2023-06-02T23:16:04.000Z,-,,,,,
0001065280-23-000166,2023-06-02T23:15:18.000Z,-,,,,,
0001065280-23-000165,2023-06-02T23:14:11.000Z,-,,,,,
0001065280-23-000164,2023-06-02T23:13:29.000Z,-,,,,,
0001065280-23-000163,2023-06-02T23:12:30.000Z,-,,,,,
0001065280-23-000162,2023-06-02T23:11:32.000Z,-,,,,,
0001065280-23-000161,2023-06-02T23:10:11.000Z,-,,,,,
0001065280-23-000159,2023-06-02T23:08:50.000Z,-,,,,,
0001065280-23-000157,2023-06-02T23:05:11.000Z,S,0001033331,0.0,0.0,0.0,1.0
0001065280-23-000157,2023-06-02T23:05:11.000Z,S,0001033331,0.0,395.41,0.0,1.0
0001065280-23-000157,2023-06-02T23:05:11.000Z,S,0001033331,0.0,0.0,0.0,1.0
0001065280-23-000157,2023-06-02T23:05:11.000Z,S,0001033331,0.0,0.0,0.0,1.0
0001065280-23-000157,2023-06-02T23:05:11.000Z,S,0001033331,0.0,0.0,0.0,1.0
0001065280-23-000157,2023-06-02T23:05:11.000Z,S,0001033331,0.0,0.0,0.0,1.0
0001065280-23-000157,2023-06-02T23:05:11.000Z,S,0001033331,0.0,0.0,0.0,1.0
0001065280-23-000157,2023-06-02T23:05:11.000Z,S,0001033331,0.0,0.0,0.0,1.0
0001065280-23-000157,2023-06-02T23:05:11.000Z,S,0001033331,0.0,0.0,0.0,1.0
0001065280-23-000157,2023-06-02T23:05:11.000Z,S,0001033331,0.0,0.0,0.0,1.0
0001065280-23-000157,2023-06-02T23:05:11.000Z,S,0001033331,0.0,0.0,0.0,1.0
0001065280-23-000157,2023-06-02T23:05:11.000Z,S,0001033331,0.0,0.0,0.0,1.0
0001065280-23-000157,2023-06-02T23:05:11.000Z,S,0001033331,0.0,0.0,0.0,1.0
0001062993-23-012782,2023-06-02T20:45:53.000Z,-,,,,,
0001065280-23-000155,2023-05-31T23:16:13.000Z,S,0001201583,0.0,0.0,0.0,1.0
0001065280-23-000153,2023-05-11T22:50:27.000Z,S,0001201583,0.0,0.0,0.0,1.0
0001065280-23-000153,2023-05-11T22:50:27.000Z,S,0001201583,0.0,0.0,0.0,1.0
0001065280-23-000152,2023-05-11T22:50:11.000Z,S,0001184230,0.0,334.98,0.0,1.0
0001065280-23-000149,2023-05-03T20:51:30.000Z,-,,,,,
0001065280-23-000148,2023-05-03T20:51:13.000Z,-,,,,,
0001065280-23-000147,2023-05-03T20:50:53.000Z,-,,,,,
0001065280-23-000146,2023-05-03T20:50:20.000Z,-,,,,,
0001065280-23-000145,2023-05-03T20:49:47.000Z,-,,,,,
0001065280-23-000144,2023-05-03T20:49:32.000Z,-,,,,,
0001065280-23-000143,2023-05-03T20:49:17.000Z,-,,,,,
0001065280-23-000142,2023-05-03T20:48:51.000Z,-,,,,,
0001065280-23-000141,2023-05-03T20:47:58.000Z,-,,,,,
0001065280-23-000140,2023-05-03T20:47:33.000Z,-,,,,,
0001065280-23-000139,2023-05-03T20:46:47.000Z,-,,,,,
0001065280-23-000138,2023-05-03T20:46:14.000Z,S,0001033331,0.0,0.0,0.0,1.0
0001065280-23-000138,2023-05-03T20:46:14.000Z,S,0001033331,0.0,0.0,0.0,1.0
0001065280-23-000138,2023-05-03T20:46:14.000Z,S,0001033331,0.0,0.0,0.0,1.0
0001065280-23-000138,2023-05-03T20:46:14.000Z,S,0001033331,0.0,0.0,0.0,1.0
0001065280-23-000138,2023-05-03T20:46:14.000Z,S,0001033331,0.0,0.0,0.0,1.0
0001065280-23-000138,2023-05-03T20:46:14.000Z,S,0001033331,0.0,0.0,0.0,1.0
0001065280-23-000138,2023-05-03T20:46:14.000Z,S,0001033331,0.0,0.0,0.0,1.0
0001065280-23-000138,2023-05-03T20:46:14.000Z,S,0001033331,0.0,0.0,0.0,1.0
0001065280-23-000138,2023-05-03T20:46:14.000Z,S,0001033331,0.0,0.0,0.0,1.0
0001065280-23-000138,2023-05-03T20:46:14.000Z,S,0001033331,0.0,0.0,0.0,1.0
0001065280-23-000138,2023-05-03T20:46:14.000Z,S,0001033331,0.0,0.0,0.0,1.0
0001065280-23-000138,2023-05-03T20:46:14.000Z,S,0001033331,0.0,0.0,0.0,1.0
0001065280-23-000137,2023-05-03T20:45:48.000Z,-,,,,,
0001065280-23-000136,2023-05-03T20:45:26.000Z,-,,,,,
0001062993-23-009929,2023-05-02T20:42:49.000Z,-,,,,,
0001065280-23-000118,2023-04-05T00:41:20.000Z,-,,,,,
0001065280-23-000117,2023-04-05T00:41:06.000Z,-,,,,,
0001065280-23-000116,2023-04-05T00:40:52.000Z,-,,,,,
0001065280-23-000115,2023-04-05T00:40:35.000Z,-,,,,,
0001065280-23-000114,2023-04-05T00:40:18.000Z,-,,,,,
0001065280-23-000113,2023-04-05T00:40:05.000Z,-,,,,,
0001065280-23-000112,2023-04-05T00:39:46.000Z,-,,,,,
0001065280-23-000111,2023-04-05T00:39:24.000Z,-,,,,,
0001065280-23-000110,2023-04-05T00:39:09.000Z,-,,,,,
0001065280-23-000109,2023-04-05T00:38:49.000Z,-,,,,,
0001065280-23-000108,2023-04-05T00:38:24.000Z,-,,,,,
0001065280-23-000107,2023-04-05T00:37:58.000Z,-,,,,,
0001065280-23-000106,2023-04-05T00:37:37.000Z,-,,,,,
0001065280-23-000105,2023-04-05T00:35:48.000Z,-,,,,,
0001062993-23-008524,2023-04-04T20:29:23.000Z,-,,,,,
0001065280-23-000090,2023-03-02T22:22:23.000Z,-,,,,,
0001065280-23-000089,2023-03-02T22:22:02.000Z,-,,,,,
0001065280-23-000088,2023-03-02T22:21:35.000Z,-,,,,,
0001065280-23-000087,2023-03-02T22:21:03.000Z,-,,,,,
0001065280-23-000086,2023-03-02T22:20:28.000Z,-,,,,,
0001065280-23-000085,2023-03-02T22:20:11.000Z,-,,,,,
0001065280-23-000084,2023-03-02T22:19:49.000Z,-,,,,,
0001065280-23-000083,2023-03-02T22:19:31.000Z,-,,,,,
0001065280-23-000082,2023-03-02T22:19:01.000Z,-,,,,,
0001065280-23-000081,2023-03-02T22:18:10.000Z,-,,,,,
0001065280-23-000080,2023-03-02T22:17:50.000Z,-,,,,,
0001065280-23-000079,2023-03-02T22:17:21.000Z,-,,,,,
0001065280-23-000078,2023-03-02T22:16:57.000Z,-,,,,,
0001065280-23-000077,2023-03-02T22:16:32.000Z,-,,,,,
0001062993-23-005595,2023-03-02T21:43:09.000Z,-,,,,,
0001065280-23-000061,2023-02-02T22:42:44.000Z,-,,,,,
0001065280-23-000060,2023-02-02T22:42:16.000Z,-,,,,,
0001065280-23-000059,2023-02-02T22:41:57.000Z,-,,,,,
0001065280-23-000058,2023-02-02T22:41:41.000Z,-,,,,,
0001065280-23-000057,2023-02-02T22:41:18.000Z,-,,,,,
0001065280-23-000056,2023-02-02T22:41:00.000Z,-,,,,,
0001065280-23-000055,2023-02-02T22:40:40.000Z,-,,,,,
0001065280-23-000054,2023-02-02T22:40:16.000Z,-,,,,,
0001065280-23-000053,2023-02-02T22:39:52.000Z,-,,,,,
0001065280-23-000052,2023-02-02T22:39:30.000Z,-,,,,,
0001065280-23-000051,2023-02-02T22:39:09.000Z,-,,,,,
0001065280-23-000050,2023-02-02T22:38:49.000Z,-,,,,,
0001065280-23-000049,2023-02-02T22:38:30.000Z,-,,,,,
0001062993-23-001973,2023-02-02T21:24:36.000Z,-,,,,,
0001104659-23-009361,2023-02-01T22:58:07.000Z,S,0001082906,3698.0,352.94,1305172.1199999999,0.0
0001104659-23-009359,2023-02-01T22:56:03.000Z,-,,,,,
0001065280-23-000032,2023-01-04T22:35:31.000Z,-,,,,,
0001065280-23-000031,2023-01-04T22:34:59.000Z,-,,,,,
0001065280-23-000030,2023-01-04T22:34:36.000Z,-,,,,,
0001065280-23-000029,2023-01-04T22:34:10.000Z,-,,,,,
0001065280-23-000028,2023-01-04T22:33:41.000Z,-,,,,,
0001065280-23-000027,2023-01-04T22:33:15.000Z,-,,,,,
0001065280-23-000026,2023-01-04T22:32:50.000Z,-,,,,,
0001065280-23-000025,2023-01-04T22:32:12.000Z,-,,,,,
0001065280-23-000024,2023-01-04T22:31:38.000Z,-,,,,,
0001065280-23-000023,2023-01-04T22:30:58.000Z,-,,,,,
0001065280-23-000022,2023-01-04T22:30:11.000Z,-,,,,,
0001065280-23-000021,2023-01-04T22:29:32.000Z,-,,,,,
0001065280-23-000020,2023-01-04T22:28:38.000Z,-,,,,,
0001065280-23-000019,2023-01-04T22:27:59.000Z,-,,,,,
0001065280-23-000018,2023-01-04T22:27:10.000Z,-,,,,,
0001065280-23-000017,2023-01-04T22:26:22.000Z,-,,,,,
0001062993-23-000294,2023-01-04T21:27:24.000Z,-,,,,,
0001062993-22-023240,2022-12-02T22:03:55.000Z,-,,,,,
0001065280-22-000443,2022-12-02T21:48:55.000Z,-,,,,,
0001065280-22-000442,2022-12-02T21:48:34.000Z,-,,,,,
0001065280-22-000441,2022-12-02T21:48:17.000Z,-,,,,,
0001065280-22-000440,2022-12-02T21:47:47.000Z,-,,,,,
0001065280-22-000439,2022-12-02T21:47:29.000Z,-,,,,,
0001065280-22-000438,2022-12-02T21:47:10.000Z,-,,,,,
0001065280-22-000437,2022-12-02T21:46:47.000Z,-,,,,,
0001065280-22-000436,2022-12-02T21:46:29.000Z,-,,,,,
0001065280-22-000435,2022-12-02T21:46:06.000Z,-,,,,,
0001065280-22-000434,2022-12-02T21:45:37.000Z,-,,,,,
0001065280-22-000433,2022-12-02T21:45:21.000Z,-,,,,,
0001065280-22-000432,2022-12-02T21:45:00.000Z,-,,,,,
0001065280-22-000431,2022-12-02T21:44:44.000Z,-,,,,,
0001065280-22-000430,2022-12-02T21:44:18.000Z,-,,,,,
0001065280-22-000429,2022-12-02T21:43:54.000Z,-,,,,,
0001065280-22-000428,2022-12-02T21:43:37.000Z,-,,,,,
0001065280-22-000403,2022-11-14T21:44:37.000Z,-,,,,,
0001065280-22-000401,2022-11-02T21:50:34.000Z,-,,,,,
0001065280-22-000400,2022-11-02T21:50:11.000Z,-,,,,,
0001065280-22-000399,2022-11-02T21:49:44.000Z,-,,,,,
0001065280-22-000398,2022-11-02T21:49:22.000Z,-,,,,,
0001065280-22-000397,2022-11-02T21:49:02.000Z,-,,,,,
0001065280-22-000396,2022-11-02T21:48:41.000Z,-,,,,,
0001065280-22-000395,2022-11-02T21:48:20.000Z,-,,,,,
0001065280-22-000394,2022-11-02T21:48:00.000Z,-,,,,,
0001065280-22-000393,2022-11-02T21:47:39.000Z,-,,,,,
0001065280-22-000392,2022-11-02T21:47:21.000Z,-,,,,,
0001065280-22-000391,2022-11-02T21:46:54.000Z,-,,,,,
0001065280-22-000390,2022-11-02T21:46:31.000Z,-,,,,,
0001065280-22-000389,2022-11-02T21:46:01.000Z,-,,,,,
0001065280-22-000388,2022-11-02T21:45:43.000Z,-,,,,,
0001065280-22-000387,2022-11-02T21:45:00.000Z,-,,,,,
0001065280-22-000386,2022-11-02T21:44:38.000Z,-,,,,,
0001062993-22-021424,2022-11-02T21:02:01.000Z,-,,,,,
0001065280-22-000366,2022-10-04T22:11:35.000Z,-,,,,,
0001065280-22-000365,2022-10-04T22:11:12.000Z,-,,,,,
0001065280-22-000364,2022-10-04T22:10:51.000Z,-,,,,,
0001065280-22-000363,2022-10-04T22:10:30.000Z,-,,,,,
0001065280-22-000362,2022-10-04T22:10:07.000Z,-,,,,,
0001065280-22-000361,2022-10-04T22:09:41.000Z,-,,,,,
0001065280-22-000360,2022-10-04T22:09:21.000Z,-,,,,,
0001065280-22-000359,2022-10-04T22:09:02.000Z,-,,,,,
0001065280-22-000358,2022-10-04T22:08:43.000Z,-,,,,,
0001065280-22-000357,2022-10-04T22:08:22.000Z,-,,,,,
0001065280-22-000356,2022-10-04T22:07:57.000Z,-,,,,,
0001065280-22-000355,2022-10-04T22:07:31.000Z,-,,,,,
0001065280-22-000354,2022-10-04T22:07:10.000Z,-,,,,,
0001065280-22-000353,2022-10-04T22:06:40.000Z,-,,,,,
0001065280-22-000352,2022-10-04T22:05:55.000Z,-,,,,,
0001065280-22-000351,2022-10-04T22:05:07.000Z,-,,,,,
0001065280-22-000350,2022-10-04T22:04:34.000Z,-,,,,,
0001065280-22-000349,2022-10-04T22:04:13.000Z,-,,,,,
0001062993-22-020374,2022-10-04T21:38:06.000Z,-,,,,,
