accession,accepted,owner,code,shares,price,value,plan
0001696841-26-000014,2026-09-23T20:56:28.000Z,0001696841,S,12483.0,0.0,0.0,1.0
0001696841-26-000014,2026-09-23T20:56:28.000Z,0001696841,S,13478.0,0.0,0.0,1.0
0001696841-26-000014,2026-09-23T20:56:28.000Z,0001696841,S,4499.0,0.0,0.0,1.0
0001199039-26-000016,2026-09-22T20:56:23.000Z,0001199039,S,1356000.0,0.0,0.0,0.0
0001199039-26-000016,2026-09-22T20:56:23.000Z,0001199039,S,10000.0,0.0,0.0,0.0
0001243821-26-000007,2026-09-18T21:15:34.000Z,,-,,,,
0001283854-26-000010,2026-09-18T21:14:45.000Z,,-,,,,
0001696841-26-000012,2026-09-18T21:13:29.000Z,,-,,,,
0001588670-26-000014,2026-09-18T21:12:42.000Z,0001588670,S,4681.0,0.0,0.0,1.0
0001588670-26-000014,2026-09-18T21:12:42.000Z,0001588670,S,20369.0,0.0,0.0,1.0
0001588670-26-000014,2026-09-18T21:12:42.000Z,0001588670,S,9868.0,0.0,0.0,1.0
0001197649-26-000012,2026-09-18T21:10:59.000Z,,-,,,,
0002152188-26-000005,2026-09-11T21:04:47.000Z,,-,,,,
0001199039-26-000014,2026-09-08T21:09:19.000Z,0001199039,S,198707.0,0.0,0.0,0.0
0001199039-26-000014,2026-09-08T21:09:19.000Z,0001199039,S,1293.0,0.0,0.0,0.0
0001199039-26-000014,2026-09-08T21:09:19.000Z,0001199039,S,200000.0,0.0,0.0,0.0
0001199039-26-000014,2026-09-08T21:09:19.000Z,0001199039,S,197180.0,0.0,0.0,0.0
0001199039-26-000014,2026-09-08T21:09:19.000Z,0001199039,S,237820.0,0.0,0.0,0.0
0001199039-26-000014,2026-09-08T21:09:19.000Z,0001199039,S,182628.0,0.0,0.0,0.0
0001199039-26-000014,2026-09-08T21:09:19.000Z,0001199039,S,4611.0,0.0,0.0,0.0
0001197647-26-000009,2026-09-04T21:00:35.000Z,,-,,,,
0001199039-26-000012,2026-09-02T22:10:34.000Z,0001199039,S,447400.0,0.0,0.0,0.0
0001199039-26-000012,2026-09-02T22:10:34.000Z,0001199039,S,137600.0,0.0,0.0,0.0
0001199039-26-000012,2026-09-02T22:10:34.000Z,0001199039,S,63501.0,0.0,0.0,0.0
0001199039-26-000012,2026-09-02T22:10:34.000Z,0001199039,S,300000.0,0.0,0.0,0.0
0001199039-26-000012,2026-09-02T22:10:34.000Z,0001199039,S,300000.0,0.0,0.0,0.0
0001199039-26-000012,2026-09-02T22:10:34.000Z,0001199039,S,300000.0,0.0,0.0,0.0
0001199039-26-000012,2026-09-02T22:10:34.000Z,0001199039,S,300000.0,0.0,0.0,0.0
0001696841-26-000010,2026-09-02T22:07:18.000Z,0001696841,S,6692.0,0.0,0.0,1.0
0001696841-26-000010,2026-09-02T22:07:18.000Z,0001696841,S,13913.0,0.0,0.0,1.0
0001696841-26-000010,2026-09-02T22:07:18.000Z,0001696841,S,9395.0,0.0,0.0,1.0
0001347842-26-000015,2026-08-24T21:32:04.000Z,,-,,,,
0001310264-26-000008,2026-08-12T21:13:10.000Z,,-,,,,
0001197647-26-000007,2026-08-07T20:47:24.000Z,,-,,,,
0001197647-26-000005,2026-07-06T21:01:46.000Z,,-,,,,
0001199039-26-000009,2026-06-29T21:07:02.000Z,,-,,,,
0001725292-26-000004,2026-06-29T21:06:22.000Z,,-,,,,
0001197652-26-000007,2026-06-29T21:05:39.000Z,,-,,,,
0001768670-26-000004,2026-06-29T21:04:56.000Z,,-,,,,
0001284116-26-000004,2026-06-29T21:04:21.000Z,,-,,,,
0001197650-26-000002,2026-06-29T21:03:48.000Z,,-,,,,
0001219888-26-000002,2026-06-29T21:02:57.000Z,,-,,,,
0001818224-26-000006,2026-06-29T21:02:08.000Z,,-,,,,
0001197647-26-000003,2026-06-29T21:01:16.000Z,,-,,,,
0001199039-26-000007,2026-06-23T20:41:58.000Z,0001199039,S,319385.0,0.0,0.0,0.0
0001199039-26-000007,2026-06-23T20:41:58.000Z,0001199039,S,565615.0,0.0,0.0,0.0
0001696841-26-000008,2026-06-23T10:04:01.000Z,,-,,,,
0001283854-26-000008,2026-06-23T10:02:58.000Z,,-,,,,
0001588670-26-000012,2026-06-23T10:02:20.000Z,,-,,,,
0001347842-26-000013,2026-06-23T10:01:33.000Z,,-,,,,
0001197649-26-000010,2026-06-23T10:00:38.000Z,,-,,,,
0001197649-26-000008,2026-06-18T21:04:59.000Z,,-,,,,
0001243821-26-000005,2026-06-10T21:10:07.000Z,,-,,,,
0001768670-26-000002,2026-06-05T21:12:55.000Z,0001768670,S,15500.0,0.0,0.0,0.0
0001199039-26-000005,2026-06-04T23:34:25.000Z,0001199039,S,500000.0,0.0,0.0,0.0
0001199039-26-000005,2026-06-04T23:34:25.000Z,0001199039,S,100000.0,0.0,0.0,0.0
0001199039-26-000005,2026-06-04T23:34:25.000Z,0001199039,S,400000.0,0.0,0.0,0.0
0001818224-26-000004,2026-05-29T20:50:10.000Z,0001818224,S,625.0,214.0,133750.0,1.0
0001199039-26-000003,2026-03-24T21:13:39.000Z,0001199039,S,100000.0,0.0,0.0,0.0
0001199039-26-000003,2026-03-24T21:13:39.000Z,0001199039,S,121682.0,0.0,0.0,0.0
0001725292-26-000002,2026-03-21T00:14:03.000Z,0001725292,S,8516.0,0.0,0.0,1.0
0001725292-26-000002,2026-03-21T00:14:03.000Z,0001725292,S,10282.0,0.0,0.0,1.0
0001725292-26-000002,2026-03-21T00:14:03.000Z,0001725292,S,202.0,0.0,0.0,1.0
0001526111-26-000005,2026-03-21T00:13:05.000Z,0001526111,S,1196.0,0.0,0.0,1.0
0001526111-26-000005,2026-03-21T00:13:05.000Z,0001526111,S,400.0,0.0,0.0,1.0
0001526111-26-000005,2026-03-21T00:13:05.000Z,0001526111,S,500.0,0.0,0.0,1.0
0001526111-26-000005,2026-03-21T00:13:05.000Z,0001526111,S,600.0,0.0,0.0,1.0
0001526111-26-000005,2026-03-21T00:13:05.000Z,0001526111,S,2100.0,0.0,0.0,1.0
0001526111-26-000005,2026-03-21T00:13:05.000Z,0001526111,S,600.0,0.0,0.0,1.0
0001696841-26-000006,2026-03-21T00:11:05.000Z,,-,,,,
0001283854-26-000006,2026-03-21T00:10:15.000Z,,-,,,,
0001347842-26-000011,2026-03-21T00:08:19.000Z,0001347842,S,19881.0,0.0,0.0,1.0
0001347842-26-000011,2026-03-21T00:08:19.000Z,0001347842,S,270134.0,0.0,0.0,1.0
0001347842-26-000011,2026-03-21T00:08:19.000Z,0001347842,S,9985.0,0.0,0.0,1.0
0001588670-26-000010,2026-03-21T00:07:15.000Z,0001588670,S,715.0,0.0,0.0,1.0
0001588670-26-000010,2026-03-21T00:07:15.000Z,0001588670,S,10264.0,0.0,0.0,1.0
0001588670-26-000010,2026-03-21T00:07:15.000Z,0001588670,S,3307.0,0.0,0.0,1.0
0001588670-26-000010,2026-03-21T00:07:15.000Z,0001588670,S,4225.0,0.0,0.0,1.0
0001588670-26-000010,2026-03-21T00:07:15.000Z,0001588670,S,18020.0,0.0,0.0,1.0
0001588670-26-000010,2026-03-21T00:07:15.000Z,0001588670,S,4212.0,0.0,0.0,1.0
0001588670-26-000010,2026-03-21T00:07:15.000Z,0001588670,S,1907.0,0.0,0.0,1.0
0001588670-26-000010,2026-03-21T00:07:15.000Z,0001588670,S,180.0,0.0,0.0,1.0
0001588670-26-000010,2026-03-21T00:07:15.000Z,0001588670,S,2396.0,0.0,0.0,1.0
0001588670-26-000010,2026-03-21T00:07:15.000Z,0001588670,S,765.0,0.0,0.0,1.0
0001588670-26-000010,2026-03-21T00:07:15.000Z,0001588670,S,1051.0,0.0,0.0,1.0
0001588670-26-000010,2026-03-21T00:07:15.000Z,0001588670,S,4156.0,0.0,0.0,1.0
0001588670-26-000010,2026-03-21T00:07:15.000Z,0001588670,S,999.0,0.0,0.0,1.0
0001588670-26-000010,2026-03-21T00:07:15.000Z,0001588670,S,453.0,0.0,0.0,1.0
0001588670-26-000010,2026-03-21T00:07:15.000Z,0001588670,S,230.0,0.0,0.0,1.0
0001588670-26-000010,2026-03-21T00:07:15.000Z,0001588670,S,2339.0,0.0,0.0,1.0
0001588670-26-000010,2026-03-21T00:07:15.000Z,0001588670,S,734.0,0.0,0.0,1.0
0001588670-26-000010,2026-03-21T00:07:15.000Z,0001588670,S,1316.0,0.0,0.0,1.0
0001588670-26-000010,2026-03-21T00:07:15.000Z,0001588670,S,3876.0,0.0,0.0,1.0
0001588670-26-000010,2026-03-21T00:07:15.000Z,0001588670,S,1034.0,0.0,0.0,1.0
0001588670-26-000010,2026-03-21T00:07:15.000Z,0001588670,S,471.0,0.0,0.0,1.0
0001197649-26-000005,2026-03-21T00:06:01.000Z,,-,,,,
0001197652-26-000003,2026-03-19T21:26:58.000Z,,-,,,,
0001818224-26-000002,2026-03-17T21:12:20.000Z,0001818224,S,3004.0,184.9,555439.6,1.0
0001696841-26-000004,2026-03-11T22:15:53.000Z,,-,,,,
0001283854-26-000004,2026-03-11T22:14:29.000Z,,-,,,,
0001588670-26-000008,2026-03-11T22:12:42.000Z,,-,,,,
0001347842-26-000009,2026-03-11T22:10:58.000Z,0001347842,S,275060.0,0.0,0.0,1.0
0001347842-26-000009,2026-03-11T22:10:58.000Z,0001347842,S,24940.0,0.0,0.0,1.0
0001347842-26-000007,2026-03-04T22:33:32.000Z,,-,,,,
0001283854-26-000002,2026-03-04T22:32:42.000Z,,-,,,,
0001588670-26-000006,2026-03-04T22:31:54.000Z,,-,,,,
0001696841-26-000002,2026-03-04T22:31:08.000Z,,-,,,,
0001197649-26-000003,2026-03-04T22:30:08.000Z,,-,,,,
0001588670-26-000004,2026-02-06T22:06:41.000Z,0001588670,S,1287.0,0.0,0.0,1.0
0001588670-26-000004,2026-02-06T22:06:41.000Z,0001588670,S,3524.0,0.0,0.0,1.0
0001588670-26-000004,2026-02-06T22:06:41.000Z,0001588670,S,6076.0,0.0,0.0,1.0
0001588670-26-000004,2026-02-06T22:06:41.000Z,0001588670,S,6120.0,0.0,0.0,1.0
0001588670-26-000004,2026-02-06T22:06:41.000Z,0001588670,S,2659.0,0.0,0.0,1.0
0001588670-26-000004,2026-02-06T22:06:41.000Z,0001588670,S,3897.0,0.0,0.0,1.0
0001588670-26-000004,2026-02-06T22:06:41.000Z,0001588670,S,2625.0,0.0,0.0,1.0
0001588670-26-000004,2026-02-06T22:06:41.000Z,0001588670,S,1452.0,0.0,0.0,1.0
0001588670-26-000004,2026-02-06T22:06:41.000Z,0001588670,S,499.0,0.0,0.0,1.0
0001588670-26-000004,2026-02-06T22:06:41.000Z,0001588670,S,1266.0,0.0,0.0,1.0
0001588670-26-000004,2026-02-06T22:06:41.000Z,0001588670,S,2180.0,0.0,0.0,1.0
0001588670-26-000004,2026-02-06T22:06:41.000Z,0001588670,S,2164.0,0.0,0.0,1.0
0001588670-26-000004,2026-02-06T22:06:41.000Z,0001588670,S,976.0,0.0,0.0,1.0
0001588670-26-000004,2026-02-06T22:06:41.000Z,0001588670,S,1424.0,0.0,0.0,1.0
0001588670-26-000004,2026-02-06T22:06:41.000Z,0001588670,S,963.0,0.0,0.0,1.0
0001588670-26-000004,2026-02-06T22:06:41.000Z,0001588670,S,528.0,0.0,0.0,1.0
0001588670-26-000004,2026-02-06T22:06:41.000Z,0001588670,S,614.0,0.0,0.0,1.0
0001588670-26-000004,2026-02-06T22:06:41.000Z,0001588670,S,1215.0,0.0,0.0,1.0
0001588670-26-000004,2026-02-06T22:06:41.000Z,0001588670,S,2121.0,0.0,0.0,1.0
0001588670-26-000004,2026-02-06T22:06:41.000Z,0001588670,S,2042.0,0.0,0.0,1.0
0001588670-26-000004,2026-02-06T22:06:41.000Z,0001588670,S,1005.0,0.0,0.0,1.0
0001588670-26-000004,2026-02-06T22:06:41.000Z,0001588670,S,1470.0,0.0,0.0,1.0
0001588670-26-000004,2026-02-06T22:06:41.000Z,0001588670,S,985.0,0.0,0.0,1.0
0001588670-26-000004,2026-02-06T22:06:41.000Z,0001588670,S,548.0,0.0,0.0,1.0
0001636665-26-000002,2026-01-23T22:06:26.000Z,,-,,,,
0001347842-26-000004,2026-01-23T22:04:54.000Z,0001347842,S,200000.0,0.0,0.0,1.0
0001588670-26-000002,2026-01-15T22:03:45.000Z,0001588670,S,10237.0,0.0,0.0,1.0
0001588670-26-000002,2026-01-15T22:03:45.000Z,0001588670,S,12022.0,0.0,0.0,1.0
0001588670-26-000002,2026-01-15T22:03:45.000Z,0001588670,S,3042.0,0.0,0.0,1.0
0001588670-26-000002,2026-01-15T22:03:45.000Z,0001588670,S,1594.0,0.0,0.0,1.0
0001588670-26-000002,2026-01-15T22:03:45.000Z,0001588670,S,745.0,0.0,0.0,1.0
0001588670-26-000002,2026-01-15T22:03:45.000Z,0001588670,S,3747.0,0.0,0.0,1.0
0001588670-26-000002,2026-01-15T22:03:45.000Z,0001588670,S,4256.0,0.0,0.0,1.0
0001588670-26-000002,2026-01-15T22:03:45.000Z,0001588670,S,1119.0,0.0,0.0,1.0
0001588670-26-000002,2026-01-15T22:03:45.000Z,0001588670,S,596.0,0.0,0.0,1.0
0001588670-26-000002,2026-01-15T22:03:45.000Z,0001588670,S,282.0,0.0,0.0,1.0
0001588670-26-000002,2026-01-15T22:03:45.000Z,0001588670,S,3739.0,0.0,0.0,1.0
0001588670-26-000002,2026-01-15T22:03:45.000Z,0001588670,S,4218.0,0.0,0.0,1.0
0001588670-26-000002,2026-01-15T22:03:45.000Z,0001588670,S,1149.0,0.0,0.0,1.0
0001588670-26-000002,2026-01-15T22:03:45.000Z,0001588670,S,607.0,0.0,0.0,1.0
0001588670-26-000002,2026-01-15T22:03:45.000Z,0001588670,S,287.0,0.0,0.0,1.0
0001347842-26-000002,2026-01-09T22:05:30.000Z,0001347842,S,71007.0,0.0,0.0,1.0
0001347842-26-000002,2026-01-09T22:05:30.000Z,0001347842,S,128793.0,0.0,0.0,1.0
0001347842-26-000002,2026-01-09T22:05:30.000Z,0001347842,S,200.0,0.0,0.0,1.0
0001526111-26-000002,2026-01-06T22:04:41.000Z,0001526111,S,23189.0,0.0,0.0,1.0
0001526111-26-000002,2026-01-06T22:04:41.000Z,0001526111,S,38911.0,0.0,0.0,1.0
0001526111-26-000002,2026-01-06T22:04:41.000Z,0001526111,S,7800.0,0.0,0.0,1.0
0001526111-26-000002,2026-01-06T22:04:41.000Z,0001526111,S,8200.0,0.0,0.0,1.0
0001526111-26-000002,2026-01-06T22:04:41.000Z,0001526111,S,1900.0,0.0,0.0,1.0
0001199039-25-000015,2025-12-23T00:35:10.000Z,0001199039,S,222500.0,0.0,0.0,0.0
0001526111-25-000011,2025-12-23T00:32:13.000Z,0001526111,S,400.0,0.0,0.0,1.0
0001526111-25-000011,2025-12-23T00:32:13.000Z,0001526111,S,1800.0,0.0,0.0,1.0
0001526111-25-000011,2025-12-23T00:32:13.000Z,0001526111,S,6400.0,0.0,0.0,1.0
0001526111-25-000011,2025-12-23T00:32:13.000Z,0001526111,S,14300.0,0.0,0.0,1.0
0001526111-25-000011,2025-12-23T00:32:13.000Z,0001526111,S,1690.0,0.0,0.0,1.0
0001588670-25-000017,2025-12-19T22:07:43.000Z,,-,,,,
0001197649-25-000061,2025-12-19T22:03:55.000Z,,-,,,,
0001197650-25-000009,2025-12-17T21:56:59.000Z,0001197650,S,250000.0,0.0,0.0,0.0
0001347842-25-000007,2025-12-13T02:15:33.000Z,,-,,,,
0001283854-25-000011,2025-12-13T02:12:48.000Z,0001283854,S,25961.0,0.0,0.0,1.0
0001283854-25-000011,2025-12-13T02:12:48.000Z,0001283854,S,36067.0,0.0,0.0,1.0
0001283854-25-000011,2025-12-13T02:12:48.000Z,0001283854,S,15801.0,0.0,0.0,1.0
0001283854-25-000011,2025-12-13T02:12:48.000Z,0001283854,S,2171.0,0.0,0.0,1.0
0001283854-25-000011,2025-12-13T02:12:48.000Z,0001283854,S,17578.0,0.0,0.0,1.0
0001283854-25-000011,2025-12-13T02:12:48.000Z,0001283854,S,21153.0,0.0,0.0,1.0
0001283854-25-000011,2025-12-13T02:12:48.000Z,0001283854,S,12675.0,0.0,0.0,1.0
0001283854-25-000011,2025-12-13T02:12:48.000Z,0001283854,S,17141.0,0.0,0.0,1.0
0001283854-25-000011,2025-12-13T02:12:48.000Z,0001283854,S,11453.0,0.0,0.0,1.0
0001283854-25-000011,2025-12-13T02:12:48.000Z,0001283854,S,9718.0,0.0,0.0,1.0
0001283854-25-000011,2025-12-13T02:12:48.000Z,0001283854,S,19331.0,0.0,0.0,1.0
0001283854-25-000011,2025-12-13T02:12:48.000Z,0001283854,S,14778.0,0.0,0.0,1.0
0001283854-25-000011,2025-12-13T02:12:48.000Z,0001283854,S,1600.0,0.0,0.0,1.0
0001283854-25-000011,2025-12-13T02:12:48.000Z,0001283854,S,10122.0,0.0,0.0,1.0
0001283854-25-000011,2025-12-13T02:12:48.000Z,0001283854,S,5900.0,0.0,0.0,1.0
0001283854-25-000011,2025-12-13T02:12:48.000Z,0001283854,S,7191.0,0.0,0.0,1.0
0001283854-25-000011,2025-12-13T02:12:48.000Z,0001283854,S,1200.0,0.0,0.0,1.0
0001526111-25-000008,2025-12-13T02:09:12.000Z,,-,,,,
0001696841-25-000006,2025-12-13T02:07:07.000Z,,-,,,,
0001588670-25-000015,2025-12-13T02:04:51.000Z,0001588670,S,3324.0,0.0,0.0,1.0
0001588670-25-000015,2025-12-13T02:04:51.000Z,0001588670,S,8858.0,0.0,0.0,1.0
0001588670-25-000015,2025-12-13T02:04:51.000Z,0001588670,S,5864.0,0.0,0.0,1.0
0001588670-25-000015,2025-12-13T02:04:51.000Z,0001588670,S,511.0,0.0,0.0,1.0
0001588670-25-000015,2025-12-13T02:04:51.000Z,0001588670,S,3070.0,0.0,0.0,1.0
0001588670-25-000015,2025-12-13T02:04:51.000Z,0001588670,S,3513.0,0.0,0.0,1.0
0001588670-25-000015,2025-12-13T02:04:51.000Z,0001588670,S,2654.0,0.0,0.0,1.0
0001588670-25-000015,2025-12-13T02:04:51.000Z,0001588670,S,2706.0,0.0,0.0,1.0
0001588670-25-000015,2025-12-13T02:04:51.000Z,0001588670,S,1129.0,0.0,0.0,1.0
0001588670-25-000015,2025-12-13T02:04:51.000Z,0001588670,S,2883.0,0.0,0.0,1.0
0001588670-25-000015,2025-12-13T02:04:51.000Z,0001588670,S,1915.0,0.0,0.0,1.0
0001588670-25-000015,2025-12-13T02:04:51.000Z,0001588670,S,144.0,0.0,0.0,1.0
0001588670-25-000015,2025-12-13T02:04:51.000Z,0001588670,S,983.0,0.0,0.0,1.0
0001588670-25-000015,2025-12-13T02:04:51.000Z,0001588670,S,1165.0,0.0,0.0,1.0
0001588670-25-000015,2025-12-13T02:04:51.000Z,0001588670,S,886.0,0.0,0.0,1.0
0001588670-25-000015,2025-12-13T02:04:51.000Z,0001588670,S,895.0,0.0,0.0,1.0
0001588670-25-000015,2025-12-13T02:04:51.000Z,0001588670,S,1242.0,0.0,0.0,1.0
0001588670-25-000015,2025-12-13T02:04:51.000Z,0001588670,S,2804.0,0.0,0.0,1.0
0001588670-25-000015,2025-12-13T02:04:51.000Z,0001588670,S,1874.0,0.0,0.0,1.0
0001588670-25-000015,2025-12-13T02:04:51.000Z,0001588670,S,127.0,0.0,0.0,1.0
0001588670-25-000015,2025-12-13T02:04:51.000Z,0001588670,S,915.0,0.0,0.0,1.0
0001588670-25-000015,2025-12-13T02:04:51.000Z,0001588670,S,1210.0,0.0,0.0,1.0
0001588670-25-000015,2025-12-13T02:04:51.000Z,0001588670,S,906.0,0.0,0.0,1.0
0001588670-25-000015,2025-12-13T02:04:51.000Z,0001588670,S,922.0,0.0,0.0,1.0
0001197649-25-000058,2025-12-13T02:01:58.000Z,,-,,,,
0001283854-25-000009,2025-12-10T23:49:34.000Z,0001283854,S,24433.0,0.0,0.0,1.0
0001283854-25-000009,2025-12-10T23:49:34.000Z,0001283854,S,55267.0,0.0,0.0,1.0
0001283854-25-000009,2025-12-10T23:49:34.000Z,0001283854,S,300.0,0.0,0.0,1.0
0001199039-25-000012,2025-12-09T21:37:08.000Z,0001199039,S,350000.0,0.0,0.0,0.0
0001197652-25-000009,2025-12-04T21:43:29.000Z,0001197652,S,12728.0,0.0,0.0,0.0
0001197652-25-000007,2025-11-26T21:28:47.000Z,,-,,,,
0001818224-25-000005,2025-11-26T21:28:17.000Z,0001818224,S,626.0,179.42,112316.92,1.0
0001588670-25-000013,2025-11-06T00:06:18.000Z,0001588670,S,4280.0,0.0,0.0,1.0
0001588670-25-000013,2025-11-06T00:06:18.000Z,0001588670,S,14830.0,0.0,0.0,1.0
0001588670-25-000013,2025-11-06T00:06:18.000Z,0001588670,S,4011.0,0.0,0.0,1.0
0001588670-25-000013,2025-11-06T00:06:18.000Z,0001588670,S,2297.0,0.0,0.0,1.0
0001588670-25-000013,2025-11-06T00:06:18.000Z,0001588670,S,2222.0,0.0,0.0,1.0
0001588670-25-000013,2025-11-06T00:06:18.000Z,0001588670,S,1508.0,0.0,0.0,1.0
0001588670-25-000013,2025-11-06T00:06:18.000Z,0001588670,S,5402.0,0.0,0.0,1.0
0001588670-25-000013,2025-11-06T00:06:18.000Z,0001588670,S,1475.0,0.0,0.0,1.0
0001588670-25-000013,2025-11-06T00:06:18.000Z,0001588670,S,854.0,0.0,0.0,1.0
0001588670-25-000013,2025-11-06T00:06:18.000Z,0001588670,S,761.0,0.0,0.0,1.0
0001588670-25-000013,2025-11-06T00:06:18.000Z,0001588670,S,1514.0,0.0,0.0,1.0
0001588670-25-000013,2025-11-06T00:06:18.000Z,0001588670,S,5360.0,0.0,0.0,1.0
0001588670-25-000013,2025-11-06T00:06:18.000Z,0001588670,S,1521.0,0.0,0.0,1.0
0001588670-25-000013,2025-11-06T00:06:18.000Z,0001588670,S,873.0,0.0,0.0,1.0
0001588670-25-000013,2025-11-06T00:06:18.000Z,0001588670,S,732.0,0.0,0.0,1.0
0001197649-25-000056,2025-10-31T21:06:46.000Z,0001197649,S,3013.0,0.0,0.0,1.0
0001197649-25-000056,2025-10-31T21:06:46.000Z,0001197649,S,7790.0,0.0,0.0,1.0
0001197649-25-000056,2025-10-31T21:06:46.000Z,0001197649,S,5118.0,0.0,0.0,1.0
0001197649-25-000056,2025-10-31T21:06:46.000Z,0001197649,S,2724.0,0.0,0.0,1.0
0001197649-25-000056,2025-10-31T21:06:46.000Z,0001197649,S,2580.0,0.0,0.0,1.0
0001197649-25-000056,2025-10-31T21:06:46.000Z,0001197649,S,3298.0,0.0,0.0,1.0
0001197649-25-000056,2025-10-31T21:06:46.000Z,0001197649,S,477.0,0.0,0.0,1.0
0001197649-25-000054,2025-10-29T00:04:39.000Z,0001197649,S,5156.0,0.0,0.0,1.0
0001197649-25-000054,2025-10-29T00:04:39.000Z,0001197649,S,52771.0,0.0,0.0,1.0
0001197649-25-000054,2025-10-29T00:04:39.000Z,0001197649,S,10755.0,0.0,0.0,1.0
0001197649-25-000054,2025-10-29T00:04:39.000Z,0001197649,S,6318.0,0.0,0.0,1.0
0001197649-25-000054,2025-10-29T00:04:39.000Z,0001197649,S,1029.0,0.0,0.0,1.0
0001197649-25-000054,2025-10-29T00:04:39.000Z,0001197649,S,7966.0,0.0,0.0,1.0
0001197649-25-000054,2025-10-29T00:04:39.000Z,0001197649,S,15825.0,0.0,0.0,1.0
0001197649-25-000054,2025-10-29T00:04:39.000Z,0001197649,S,180.0,0.0,0.0,1.0
0001197649-25-000054,2025-10-29T00:04:39.000Z,0001197649,S,4828.0,0.0,0.0,1.0
0001197649-25-000054,2025-10-29T00:04:39.000Z,0001197649,S,8381.0,0.0,0.0,1.0
0001197649-25-000054,2025-10-29T00:04:39.000Z,0001197649,S,2791.0,0.0,0.0,1.0
0001197649-25-000054,2025-10-29T00:04:39.000Z,0001197649,S,1432.0,0.0,0.0,1.0
0001197649-25-000054,2025-10-29T00:04:39.000Z,0001197649,S,520.0,0.0,0.0,1.0
0001197649-25-000054,2025-10-29T00:04:39.000Z,0001197649,S,920.0,0.0,0.0,1.0
0001197649-25-000054,2025-10-29T00:04:39.000Z,0001197649,S,580.0,0.0,0.0,1.0
0001197649-25-000054,2025-10-29T00:04:39.000Z,0001197649,S,1749.0,0.0,0.0,1.0
0001197649-25-000054,2025-10-29T00:04:39.000Z,0001197649,S,1769.0,0.0,0.0,1.0
0001197649-25-000054,2025-10-29T00:04:39.000Z,0001197649,S,1530.0,0.0,0.0,1.0
0001197649-25-000054,2025-10-29T00:04:39.000Z,0001197649,S,500.0,0.0,0.0,1.0
0001588670-25-000011,2025-10-23T23:35:22.000Z,0001588670,S,4351.0,0.0,0.0,1.0
0001588670-25-000011,2025-10-23T23:35:22.000Z,0001588670,S,15232.0,0.0,0.0,1.0
0001588670-25-000011,2025-10-23T23:35:22.000Z,0001588670,S,8057.0,0.0,0.0,1.0
0001588670-25-000011,2025-10-23T23:35:22.000Z,0001588670,S,1569.0,0.0,0.0,1.0
0001588670-25-000011,2025-10-23T23:35:22.000Z,0001588670,S,5521.0,0.0,0.0,1.0
0001588670-25-000011,2025-10-23T23:35:22.000Z,0001588670,S,2910.0,0.0,0.0,1.0
0001588670-25-000011,2025-10-23T23:35:22.000Z,0001588670,S,1578.0,0.0,0.0,1.0
0001588670-25-000011,2025-10-23T23:35:22.000Z,0001588670,S,5503.0,0.0,0.0,1.0
0001588670-25-000011,2025-10-23T23:35:22.000Z,0001588670,S,2919.0,0.0,0.0,1.0
0001197649-25-000052,2025-10-23T23:32:33.000Z,0001197649,S,13408.0,0.0,0.0,1.0
0001197649-25-000052,2025-10-23T23:32:33.000Z,0001197649,S,42666.0,0.0,0.0,1.0
0001197649-25-000052,2025-10-23T23:32:33.000Z,0001197649,S,18926.0,0.0,0.0,1.0
0001197649-25-000052,2025-10-23T23:32:33.000Z,0001197649,S,10176.0,0.0,0.0,1.0
0001197649-25-000052,2025-10-23T23:32:33.000Z,0001197649,S,12175.0,0.0,0.0,1.0
0001197649-25-000052,2025-10-23T23:32:33.000Z,0001197649,S,18486.0,0.0,0.0,1.0
0001197649-25-000052,2025-10-23T23:32:33.000Z,0001197649,S,17663.0,0.0,0.0,1.0
0001197649-25-000052,2025-10-23T23:32:33.000Z,0001197649,S,7871.0,0.0,0.0,1.0
0001197649-25-000052,2025-10-23T23:32:33.000Z,0001197649,S,7771.0,0.0,0.0,1.0
0001197649-25-000052,2025-10-23T23:32:33.000Z,0001197649,S,858.0,0.0,0.0,1.0
0001197649-25-000052,2025-10-23T23:32:33.000Z,0001197649,S,10075.0,0.0,0.0,1.0
0001197649-25-000052,2025-10-23T23:32:33.000Z,0001197649,S,21229.0,0.0,0.0,1.0
0001197649-25-000052,2025-10-23T23:32:33.000Z,0001197649,S,39354.0,0.0,0.0,1.0
0001197649-25-000052,2025-10-23T23:32:33.000Z,0001197649,S,4342.0,0.0,0.0,1.0
0001197649-25-000050,2025-10-21T01:36:13.000Z,0001197649,S,12216.0,0.0,0.0,1.0
0001197649-25-000050,2025-10-21T01:36:13.000Z,0001197649,S,28874.0,0.0,0.0,1.0
0001197649-25-000050,2025-10-21T01:36:13.000Z,0001197649,S,31274.0,0.0,0.0,1.0
0001197649-25-000050,2025-10-21T01:36:13.000Z,0001197649,S,2636.0,0.0,0.0,1.0
0001197649-25-000050,2025-10-21T01:36:13.000Z,0001197649,S,9795.0,0.0,0.0,1.0
0001197649-25-000050,2025-10-21T01:36:13.000Z,0001197649,S,13328.0,0.0,0.0,1.0
0001197649-25-000050,2025-10-21T01:36:13.000Z,0001197649,S,28863.0,0.0,0.0,1.0
0001197649-25-000050,2025-10-21T01:36:13.000Z,0001197649,S,22744.0,0.0,0.0,1.0
0001197649-25-000050,2025-10-21T01:36:13.000Z,0001197649,S,270.0,0.0,0.0,1.0
0001197649-25-000050,2025-10-21T01:36:13.000Z,0001197649,S,10042.0,0.0,0.0,1.0
0001197649-25-000050,2025-10-21T01:36:13.000Z,0001197649,S,47306.0,0.0,0.0,1.0
0001197649-25-000050,2025-10-21T01:36:13.000Z,0001197649,S,16675.0,0.0,0.0,1.0
0001197649-25-000050,2025-10-21T01:36:13.000Z,0001197649,S,977.0,0.0,0.0,1.0
0001197649-25-000048,2025-10-15T21:47:55.000Z,0001197649,S,3196.0,0.0,0.0,1.0
0001197649-25-000048,2025-10-15T21:47:55.000Z,0001197649,S,26114.0,0.0,0.0,1.0
0001197649-25-000048,2025-10-15T21:47:55.000Z,0001197649,S,36295.0,0.0,0.0,1.0
0001197649-25-000048,2025-10-15T21:47:55.000Z,0001197649,S,9395.0,0.0,0.0,1.0
0001197649-25-000048,2025-10-15T21:47:55.000Z,0001197649,S,10580.0,0.0,0.0,1.0
0001197649-25-000048,2025-10-15T21:47:55.000Z,0001197649,S,28335.0,0.0,0.0,1.0
0001197649-25-000048,2025-10-15T21:47:55.000Z,0001197649,S,23469.0,0.0,0.0,1.0
0001197649-25-000048,2025-10-15T21:47:55.000Z,0001197649,S,10289.0,0.0,0.0,1.0
0001197649-25-000048,2025-10-15T21:47:55.000Z,0001197649,S,2327.0,0.0,0.0,1.0
0001197649-25-000048,2025-10-15T21:47:55.000Z,0001197649,S,2917.0,0.0,0.0,1.0
0001197649-25-000048,2025-10-15T21:47:55.000Z,0001197649,S,8768.0,0.0,0.0,1.0
0001197649-25-000048,2025-10-15T21:47:55.000Z,0001197649,S,22944.0,0.0,0.0,1.0
0001197649-25-000048,2025-10-15T21:47:55.000Z,0001197649,S,6510.0,0.0,0.0,1.0
0001197649-25-000048,2025-10-15T21:47:55.000Z,0001197649,S,20846.0,0.0,0.0,1.0
0001197649-25-000048,2025-10-15T21:47:55.000Z,0001197649,S,12006.0,0.0,0.0,1.0
0001197649-25-000048,2025-10-15T21:47:55.000Z,0001197649,S,919.0,0.0,0.0,1.0
0001197649-25-000048,2025-10-15T21:47:55.000Z,0001197649,S,90.0,0.0,0.0,1.0
0001197649-25-000046,2025-10-10T22:21:17.000Z,0001197649,S,5606.0,0.0,0.0,1.0
0001197649-25-000046,2025-10-10T22:21:17.000Z,0001197649,S,59642.0,0.0,0.0,1.0
0001197649-25-000046,2025-10-10T22:21:17.000Z,0001197649,S,9752.0,0.0,0.0,1.0
0001197649-25-000046,2025-10-10T22:21:17.000Z,0001197649,S,6140.0,0.0,0.0,1.0
0001197649-25-000046,2025-10-10T22:21:17.000Z,0001197649,S,32972.0,0.0,0.0,1.0
0001197649-25-000046,2025-10-10T22:21:17.000Z,0001197649,S,24806.0,0.0,0.0,1.0
0001197649-25-000046,2025-10-10T22:21:17.000Z,0001197649,S,10919.0,0.0,0.0,1.0
0001197649-25-000046,2025-10-10T22:21:17.000Z,0001197649,S,163.0,0.0,0.0,1.0
0001197649-25-000046,2025-10-10T22:21:17.000Z,0001197649,S,2739.0,0.0,0.0,1.0
0001197649-25-000046,2025-10-10T22:21:17.000Z,0001197649,S,2766.0,0.0,0.0,1.0
0001197649-25-000046,2025-10-10T22:21:17.000Z,0001197649,S,1927.0,0.0,0.0,1.0
0001197649-25-000046,2025-10-10T22:21:17.000Z,0001197649,S,9767.0,0.0,0.0,1.0
0001197649-25-000046,2025-10-10T22:21:17.000Z,0001197649,S,13722.0,0.0,0.0,1.0
0001197649-25-000046,2025-10-10T22:21:17.000Z,0001197649,S,7917.0,0.0,0.0,1.0
0001197649-25-000046,2025-10-10T22:21:17.000Z,0001197649,S,3948.0,0.0,0.0,1.0
0001197649-25-000046,2025-10-10T22:21:17.000Z,0001197649,S,1308.0,0.0,0.0,1.0
0001197649-25-000046,2025-10-10T22:21:17.000Z,0001197649,S,11305.0,0.0,0.0,1.0
0001197649-25-000046,2025-10-10T22:21:17.000Z,0001197649,S,6632.0,0.0,0.0,1.0
0001197649-25-000046,2025-10-10T22:21:17.000Z,0001197649,S,7373.0,0.0,0.0,1.0
0001197649-25-000046,2025-10-10T22:21:17.000Z,0001197649,S,5596.0,0.0,0.0,1.0
0001197649-25-000044,2025-10-07T22:28:40.000Z,0001197649,S,3160.0,0.0,0.0,1.0
0001197649-25-000044,2025-10-07T22:28:40.000Z,0001197649,S,14566.0,0.0,0.0,1.0
0001197649-25-000044,2025-10-07T22:28:40.000Z,0001197649,S,14672.0,0.0,0.0,1.0
0001197649-25-000044,2025-10-07T22:28:40.000Z,0001197649,S,34355.0,0.0,0.0,1.0
0001197649-25-000044,2025-10-07T22:28:40.000Z,0001197649,S,8247.0,0.0,0.0,1.0
0001197649-25-000044,2025-10-07T22:28:40.000Z,0001197649,S,3913.0,0.0,0.0,1.0
0001197649-25-000044,2025-10-07T22:28:40.000Z,0001197649,S,18431.0,0.0,0.0,1.0
0001197649-25-000044,2025-10-07T22:28:40.000Z,0001197649,S,42774.0,0.0,0.0,1.0
0001197649-25-000044,2025-10-07T22:28:40.000Z,0001197649,S,9882.0,0.0,0.0,1.0
0001197649-25-000044,2025-10-07T22:28:40.000Z,0001197649,S,20821.0,0.0,0.0,1.0
0001197649-25-000044,2025-10-07T22:28:40.000Z,0001197649,S,25498.0,0.0,0.0,1.0
0001197649-25-000044,2025-10-07T22:28:40.000Z,0001197649,S,9076.0,0.0,0.0,1.0
0001197649-25-000044,2025-10-07T22:28:40.000Z,0001197649,S,15249.0,0.0,0.0,1.0
0001197649-25-000044,2025-10-07T22:28:40.000Z,0001197649,S,4356.0,0.0,0.0,1.0
0001197649-25-000042,2025-10-02T21:43:27.000Z,0001197649,S,7167.0,0.0,0.0,1.0
0001197649-25-000042,2025-10-02T21:43:27.000Z,0001197649,S,6005.0,0.0,0.0,1.0
0001197649-25-000042,2025-10-02T21:43:27.000Z,0001197649,S,7809.0,0.0,0.0,1.0
0001197649-25-000042,2025-10-02T21:43:27.000Z,0001197649,S,6794.0,0.0,0.0,1.0
0001197649-25-000042,2025-10-02T21:43:27.000Z,0001197649,S,36108.0,0.0,0.0,1.0
0001197649-25-000042,2025-10-02T21:43:27.000Z,0001197649,S,11117.0,0.0,0.0,1.0
0001197649-25-000042,2025-10-02T21:43:27.000Z,0001197649,S,9486.0,0.0,0.0,1.0
0001197649-25-000042,2025-10-02T21:43:27.000Z,0001197649,S,10825.0,0.0,0.0,1.0
0001197649-25-000042,2025-10-02T21:43:27.000Z,0001197649,S,14577.0,0.0,0.0,1.0
0001197649-25-000042,2025-10-02T21:43:27.000Z,0001197649,S,39932.0,0.0,0.0,1.0
0001197649-25-000042,2025-10-02T21:43:27.000Z,0001197649,S,180.0,0.0,0.0,1.0
0001197649-25-000042,2025-10-02T21:43:27.000Z,0001197649,S,46583.0,0.0,0.0,1.0
0001197649-25-000042,2025-10-02T21:43:27.000Z,0001197649,S,25662.0,0.0,0.0,1.0
0001197649-25-000042,2025-10-02T21:43:27.000Z,0001197649,S,2755.0,0.0,0.0,1.0
0001197649-25-000040,2025-09-29T22:11:27.000Z,0001197649,S,4643.0,0.0,0.0,1.0
0001197649-25-000040,2025-09-29T22:11:27.000Z,0001197649,S,7910.0,0.0,0.0,1.0
0001197649-25-000040,2025-09-29T22:11:27.000Z,0001197649,S,3784.0,0.0,0.0,1.0
0001197649-25-000040,2025-09-29T22:11:27.000Z,0001197649,S,20015.0,0.0,0.0,1.0
0001197649-25-000040,2025-09-29T22:11:27.000Z,0001197649,S,22300.0,0.0,0.0,1.0
0001197649-25-000040,2025-09-29T22:11:27.000Z,0001197649,S,7995.0,0.0,0.0,1.0
0001197649-25-000040,2025-09-29T22:11:27.000Z,0001197649,S,8353.0,0.0,0.0,1.0
0001197649-25-000040,2025-09-29T22:11:27.000Z,0001197649,S,11995.0,0.0,0.0,1.0
0001197649-25-000040,2025-09-29T22:11:27.000Z,0001197649,S,27397.0,0.0,0.0,1.0
0001197649-25-000040,2025-09-29T22:11:27.000Z,0001197649,S,33098.0,0.0,0.0,1.0
0001197649-25-000040,2025-09-29T22:11:27.000Z,0001197649,S,2510.0,0.0,0.0,1.0
0001197649-25-000040,2025-09-29T22:11:27.000Z,0001197649,S,6954.0,0.0,0.0,1.0
0001197649-25-000040,2025-09-29T22:11:27.000Z,0001197649,S,36296.0,0.0,0.0,1.0
0001197649-25-000040,2025-09-29T22:11:27.000Z,0001197649,S,24558.0,0.0,0.0,1.0
0001197649-25-000040,2025-09-29T22:11:27.000Z,0001197649,S,7192.0,0.0,0.0,1.0
0001197649-25-000038,2025-09-24T22:16:25.000Z,0001197649,S,33747.0,0.0,0.0,1.0
0001197649-25-000038,2025-09-24T22:16:25.000Z,0001197649,S,5744.0,0.0,0.0,1.0
0001197649-25-000038,2025-09-24T22:16:25.000Z,0001197649,S,320.0,0.0,0.0,1.0
0001197649-25-000038,2025-09-24T22:16:25.000Z,0001197649,S,577.0,0.0,0.0,1.0
0001197649-25-000038,2025-09-24T22:16:25.000Z,0001197649,S,658.0,0.0,0.0,1.0
0001197649-25-000038,2025-09-24T22:16:25.000Z,0001197649,S,489.0,0.0,0.0,1.0
0001197649-25-000038,2025-09-24T22:16:25.000Z,0001197649,S,1553.0,0.0,0.0,1.0
0001197649-25-000038,2025-09-24T22:16:25.000Z,0001197649,S,20429.0,0.0,0.0,1.0
0001197649-25-000038,2025-09-24T22:16:25.000Z,0001197649,S,11283.0,0.0,0.0,1.0
0001197649-25-000038,2025-09-24T22:16:25.000Z,0001197649,S,200.0,0.0,0.0,1.0
0001197649-25-000038,2025-09-24T22:16:25.000Z,0001197649,S,14226.0,0.0,0.0,1.0
0001197649-25-000038,2025-09-24T22:16:25.000Z,0001197649,S,14521.0,0.0,0.0,1.0
0001197649-25-000038,2025-09-24T22:16:25.000Z,0001197649,S,34118.0,0.0,0.0,1.0
0001197649-25-000038,2025-09-24T22:16:25.000Z,0001197649,S,10176.0,0.0,0.0,1.0
0001197649-25-000038,2025-09-24T22:16:25.000Z,0001197649,S,1959.0,0.0,0.0,1.0
0001197649-25-000038,2025-09-24T22:16:25.000Z,0001197649,S,9548.0,0.0,0.0,1.0
0001197649-25-000038,2025-09-24T22:16:25.000Z,0001197649,S,29827.0,0.0,0.0,1.0
0001197649-25-000038,2025-09-24T22:16:25.000Z,0001197649,S,20588.0,0.0,0.0,1.0
0001197649-25-000038,2025-09-24T22:16:25.000Z,0001197649,S,14767.0,0.0,0.0,1.0
0001197649-25-000038,2025-09-24T22:16:25.000Z,0001197649,S,270.0,0.0,0.0,1.0
0001636665-25-000006,2025-09-23T21:24:12.000Z,0001636665,S,40000.0,0.0,0.0,0.0
0001199039-25-000010,2025-09-23T21:19:16.000Z,0001199039,S,350000.0,0.0,0.0,0.0
0001197650-25-000007,2025-09-23T00:46:49.000Z,0001197650,S,250000.0,0.0,0.0,0.0
0001526111-25-000006,2025-09-20T01:17:01.000Z,0001526111,S,2611.0,0.0,0.0,1.0
0001526111-25-000006,2025-09-20T01:17:01.000Z,0001526111,S,889.0,0.0,0.0,1.0
0001696841-25-000004,2025-09-20T01:13:08.000Z,,-,,,,
0001283854-25-000006,2025-09-20T01:10:11.000Z,,-,,,,
0001347842-25-000005,2025-09-20T01:07:47.000Z,,-,,,,
0001588670-25-000009,2025-09-20T01:05:27.000Z,0001588670,S,17113.0,0.0,0.0,1.0
0001588670-25-000009,2025-09-20T01:05:27.000Z,0001588670,S,9890.0,0.0,0.0,1.0
0001588670-25-000009,2025-09-20T01:05:27.000Z,0001588670,S,3497.0,0.0,0.0,1.0
0001588670-25-000009,2025-09-20T01:05:27.000Z,0001588670,S,5591.0,0.0,0.0,1.0
0001588670-25-000009,2025-09-20T01:05:27.000Z,0001588670,S,3282.0,0.0,0.0,1.0
0001588670-25-000009,2025-09-20T01:05:27.000Z,0001588670,S,1127.0,0.0,0.0,1.0
0001588670-25-000009,2025-09-20T01:05:27.000Z,0001588670,S,5541.0,0.0,0.0,1.0
0001588670-25-000009,2025-09-20T01:05:27.000Z,0001588670,S,3374.0,0.0,0.0,1.0
0001588670-25-000009,2025-09-20T01:05:27.000Z,0001588670,S,1085.0,0.0,0.0,1.0
0001197649-25-000036,2025-09-20T01:01:07.000Z,0001197649,S,8476.0,0.0,0.0,1.0
0001197649-25-000036,2025-09-20T01:01:07.000Z,0001197649,S,36268.0,0.0,0.0,1.0
0001197649-25-000036,2025-09-20T01:01:07.000Z,0001197649,S,26423.0,0.0,0.0,1.0
0001197649-25-000036,2025-09-20T01:01:07.000Z,0001197649,S,2084.0,0.0,0.0,1.0
0001197649-25-000036,2025-09-20T01:01:07.000Z,0001197649,S,1749.0,0.0,0.0,1.0
0001197649-25-000036,2025-09-20T01:01:07.000Z,0001197649,S,10025.0,0.0,0.0,1.0
0001197649-25-000036,2025-09-20T01:01:07.000Z,0001197649,S,8875.0,0.0,0.0,1.0
0001197649-25-000036,2025-09-20T01:01:07.000Z,0001197649,S,16442.0,0.0,0.0,1.0
0001197649-25-000036,2025-09-20T01:01:07.000Z,0001197649,S,39658.0,0.0,0.0,1.0
0001197649-25-000036,2025-09-20T01:01:07.000Z,0001197649,S,41271.0,0.0,0.0,1.0
0001197649-25-000036,2025-09-20T01:01:07.000Z,0001197649,S,23070.0,0.0,0.0,1.0
0001197649-25-000036,2025-09-20T01:01:07.000Z,0001197649,S,10659.0,0.0,0.0,1.0
0001768670-25-000008,2025-09-16T23:40:12.000Z,0001768670,S,28000.0,0.0,0.0,0.0
0001197649-25-000034,2025-09-16T23:36:14.000Z,0001197649,S,14247.0,0.0,0.0,1.0
0001197649-25-000034,2025-09-16T23:36:14.000Z,0001197649,S,60627.0,0.0,0.0,1.0
0001197649-25-000034,2025-09-16T23:36:14.000Z,0001197649,S,126.0,0.0,0.0,1.0
0001197649-25-000034,2025-09-16T23:36:14.000Z,0001197649,S,21401.0,0.0,0.0,1.0
0001197649-25-000034,2025-09-16T23:36:14.000Z,0001197649,S,11486.0,0.0,0.0,1.0
0001197649-25-000034,2025-09-16T23:36:14.000Z,0001197649,S,37193.0,0.0,0.0,1.0
0001197649-25-000034,2025-09-16T23:36:14.000Z,0001197649,S,4920.0,0.0,0.0,1.0
0001197649-25-000034,2025-09-16T23:36:14.000Z,0001197649,S,36482.0,0.0,0.0,1.0
0001197649-25-000034,2025-09-16T23:36:14.000Z,0001197649,S,20335.0,0.0,0.0,1.0
0001197649-25-000034,2025-09-16T23:36:14.000Z,0001197649,S,17606.0,0.0,0.0,1.0
0001197649-25-000034,2025-09-16T23:36:14.000Z,0001197649,S,577.0,0.0,0.0,1.0
0001199039-25-000007,2025-09-15T21:44:29.000Z,0001199039,S,200000.0,0.0,0.0,0.0
0001199039-25-000007,2025-09-15T21:44:29.000Z,0001199039,S,297797.0,0.0,0.0,0.0
0001197649-25-000031,2025-09-11T22:44:13.000Z,0001197649,S,15516.0,0.0,0.0,1.0
0001197649-25-000031,2025-09-11T22:44:13.000Z,0001197649,S,38757.0,0.0,0.0,1.0
0001197649-25-000031,2025-09-11T22:44:13.000Z,0001197649,S,11547.0,0.0,0.0,1.0
0001197649-25-000031,2025-09-11T22:44:13.000Z,0001197649,S,8519.0,0.0,0.0,1.0
0001197649-25-000031,2025-09-11T22:44:13.000Z,0001197649,S,661.0,0.0,0.0,1.0
0001197649-25-000031,2025-09-11T22:44:13.000Z,0001197649,S,10739.0,0.0,0.0,1.0
0001197649-25-000031,2025-09-11T22:44:13.000Z,0001197649,S,27517.0,0.0,0.0,1.0
0001197649-25-000031,2025-09-11T22:44:13.000Z,0001197649,S,29952.0,0.0,0.0,1.0
0001197649-25-000031,2025-09-11T22:44:13.000Z,0001197649,S,6792.0,0.0,0.0,1.0
0001197649-25-000031,2025-09-11T22:44:13.000Z,0001197649,S,32834.0,0.0,0.0,1.0
0001197649-25-000031,2025-09-11T22:44:13.000Z,0001197649,S,37975.0,0.0,0.0,1.0
0001197649-25-000031,2025-09-11T22:44:13.000Z,0001197649,S,1919.0,0.0,0.0,1.0
0001197649-25-000031,2025-09-11T22:44:13.000Z,0001197649,S,2272.0,0.0,0.0,1.0
0001415889-25-024119,2025-09-10T21:42:52.000Z,,-,,,,
0001197649-25-000029,2025-09-08T23:31:02.000Z,0001197649,S,22848.0,0.0,0.0,1.0
0001197649-25-000029,2025-09-08T23:31:02.000Z,0001197649,S,49673.0,0.0,0.0,1.0
0001197649-25-000029,2025-09-08T23:31:02.000Z,0001197649,S,2479.0,0.0,0.0,1.0
0001197649-25-000029,2025-09-08T23:31:02.000Z,0001197649,S,7088.0,0.0,0.0,1.0
0001197649-25-000029,2025-09-08T23:31:02.000Z,0001197649,S,13692.0,0.0,0.0,1.0
0001197649-25-000029,2025-09-08T23:31:02.000Z,0001197649,S,42767.0,0.0,0.0,1.0
0001197649-25-000029,2025-09-08T23:31:02.000Z,0001197649,S,8624.0,0.0,0.0,1.0
0001197649-25-000029,2025-09-08T23:31:02.000Z,0001197649,S,2829.0,0.0,0.0,1.0
0001197649-25-000029,2025-09-08T23:31:02.000Z,0001197649,S,5006.0,0.0,0.0,1.0
0001197649-25-000029,2025-09-08T23:31:02.000Z,0001197649,S,15794.0,0.0,0.0,1.0
0001197649-25-000029,2025-09-08T23:31:02.000Z,0001197649,S,52820.0,0.0,0.0,1.0
0001197649-25-000029,2025-09-08T23:31:02.000Z,0001197649,S,1380.0,0.0,0.0,1.0
0001219888-25-000005,2025-09-04T21:00:16.000Z,0001219888,S,72000.0,0.0,0.0,0.0
0001219888-25-000005,2025-09-04T21:00:16.000Z,0001219888,S,18000.0,172.0,3096000.0,0.0
0001283854-25-000004,2025-09-04T00:44:02.000Z,,-,,,,
0001197652-25-000005,2025-09-04T00:40:46.000Z,,-,,,,
0001768670-25-000005,2025-09-04T00:36:53.000Z,,-,,,,
0001197649-25-000027,2025-09-04T00:31:52.000Z,0001197649,S,32488.0,0.0,0.0,1.0
0001197649-25-000027,2025-09-04T00:31:52.000Z,0001197649,S,34773.0,0.0,0.0,1.0
0001197649-25-000027,2025-09-04T00:31:52.000Z,0001197649,S,2860.0,0.0,0.0,1.0
0001197649-25-000027,2025-09-04T00:31:52.000Z,0001197649,S,3509.0,0.0,0.0,1.0
0001197649-25-000027,2025-09-04T00:31:52.000Z,0001197649,S,1370.0,0.0,0.0,1.0
0001197649-25-000027,2025-09-04T00:31:52.000Z,0001197649,S,9391.0,0.0,0.0,1.0
0001197649-25-000027,2025-09-04T00:31:52.000Z,0001197649,S,23316.0,0.0,0.0,1.0
0001197649-25-000027,2025-09-04T00:31:52.000Z,0001197649,S,19876.0,0.0,0.0,1.0
0001197649-25-000027,2025-09-04T00:31:52.000Z,0001197649,S,17540.0,0.0,0.0,1.0
0001197649-25-000027,2025-09-04T00:31:52.000Z,0001197649,S,4877.0,0.0,0.0,1.0
0001197649-25-000027,2025-09-04T00:31:52.000Z,0001197649,S,16955.0,0.0,0.0,1.0
0001197649-25-000027,2025-09-04T00:31:52.000Z,0001197649,S,21785.0,0.0,0.0,1.0
0001197649-25-000027,2025-09-04T00:31:52.000Z,0001197649,S,32641.0,0.0,0.0,1.0
0001197649-25-000027,2025-09-04T00:31:52.000Z,0001197649,S,3619.0,0.0,0.0,1.0
0001197649-25-000025,2025-08-18T20:59:27.000Z,0001197649,S,2311.0,0.0,0.0,1.0
0001197649-25-000025,2025-08-18T20:59:27.000Z,0001197649,S,14673.0,0.0,0.0,1.0
0001197649-25-000025,2025-08-18T20:59:27.000Z,0001197649,S,53466.0,0.0,0.0,1.0
0001197649-25-000025,2025-08-18T20:59:27.000Z,0001197649,S,4550.0,0.0,0.0,1.0
0001197649-25-000025,2025-08-18T20:59:27.000Z,0001197649,S,11883.0,0.0,0.0,1.0
0001197649-25-000025,2025-08-18T20:59:27.000Z,0001197649,S,45688.0,0.0,0.0,1.0
0001197649-25-000025,2025-08-18T20:59:27.000Z,0001197649,S,15479.0,0.0,0.0,1.0
0001197649-25-000025,2025-08-18T20:59:27.000Z,0001197649,S,1950.0,0.0,0.0,1.0
0001197649-25-000023,2025-08-13T23:33:05.000Z,0001197649,S,3995.0,0.0,0.0,1.0
0001197649-25-000023,2025-08-13T23:33:05.000Z,0001197649,S,12903.0,0.0,0.0,1.0
0001197649-25-000023,2025-08-13T23:33:05.000Z,0001197649,S,46436.0,0.0,0.0,1.0
0001197649-25-000023,2025-08-13T23:33:05.000Z,0001197649,S,11666.0,0.0,0.0,1.0
0001197649-25-000023,2025-08-13T23:33:05.000Z,0001197649,S,3952.0,0.0,0.0,1.0
0001197649-25-000023,2025-08-13T23:33:05.000Z,0001197649,S,16093.0,0.0,0.0,1.0
0001197649-25-000023,2025-08-13T23:33:05.000Z,0001197649,S,29095.0,0.0,0.0,1.0
0001197649-25-000023,2025-08-13T23:33:05.000Z,0001197649,S,25860.0,0.0,0.0,1.0
0001197649-25-000023,2025-08-13T23:33:05.000Z,0001197649,S,14148.0,0.0,0.0,1.0
0001197649-25-000023,2025-08-13T23:33:05.000Z,0001197649,S,26758.0,0.0,0.0,1.0
0001197649-25-000023,2025-08-13T23:33:05.000Z,0001197649,S,20553.0,0.0,0.0,1.0
0001197649-25-000023,2025-08-13T23:33:05.000Z,0001197649,S,9958.0,0.0,0.0,1.0
0001197649-25-000023,2025-08-13T23:33:05.000Z,0001197649,S,3583.0,0.0,0.0,1.0
0001197649-25-000021,2025-08-08T21:51:05.000Z,0001197649,S,4809.0,0.0,0.0,1.0
0001197649-25-000021,2025-08-08T21:51:05.000Z,0001197649,S,28725.0,0.0,0.0,1.0
0001197649-25-000021,2025-08-08T21:51:05.000Z,0001197649,S,29382.0,0.0,0.0,1.0
0001197649-25-000021,2025-08-08T21:51:05.000Z,0001197649,S,12084.0,0.0,0.0,1.0
0001197649-25-000021,2025-08-08T21:51:05.000Z,0001197649,S,13294.0,0.0,0.0,1.0
0001197649-25-000021,2025-08-08T21:51:05.000Z,0001197649,S,17356.0,0.0,0.0,1.0
0001197649-25-000021,2025-08-08T21:51:05.000Z,0001197649,S,13894.0,0.0,0.0,1.0
0001197649-25-000021,2025-08-08T21:51:05.000Z,0001197649,S,18770.0,0.0,0.0,1.0
0001197649-25-000021,2025-08-08T21:51:05.000Z,0001197649,S,11686.0,0.0,0.0,1.0
0001197649-25-000021,2025-08-08T21:51:05.000Z,0001197649,S,4683.0,0.0,0.0,1.0
0001197649-25-000021,2025-08-08T21:51:05.000Z,0001197649,S,29416.0,0.0,0.0,1.0
0001197649-25-000021,2025-08-08T21:51:05.000Z,0001197649,S,40901.0,0.0,0.0,1.0
0001588670-25-000006,2025-08-06T23:19:31.000Z,0001588670,S,1235.0,0.0,0.0,1.0
0001588670-25-000006,2025-08-06T23:19:31.000Z,0001588670,S,2076.0,0.0,0.0,1.0
0001588670-25-000006,2025-08-06T23:19:31.000Z,0001588670,S,6871.0,0.0,0.0,1.0
0001588670-25-000006,2025-08-06T23:19:31.000Z,0001588670,S,5328.0,0.0,0.0,1.0
0001588670-25-000006,2025-08-06T23:19:31.000Z,0001588670,S,10857.0,0.0,0.0,1.0
0001588670-25-000006,2025-08-06T23:19:31.000Z,0001588670,S,1273.0,0.0,0.0,1.0
0001588670-25-000006,2025-08-06T23:19:31.000Z,0001588670,S,441.0,0.0,0.0,1.0
0001588670-25-000006,2025-08-06T23:19:31.000Z,0001588670,S,738.0,0.0,0.0,1.0
0001588670-25-000006,2025-08-06T23:19:31.000Z,0001588670,S,2463.0,0.0,0.0,1.0
0001588670-25-000006,2025-08-06T23:19:31.000Z,0001588670,S,2009.0,0.0,0.0,1.0
0001588670-25-000006,2025-08-06T23:19:31.000Z,0001588670,S,3883.0,0.0,0.0,1.0
0001588670-25-000006,2025-08-06T23:19:31.000Z,0001588670,S,466.0,0.0,0.0,1.0
0001588670-25-000006,2025-08-06T23:19:31.000Z,0001588670,S,429.0,0.0,0.0,1.0
0001588670-25-000006,2025-08-06T23:19:31.000Z,0001588670,S,722.0,0.0,0.0,1.0
0001588670-25-000006,2025-08-06T23:19:31.000Z,0001588670,S,2424.0,0.0,0.0,1.0
0001588670-25-000006,2025-08-06T23:19:31.000Z,0001588670,S,2136.0,0.0,0.0,1.0
0001588670-25-000006,2025-08-06T23:19:31.000Z,0001588670,S,3825.0,0.0,0.0,1.0
0001588670-25-000006,2025-08-06T23:19:31.000Z,0001588670,S,464.0,0.0,0.0,1.0
0001197649-25-000019,2025-08-05T23:30:52.000Z,0001197649,S,4067.0,0.0,0.0,1.0
0001197649-25-000019,2025-08-05T23:30:52.000Z,0001197649,S,10946.0,0.0,0.0,1.0
0001197649-25-000019,2025-08-05T23:30:52.000Z,0001197649,S,24897.0,0.0,0.0,1.0
0001197649-25-000019,2025-08-05T23:30:52.000Z,0001197649,S,17001.0,0.0,0.0,1.0
0001197649-25-000019,2025-08-05T23:30:52.000Z,0001197649,S,13030.0,0.0,0.0,1.0
0001197649-25-000019,2025-08-05T23:30:52.000Z,0001197649,S,5059.0,0.0,0.0,1.0
0001197649-25-000019,2025-08-05T23:30:52.000Z,0001197649,S,3187.0,0.0,0.0,1.0
0001197649-25-000019,2025-08-05T23:30:52.000Z,0001197649,S,6221.0,0.0,0.0,1.0
0001197649-25-000019,2025-08-05T23:30:52.000Z,0001197649,S,20670.0,0.0,0.0,1.0
0001197649-25-000019,2025-08-05T23:30:52.000Z,0001197649,S,12243.0,0.0,0.0,1.0
0001197649-25-000019,2025-08-05T23:30:52.000Z,0001197649,S,30197.0,0.0,0.0,1.0
0001197649-25-000019,2025-08-05T23:30:52.000Z,0001197649,S,2482.0,0.0,0.0,1.0
0001197649-25-000019,2025-08-05T23:30:52.000Z,0001197649,S,7876.0,0.0,0.0,1.0
0001197649-25-000019,2025-08-05T23:30:52.000Z,0001197649,S,21460.0,0.0,0.0,1.0
0001197649-25-000019,2025-08-05T23:30:52.000Z,0001197649,S,30466.0,0.0,0.0,1.0
0001197649-25-000019,2025-08-05T23:30:52.000Z,0001197649,S,13567.0,0.0,0.0,1.0
0001197649-25-000019,2025-08-05T23:30:52.000Z,0001197649,S,1631.0,0.0,0.0,1.0
0001197649-25-000017,2025-07-31T23:37:43.000Z,0001197649,S,22617.0,0.0,0.0,1.0
0001197649-25-000017,2025-07-31T23:37:43.000Z,0001197649,S,23643.0,0.0,0.0,1.0
0001197649-25-000017,2025-07-31T23:37:43.000Z,0001197649,S,8234.0,0.0,0.0,1.0
0001197649-25-000017,2025-07-31T23:37:43.000Z,0001197649,S,20062.0,0.0,0.0,1.0
0001197649-25-000017,2025-07-31T23:37:43.000Z,0001197649,S,444.0,0.0,0.0,1.0
0001197649-25-000017,2025-07-31T23:37:43.000Z,0001197649,S,2241.0,0.0,0.0,1.0
0001197649-25-000017,2025-07-31T23:37:43.000Z,0001197649,S,11141.0,0.0,0.0,1.0
0001197649-25-000017,2025-07-31T23:37:43.000Z,0001197649,S,37774.0,0.0,0.0,1.0
0001197649-25-000017,2025-07-31T23:37:43.000Z,0001197649,S,23844.0,0.0,0.0,1.0
0001197649-25-000017,2025-07-31T23:37:43.000Z,0001197649,S,1958.0,0.0,0.0,1.0
0001197649-25-000017,2025-07-31T23:37:43.000Z,0001197649,S,19623.0,0.0,0.0,1.0
0001197649-25-000017,2025-07-31T23:37:43.000Z,0001197649,S,3947.0,0.0,0.0,1.0
0001197649-25-000017,2025-07-31T23:37:43.000Z,0001197649,S,11204.0,0.0,0.0,1.0
0001197649-25-000017,2025-07-31T23:37:43.000Z,0001197649,S,17547.0,0.0,0.0,1.0
0001197649-25-000017,2025-07-31T23:37:43.000Z,0001197649,S,17768.0,0.0,0.0,1.0
0001197649-25-000017,2025-07-31T23:37:43.000Z,0001197649,S,2953.0,0.0,0.0,1.0
0001197649-25-000014,2025-07-28T22:56:40.000Z,0001197649,S,13798.0,0.0,0.0,1.0
0001197649-25-000014,2025-07-28T22:56:40.000Z,0001197649,S,34909.0,0.0,0.0,1.0
0001197649-25-000014,2025-07-28T22:56:40.000Z,0001197649,S,26293.0,0.0,0.0,1.0
0001197649-25-000014,2025-07-28T22:56:40.000Z,0001197649,S,46701.0,0.0,0.0,1.0
0001197649-25-000014,2025-07-28T22:56:40.000Z,0001197649,S,28299.0,0.0,0.0,1.0
0001197649-25-000014,2025-07-28T22:56:40.000Z,0001197649,S,36083.0,0.0,0.0,1.0
0001197649-25-000014,2025-07-28T22:56:40.000Z,0001197649,S,33967.0,0.0,0.0,1.0
0001197649-25-000014,2025-07-28T22:56:40.000Z,0001197649,S,4950.0,0.0,0.0,1.0
0001197649-25-000012,2025-07-23T22:46:29.000Z,0001197649,S,22769.0,0.0,0.0,1.0
0001197649-25-000012,2025-07-23T22:46:29.000Z,0001197649,S,51901.0,0.0,0.0,1.0
0001197649-25-000012,2025-07-23T22:46:29.000Z,0001197649,S,330.0,0.0,0.0,1.0
0001197649-25-000012,2025-07-23T22:46:29.000Z,0001197649,S,2390.0,0.0,0.0,1.0
0001197649-25-000012,2025-07-23T22:46:29.000Z,0001197649,S,8414.0,0.0,0.0,1.0
0001197649-25-000012,2025-07-23T22:46:29.000Z,0001197649,S,16041.0,0.0,0.0,1.0
0001197649-25-000012,2025-07-23T22:46:29.000Z,0001197649,S,43439.0,0.0,0.0,1.0
0001197649-25-000012,2025-07-23T22:46:29.000Z,0001197649,S,3356.0,0.0,0.0,1.0
0001197649-25-000012,2025-07-23T22:46:29.000Z,0001197649,S,843.0,0.0,0.0,1.0
0001197649-25-000012,2025-07-23T22:46:29.000Z,0001197649,S,517.0,0.0,0.0,1.0
0001197649-25-000012,2025-07-23T22:46:29.000Z,0001197649,S,23208.0,0.0,0.0,1.0
0001197649-25-000012,2025-07-23T22:46:29.000Z,0001197649,S,31123.0,0.0,0.0,1.0
0001197649-25-000012,2025-07-23T22:46:29.000Z,0001197649,S,20329.0,0.0,0.0,1.0
0001197649-25-000012,2025-07-23T22:46:29.000Z,0001197649,S,340.0,0.0,0.0,1.0
0001197649-25-000010,2025-07-18T23:20:07.000Z,0001197649,S,8171.0,0.0,0.0,1.0
0001197649-25-000010,2025-07-18T23:20:07.000Z,0001197649,S,44727.0,0.0,0.0,1.0
0001197649-25-000010,2025-07-18T23:20:07.000Z,0001197649,S,22102.0,0.0,0.0,1.0
0001197649-25-000010,2025-07-18T23:20:07.000Z,0001197649,S,6853.0,0.0,0.0,1.0
0001197649-25-000010,2025-07-18T23:20:07.000Z,0001197649,S,13610.0,0.0,0.0,1.0
0001197649-25-000010,2025-07-18T23:20:07.000Z,0001197649,S,53807.0,0.0,0.0,1.0
0001197649-25-000010,2025-07-18T23:20:07.000Z,0001197649,S,730.0,0.0,0.0,1.0
0001197649-25-000010,2025-07-18T23:20:07.000Z,0001197649,S,32909.0,0.0,0.0,1.0
0001197649-25-000010,2025-07-18T23:20:07.000Z,0001197649,S,27225.0,0.0,0.0,1.0
0001197649-25-000010,2025-07-18T23:20:07.000Z,0001197649,S,14866.0,0.0,0.0,1.0
0001588670-25-000003,2025-07-18T00:46:11.000Z,0001588670,S,4933.0,0.0,0.0,1.0
0001588670-25-000003,2025-07-18T00:46:11.000Z,0001588670,S,18527.0,0.0,0.0,1.0
0001588670-25-000003,2025-07-18T00:46:11.000Z,0001588670,S,4190.0,0.0,0.0,1.0
0001588670-25-000003,2025-07-18T00:46:11.000Z,0001588670,S,1777.0,0.0,0.0,1.0
0001588670-25-000003,2025-07-18T00:46:11.000Z,0001588670,S,6720.0,0.0,0.0,1.0
0001588670-25-000003,2025-07-18T00:46:11.000Z,0001588670,S,1503.0,0.0,0.0,1.0
0001588670-25-000003,2025-07-18T00:46:11.000Z,0001588670,S,1785.0,0.0,0.0,1.0
0001588670-25-000003,2025-07-18T00:46:11.000Z,0001588670,S,6693.0,0.0,0.0,1.0
0001588670-25-000003,2025-07-18T00:46:11.000Z,0001588670,S,1522.0,0.0,0.0,1.0
0001045810-25-000190,2025-07-15T22:04:31.000Z,0001197652,S,2562.0,0.0,0.0,1.0
0001045810-25-000190,2025-07-15T22:04:31.000Z,0001197652,S,8883.0,0.0,0.0,1.0
0001045810-25-000190,2025-07-15T22:04:31.000Z,0001197652,S,21838.0,0.0,0.0,1.0
0001045810-25-000190,2025-07-15T22:04:31.000Z,0001197652,S,13979.0,0.0,0.0,1.0
0001045810-25-000190,2025-07-15T22:04:31.000Z,0001197652,S,850.0,0.0,0.0,1.0
0001045810-25-000190,2025-07-15T22:04:31.000Z,0001197652,S,5984.0,0.0,0.0,1.0
0001045810-25-000190,2025-07-15T22:04:31.000Z,0001197652,S,22798.0,0.0,0.0,1.0
0001045810-25-000190,2025-07-15T22:04:31.000Z,0001197652,S,16326.0,0.0,0.0,1.0
0001045810-25-000190,2025-07-15T22:04:31.000Z,0001197652,S,3684.0,0.0,0.0,1.0
0001197649-25-000008,2025-07-15T22:00:17.000Z,0001197649,S,2550.0,0.0,0.0,1.0
0001197649-25-000008,2025-07-15T22:00:17.000Z,0001197649,S,23547.0,0.0,0.0,1.0
0001197649-25-000008,2025-07-15T22:00:17.000Z,0001197649,S,36807.0,0.0,0.0,1.0
0001197649-25-000008,2025-07-15T22:00:17.000Z,0001197649,S,11324.0,0.0,0.0,1.0
0001197649-25-000008,2025-07-15T22:00:17.000Z,0001197649,S,772.0,0.0,0.0,1.0
0001197649-25-000008,2025-07-15T22:00:17.000Z,0001197649,S,4941.0,0.0,0.0,1.0
0001197649-25-000008,2025-07-15T22:00:17.000Z,0001197649,S,19824.0,0.0,0.0,1.0
0001197649-25-000008,2025-07-15T22:00:17.000Z,0001197649,S,44176.0,0.0,0.0,1.0
0001197649-25-000008,2025-07-15T22:00:17.000Z,0001197649,S,6059.0,0.0,0.0,1.0
0001197649-25-000008,2025-07-15T22:00:17.000Z,0001197649,S,9940.0,0.0,0.0,1.0
0001197649-25-000008,2025-07-15T22:00:17.000Z,0001197649,S,42447.0,0.0,0.0,1.0
0001197649-25-000008,2025-07-15T22:00:17.000Z,0001197649,S,22613.0,0.0,0.0,1.0
0001197649-25-000006,2025-07-10T23:30:00.000Z,0001197649,S,41182.0,0.0,0.0,1.0
0001197649-25-000006,2025-07-10T23:30:00.000Z,0001197649,S,33818.0,0.0,0.0,1.0
0001197649-25-000006,2025-07-10T23:30:00.000Z,0001197649,S,1302.0,0.0,0.0,1.0
0001197649-25-000006,2025-07-10T23:30:00.000Z,0001197649,S,49324.0,0.0,0.0,1.0
0001197649-25-000006,2025-07-10T23:30:00.000Z,0001197649,S,24031.0,0.0,0.0,1.0
0001197649-25-000006,2025-07-10T23:30:00.000Z,0001197649,S,343.0,0.0,0.0,1.0
0001197649-25-000006,2025-07-10T23:30:00.000Z,0001197649,S,18386.0,0.0,0.0,1.0
0001197649-25-000006,2025-07-10T23:30:00.000Z,0001197649,S,29285.0,0.0,0.0,1.0
0001197649-25-000006,2025-07-10T23:30:00.000Z,0001197649,S,27329.0,0.0,0.0,1.0
0001045810-25-000188,2025-07-10T23:26:38.000Z,0001197652,S,49595.0,0.0,0.0,1.0
0001045810-25-000188,2025-07-10T23:26:38.000Z,0001197652,S,705.0,0.0,0.0,1.0
0001045810-25-000188,2025-07-10T23:26:38.000Z,0001197652,S,19922.0,0.0,0.0,1.0
0001045810-25-000188,2025-07-10T23:26:38.000Z,0001197652,S,28199.0,0.0,0.0,1.0
0001045810-25-000188,2025-07-10T23:26:38.000Z,0001197652,S,850.0,0.0,0.0,1.0
0001045810-25-000188,2025-07-10T23:26:38.000Z,0001197652,S,22292.0,0.0,0.0,1.0
0001045810-25-000188,2025-07-10T23:26:38.000Z,0001197652,S,21333.0,0.0,0.0,1.0
0001045810-25-000188,2025-07-10T23:26:38.000Z,0001197652,S,5506.0,0.0,0.0,1.0
0001197649-25-000004,2025-07-08T00:33:46.000Z,0001197649,S,1856.0,0.0,0.0,1.0
0001197649-25-000004,2025-07-08T00:33:46.000Z,0001197649,S,10638.0,0.0,0.0,1.0
0001197649-25-000004,2025-07-08T00:33:46.000Z,0001197649,S,5675.0,0.0,0.0,1.0
0001197649-25-000004,2025-07-08T00:33:46.000Z,0001197649,S,36662.0,0.0,0.0,1.0
0001197649-25-000004,2025-07-08T00:33:46.000Z,0001197649,S,20169.0,0.0,0.0,1.0
0001197649-25-000004,2025-07-08T00:33:46.000Z,0001197649,S,17324.0,0.0,0.0,1.0
0001197649-25-000004,2025-07-08T00:33:46.000Z,0001197649,S,42970.0,0.0,0.0,1.0
0001197649-25-000004,2025-07-08T00:33:46.000Z,0001197649,S,13758.0,0.0,0.0,1.0
0001197649-25-000004,2025-07-08T00:33:46.000Z,0001197649,S,948.0,0.0,0.0,1.0
0001197649-25-000004,2025-07-08T00:33:46.000Z,0001197649,S,46971.0,0.0,0.0,1.0
0001197649-25-000004,2025-07-08T00:33:46.000Z,0001197649,S,28029.0,0.0,0.0,1.0
0001045810-25-000186,2025-07-08T00:29:56.000Z,0001197652,S,4180.0,0.0,0.0,1.0
0001045810-25-000186,2025-07-08T00:29:56.000Z,0001197652,S,16042.0,0.0,0.0,1.0
0001045810-25-000186,2025-07-08T00:29:56.000Z,0001197652,S,9379.0,0.0,0.0,1.0
0001045810-25-000186,2025-07-08T00:29:56.000Z,0001197652,S,19128.0,0.0,0.0,1.0
0001045810-25-000186,2025-07-08T00:29:56.000Z,0001197652,S,2682.0,0.0,0.0,1.0
0001045810-25-000186,2025-07-08T00:29:56.000Z,0001197652,S,25738.0,0.0,0.0,1.0
0001045810-25-000186,2025-07-08T00:29:56.000Z,0001197652,S,24776.0,0.0,0.0,1.0
0001045810-25-000183,2025-07-01T23:40:37.000Z,0001197652,S,20463.0,0.0,0.0,1.0
0001045810-25-000183,2025-07-01T23:40:37.000Z,0001197652,S,26519.0,0.0,0.0,1.0
0001045810-25-000183,2025-07-01T23:40:37.000Z,0001197652,S,3930.0,0.0,0.0,1.0
0001045810-25-000183,2025-07-01T23:40:37.000Z,0001197652,S,6194.0,0.0,0.0,1.0
0001045810-25-000183,2025-07-01T23:40:37.000Z,0001197652,S,14391.0,0.0,0.0,1.0
0001045810-25-000183,2025-07-01T23:40:37.000Z,0001197652,S,3590.0,0.0,0.0,1.0
0001045810-25-000183,2025-07-01T23:40:37.000Z,0001197652,S,3224.0,0.0,0.0,1.0
0001045810-25-000183,2025-07-01T23:40:37.000Z,0001197652,S,22318.0,0.0,0.0,1.0
0001045810-25-000183,2025-07-01T23:40:37.000Z,0001197652,S,2023.0,0.0,0.0,1.0
0001045810-25-000182,2025-07-01T23:35:22.000Z,0001197649,S,17774.0,0.0,0.0,1.0
0001045810-25-000182,2025-07-01T23:35:22.000Z,0001197649,S,27574.0,0.0,0.0,1.0
0001045810-25-000182,2025-07-01T23:35:22.000Z,0001197649,S,26947.0,0.0,0.0,1.0
0001045810-25-000182,2025-07-01T23:35:22.000Z,0001197649,S,2705.0,0.0,0.0,1.0
0001045810-25-000182,2025-07-01T23:35:22.000Z,0001197649,S,19624.0,0.0,0.0,1.0
0001045810-25-000182,2025-07-01T23:35:22.000Z,0001197649,S,49070.0,0.0,0.0,1.0
0001045810-25-000182,2025-07-01T23:35:22.000Z,0001197649,S,6306.0,0.0,0.0,1.0
0001045810-25-000182,2025-07-01T23:35:22.000Z,0001197649,S,4497.0,0.0,0.0,1.0
0001045810-25-000182,2025-07-01T23:35:22.000Z,0001197649,S,14104.0,0.0,0.0,1.0
0001045810-25-000182,2025-07-01T23:35:22.000Z,0001197649,S,21050.0,0.0,0.0,1.0
0001045810-25-000182,2025-07-01T23:35:22.000Z,0001197649,S,18612.0,0.0,0.0,1.0
0001045810-25-000182,2025-07-01T23:35:22.000Z,0001197649,S,12561.0,0.0,0.0,1.0
0001045810-25-000182,2025-07-01T23:35:22.000Z,0001197649,S,4176.0,0.0,0.0,1.0
0001225208-25-006216,2025-06-30T21:18:58.000Z,,-,,,,
0001045810-25-000178,2025-06-30T21:09:14.000Z,,-,,,,
0001045810-25-000177,2025-06-30T21:06:35.000Z,,-,,,,
0001045810-25-000176,2025-06-30T21:04:42.000Z,,-,,,,
0001045810-25-000175,2025-06-30T21:02:48.000Z,,-,,,,
0001045810-25-000174,2025-06-30T21:00:42.000Z,,-,,,,
0001045810-25-000173,2025-06-30T20:58:27.000Z,,-,,,,
0001045810-25-000172,2025-06-30T20:56:24.000Z,,-,,,,
0001045810-25-000171,2025-06-30T20:54:11.000Z,,-,,,,
0001045810-25-000170,2025-06-30T20:51:44.000Z,,-,,,,
0001045810-25-000169,2025-06-30T20:49:06.000Z,,-,,,,
0001045810-25-000168,2025-06-30T20:45:24.000Z,,-,,,,
0001045810-25-000152,2025-06-27T22:21:51.000Z,0001347842,S,5955.0,0.0,0.0,1.0
0001045810-25-000152,2025-06-27T22:21:51.000Z,0001347842,S,53013.0,0.0,0.0,1.0
0001045810-25-000152,2025-06-27T22:21:51.000Z,0001347842,S,40619.0,0.0,0.0,1.0
0001045810-25-000152,2025-06-27T22:21:51.000Z,0001347842,S,65420.0,0.0,0.0,1.0
0001045810-25-000152,2025-06-27T22:21:51.000Z,0001347842,S,3188.0,0.0,0.0,1.0
0001045810-25-000151,2025-06-27T22:15:26.000Z,0001197652,S,6892.0,0.0,0.0,1.0
0001045810-25-000151,2025-06-27T22:15:26.000Z,0001197652,S,10967.0,0.0,0.0,1.0
0001045810-25-000151,2025-06-27T22:15:26.000Z,0001197652,S,28055.0,0.0,0.0,1.0
0001045810-25-000151,2025-06-27T22:15:26.000Z,0001197652,S,6860.0,0.0,0.0,1.0
0001045810-25-000151,2025-06-27T22:15:26.000Z,0001197652,S,13561.0,0.0,0.0,1.0
0001045810-25-000151,2025-06-27T22:15:26.000Z,0001197652,S,27941.0,0.0,0.0,1.0
0001045810-25-000151,2025-06-27T22:15:26.000Z,0001197652,S,9953.0,0.0,0.0,1.0
0001045810-25-000151,2025-06-27T22:15:26.000Z,0001197652,S,14355.0,0.0,0.0,1.0
0001045810-25-000151,2025-06-27T22:15:26.000Z,0001197652,S,18411.0,0.0,0.0,1.0
0001045810-25-000151,2025-06-27T22:15:26.000Z,0001197652,S,13013.0,0.0,0.0,1.0
0001045810-25-000151,2025-06-27T22:15:26.000Z,0001197652,S,5201.0,0.0,0.0,1.0
0001045810-25-000148,2025-06-26T23:42:32.000Z,0001197649,S,4918.0,0.0,0.0,1.0
0001045810-25-000148,2025-06-26T23:42:32.000Z,0001197649,S,42013.0,0.0,0.0,1.0
0001045810-25-000148,2025-06-26T23:42:32.000Z,0001197649,S,3069.0,0.0,0.0,1.0
0001045810-25-000148,2025-06-26T23:42:32.000Z,0001197649,S,3043.0,0.0,0.0,1.0
0001045810-25-000148,2025-06-26T23:42:32.000Z,0001197649,S,6429.0,0.0,0.0,1.0
0001045810-25-000148,2025-06-26T23:42:32.000Z,0001197649,S,24866.0,0.0,0.0,1.0
0001045810-25-000148,2025-06-26T23:42:32.000Z,0001197649,S,11499.0,0.0,0.0,1.0
0001045810-25-000148,2025-06-26T23:42:32.000Z,0001197649,S,28277.0,0.0,0.0,1.0
0001045810-25-000148,2025-06-26T23:42:32.000Z,0001197649,S,886.0,0.0,0.0,1.0
0001045810-25-000148,2025-06-26T23:42:32.000Z,0001197649,S,11324.0,0.0,0.0,1.0
0001045810-25-000148,2025-06-26T23:42:32.000Z,0001197649,S,54331.0,0.0,0.0,1.0
0001045810-25-000148,2025-06-26T23:42:32.000Z,0001197649,S,9345.0,0.0,0.0,1.0
0001045810-25-000146,2025-06-24T22:29:50.000Z,0001197652,S,8674.0,0.0,0.0,1.0
0001045810-25-000146,2025-06-24T22:29:50.000Z,0001197652,S,17844.0,0.0,0.0,1.0
0001045810-25-000146,2025-06-24T22:29:50.000Z,0001197652,S,20921.0,0.0,0.0,1.0
0001045810-25-000146,2025-06-24T22:29:50.000Z,0001197652,S,7843.0,0.0,0.0,1.0
0001045810-25-000146,2025-06-24T22:29:50.000Z,0001197652,S,9956.0,0.0,0.0,1.0
0001045810-25-000146,2025-06-24T22:29:50.000Z,0001197652,S,45725.0,0.0,0.0,1.0
0001045810-25-000146,2025-06-24T22:29:50.000Z,0001197652,S,12834.0,0.0,0.0,1.0
0001045810-25-000146,2025-06-24T22:29:50.000Z,0001197652,S,40781.0,0.0,0.0,1.0
0001045810-25-000146,2025-06-24T22:29:50.000Z,0001197652,S,852.0,0.0,0.0,1.0
0001045810-25-000144,2025-06-23T22:54:01.000Z,0001199039,S,608248.0,0.0,0.0,0.0
0001045810-25-000143,2025-06-23T22:49:34.000Z,0001197649,S,10232.0,0.0,0.0,1.0
0001045810-25-000143,2025-06-23T22:49:34.000Z,0001197649,S,27563.0,0.0,0.0,1.0
0001045810-25-000143,2025-06-23T22:49:34.000Z,0001197649,S,8691.0,0.0,0.0,1.0
0001045810-25-000143,2025-06-23T22:49:34.000Z,0001197649,S,3514.0,0.0,0.0,1.0
0001045810-25-000143,2025-06-23T22:49:34.000Z,0001197649,S,4937.0,0.0,0.0,1.0
0001045810-25-000143,2025-06-23T22:49:34.000Z,0001197649,S,33194.0,0.0,0.0,1.0
0001045810-25-000143,2025-06-23T22:49:34.000Z,0001197649,S,11869.0,0.0,0.0,1.0
0001045810-25-000141,2025-06-23T22:42:55.000Z,,-,,,,
0001045810-25-000140,2025-06-23T22:40:05.000Z,0001588670,S,9340.0,0.0,0.0,1.0
0001045810-25-000140,2025-06-23T22:40:05.000Z,0001588670,S,14578.0,0.0,0.0,1.0
0001045810-25-000140,2025-06-23T22:40:05.000Z,0001588670,S,5043.0,0.0,0.0,1.0
0001045810-25-000140,2025-06-23T22:40:05.000Z,0001588670,S,1539.0,0.0,0.0,1.0
0001045810-25-000140,2025-06-23T22:40:05.000Z,0001588670,S,3051.0,0.0,0.0,1.0
0001045810-25-000140,2025-06-23T22:40:05.000Z,0001588670,S,4797.0,0.0,0.0,1.0
0001045810-25-000140,2025-06-23T22:40:05.000Z,0001588670,S,1662.0,0.0,0.0,1.0
0001045810-25-000140,2025-06-23T22:40:05.000Z,0001588670,S,490.0,0.0,0.0,1.0
0001045810-25-000140,2025-06-23T22:40:05.000Z,0001588670,S,3020.0,0.0,0.0,1.0
0001045810-25-000140,2025-06-23T22:40:05.000Z,0001588670,S,4839.0,0.0,0.0,1.0
0001045810-25-000140,2025-06-23T22:40:05.000Z,0001588670,S,1699.0,0.0,0.0,1.0
0001045810-25-000140,2025-06-23T22:40:05.000Z,0001588670,S,442.0,0.0,0.0,1.0
0001045810-25-000139,2025-06-23T22:37:14.000Z,,-,,,,
0001045810-25-000138,2025-06-23T22:34:26.000Z,,-,,,,
0001526111-25-000003,2025-06-23T22:27:51.000Z,0001526111,S,4500.0,0.0,0.0,1.0
0001225208-25-005831,2025-06-10T23:20:54.000Z,0001197647,S,1000000.0,0.0,0.0,0.0
0001045810-25-000130,2025-06-10T21:53:40.000Z,0001199039,S,168849.0,0.0,0.0,0.0
0001045810-25-000130,2025-06-10T21:53:40.000Z,0001199039,S,190000.0,0.0,0.0,0.0
0001045810-25-000128,2025-06-04T21:59:40.000Z,,-,,,,
0001045810-25-000127,2025-06-04T21:54:36.000Z,0001199039,S,125836.0,0.0,0.0,0.0
0001045810-25-000127,2025-06-04T21:54:36.000Z,0001199039,S,935000.0,0.0,0.0,0.0
0001045810-25-000124,2025-06-03T20:35:16.000Z,0001198782,S,50000.0,0.0,0.0,0.0
0001045810-25-000123,2025-06-03T20:32:07.000Z,0001818224,S,660.0,138.8,91608.00000000001,1.0
0001045810-25-000074,2025-03-25T21:21:46.000Z,0001526111,S,1900.0,0.0,0.0,1.0
0001045810-25-000074,2025-03-25T21:21:46.000Z,0001526111,S,2300.0,0.0,0.0,1.0
0001045810-25-000074,2025-03-25T21:21:46.000Z,0001526111,S,300.0,0.0,0.0,1.0
0001045810-25-000072,2025-03-22T00:47:44.000Z,,-,,,,
0001045810-25-000071,2025-03-22T00:44:59.000Z,0001725292,S,2300.0,0.0,0.0,1.0
0001045810-25-000071,2025-03-22T00:44:59.000Z,0001725292,S,9224.0,0.0,0.0,1.0
0001045810-25-000071,2025-03-22T00:44:59.000Z,0001725292,S,8476.0,0.0,0.0,1.0
0001045810-25-000069,2025-03-22T00:42:35.000Z,0001588670,S,22950.0,0.0,0.0,1.0
0001045810-25-000069,2025-03-22T00:42:35.000Z,0001588670,S,39963.0,0.0,0.0,1.0
0001045810-25-000069,2025-03-22T00:42:35.000Z,0001588670,S,3747.0,0.0,0.0,1.0
0001045810-25-000068,2025-03-22T00:41:35.000Z,,-,,,,
0001045810-25-000067,2025-03-22T00:40:22.000Z,,-,,,,
0001045810-25-000066,2025-03-22T00:39:09.000Z,,-,,,,
0001045810-25-000065,2025-03-22T00:37:34.000Z,,-,,,,
0001045810-25-000056,2025-03-17T22:00:44.000Z,0001198782,S,53324.0,0.0,0.0,0.0
0001045810-25-000052,2025-03-12T22:57:27.000Z,,-,,,,
0001045810-25-000051,2025-03-12T22:56:51.000Z,,-,,,,
0001045810-25-000050,2025-03-12T22:55:55.000Z,,-,,,,
0001045810-25-000049,2025-03-12T22:55:19.000Z,,-,,,,
0001045810-25-000048,2025-03-12T22:53:31.000Z,,-,,,,
0001045810-25-000047,2025-03-12T22:52:48.000Z,0001818224,S,2663.0,110.0,292930.0,1.0
0001045810-25-000037,2025-03-06T01:41:33.000Z,,-,,,,
0001045810-25-000036,2025-03-06T01:40:26.000Z,,-,,,,
0001045810-25-000035,2025-03-06T01:38:30.000Z,,-,,,,
0001045810-25-000034,2025-03-06T01:37:41.000Z,,-,,,,
0001045810-25-000033,2025-03-06T01:35:53.000Z,,-,,,,
0001045810-25-000027,2025-03-04T21:54:48.000Z,,-,,,,
0001045810-25-000002,2025-01-08T23:04:06.000Z,0001347842,S,12500.0,0.0,0.0,1.0
0001045810-25-000002,2025-01-08T23:04:06.000Z,0001347842,S,23772.0,0.0,0.0,1.0
0001045810-25-000002,2025-01-08T23:04:06.000Z,0001347842,S,190.0,0.0,0.0,1.0
0001045810-25-000002,2025-01-08T23:04:06.000Z,0001347842,S,96.0,0.0,0.0,1.0
0001045810-25-000002,2025-01-08T23:04:06.000Z,0001347842,S,48.0,0.0,0.0,1.0
0001045810-25-000002,2025-01-08T23:04:06.000Z,0001347842,S,89.0,0.0,0.0,1.0
0001045810-24-000337,2024-12-20T23:18:52.000Z,,-,,,,
0001225208-24-010914,2024-12-18T22:42:41.000Z,0001197647,S,18591.0,0.0,0.0,0.0
0001225208-24-010914,2024-12-18T22:42:41.000Z,0001197647,S,244176.0,0.0,0.0,0.0
0001225208-24-010914,2024-12-18T22:42:41.000Z,0001197647,S,737233.0,0.0,0.0,0.0
0001045810-24-000335,2024-12-14T00:52:48.000Z,0001588670,S,10602.0,0.0,0.0,1.0
0001045810-24-000335,2024-12-14T00:52:48.000Z,0001588670,S,28003.0,0.0,0.0,1.0
0001045810-24-000335,2024-12-14T00:52:48.000Z,0001588670,S,3384.0,0.0,0.0,1.0
0001045810-24-000335,2024-12-14T00:52:48.000Z,0001588670,S,2618.0,0.0,0.0,1.0
0001045810-24-000335,2024-12-14T00:52:48.000Z,0001588670,S,3074.0,0.0,0.0,1.0
0001045810-24-000335,2024-12-14T00:52:48.000Z,0001588670,S,13330.0,0.0,0.0,1.0
0001045810-24-000335,2024-12-14T00:52:48.000Z,0001588670,S,5659.0,0.0,0.0,1.0
0001045810-24-000333,2024-12-14T00:51:10.000Z,,-,,,,
0001045810-24-000332,2024-12-14T00:50:30.000Z,,-,,,,
0001045810-24-000331,2024-12-14T00:49:55.000Z,,-,,,,
0001045810-24-000330,2024-12-14T00:48:11.000Z,0001526111,S,800.0,0.0,0.0,1.0
0001045810-24-000330,2024-12-14T00:48:11.000Z,0001526111,S,1994.0,0.0,0.0,1.0
0001045810-24-000330,2024-12-14T00:48:11.000Z,0001526111,S,300.0,0.0,0.0,1.0
0001045810-24-000330,2024-12-14T00:48:11.000Z,0001526111,S,200.0,0.0,0.0,1.0
0001045810-24-000330,2024-12-14T00:48:11.000Z,0001526111,S,706.0,0.0,0.0,1.0
0001045810-24-000330,2024-12-14T00:48:11.000Z,0001526111,S,500.0,0.0,0.0,1.0
0001045810-24-000327,2024-12-14T00:45:59.000Z,,-,,,,
0001045810-24-000320,2024-12-10T02:27:20.000Z,,-,,,,
0001045810-24-000318,2024-11-27T21:59:12.000Z,0001818224,S,716.0,142.0,101672.0,1.0
0001045810-24-000298,2024-10-11T21:42:48.000Z,0001199039,S,155000.0,0.0,0.0,0.0
0001045810-24-000296,2024-10-07T21:27:24.000Z,0001199039,S,125000.0,0.0,0.0,0.0
0001045810-24-000294,2024-10-01T20:19:18.000Z,0001199039,S,40000.0,0.0,0.0,0.0
0001045810-24-000292,2024-09-26T21:22:24.000Z,0001199039,S,165100.0,0.0,0.0,0.0
0001045810-24-000290,2024-09-24T20:12:39.000Z,,-,,,,
0001225208-24-008806,2024-09-23T20:45:44.000Z,0001197647,S,1000000.0,0.0,0.0,0.0
0001225208-24-008806,2024-09-23T20:45:44.000Z,0001197647,S,202978.0,0.0,0.0,0.0
0001225208-24-008806,2024-09-23T20:45:44.000Z,0001197647,S,797022.0,0.0,0.0,0.0
0001045810-24-000288,2024-09-21T01:14:53.000Z,,-,,,,
0001045810-24-000287,2024-09-21T01:13:45.000Z,,-,,,,
0001045810-24-000286,2024-09-21T01:11:52.000Z,,-,,,,
0001045810-24-000284,2024-09-21T01:11:08.000Z,0001526111,S,0.0,0.0,0.0,1.0
0001045810-24-000284,2024-09-21T01:11:08.000Z,0001526111,S,0.0,0.0,0.0,1.0
0001045810-24-000284,2024-09-21T01:11:08.000Z,0001526111,S,0.0,0.0,0.0,1.0
0001045810-24-000283,2024-09-21T01:10:31.000Z,0001588670,S,45510.0,0.0,0.0,1.0
0001045810-24-000283,2024-09-21T01:10:31.000Z,0001588670,S,14291.0,0.0,0.0,1.0
0001045810-24-000283,2024-09-21T01:10:31.000Z,0001588670,S,6869.0,0.0,0.0,1.0
0001045810-24-000281,2024-09-21T01:09:29.000Z,,-,,,,
0001045810-24-000274,2024-09-16T20:22:22.000Z,0001197649,S,1296.0,0.0,0.0,1.0
0001045810-24-000274,2024-09-16T20:22:22.000Z,0001197649,S,7818.0,0.0,0.0,1.0
0001045810-24-000274,2024-09-16T20:22:22.000Z,0001197649,S,12474.0,0.0,0.0,1.0
0001045810-24-000274,2024-09-16T20:22:22.000Z,0001197649,S,28767.0,0.0,0.0,1.0
0001045810-24-000274,2024-09-16T20:22:22.000Z,0001197649,S,51208.0,0.0,0.0,1.0
0001045810-24-000274,2024-09-16T20:22:22.000Z,0001197649,S,18437.0,0.0,0.0,1.0
0001045810-24-000274,2024-09-16T20:22:22.000Z,0001197649,S,539.0,0.0,0.0,1.0
0001045810-24-000274,2024-09-16T20:22:22.000Z,0001197649,S,64318.0,0.0,0.0,1.0
0001045810-24-000274,2024-09-16T20:22:22.000Z,0001197649,S,55143.0,0.0,0.0,1.0
0001045810-24-000272,2024-09-13T00:04:47.000Z,0001197649,S,126.0,104.99,13228.74,1.0
0001045810-24-000272,2024-09-13T00:04:47.000Z,0001197649,S,14411.0,0.0,0.0,1.0
0001045810-24-000272,2024-09-13T00:04:47.000Z,0001197649,S,39272.0,0.0,0.0,1.0
0001045810-24-000272,2024-09-13T00:04:47.000Z,0001197649,S,59590.0,0.0,0.0,1.0
0001045810-24-000272,2024-09-13T00:04:47.000Z,0001197649,S,5501.0,0.0,0.0,1.0
0001045810-24-000272,2024-09-13T00:04:47.000Z,0001197649,S,1100.0,0.0,0.0,1.0
0001045810-24-000272,2024-09-13T00:04:47.000Z,0001197649,S,3821.0,0.0,0.0,1.0
0001045810-24-000272,2024-09-13T00:04:47.000Z,0001197649,S,14310.0,0.0,0.0,1.0
0001045810-24-000272,2024-09-13T00:04:47.000Z,0001197649,S,19230.0,0.0,0.0,1.0
0001045810-24-000272,2024-09-13T00:04:47.000Z,0001197649,S,19087.0,0.0,0.0,1.0
0001045810-24-000272,2024-09-13T00:04:47.000Z,0001197649,S,11400.0,0.0,0.0,1.0
0001045810-24-000272,2024-09-13T00:04:47.000Z,0001197649,S,12763.0,0.0,0.0,1.0
0001045810-24-000272,2024-09-13T00:04:47.000Z,0001197649,S,6916.0,0.0,0.0,1.0
0001045810-24-000272,2024-09-13T00:04:47.000Z,0001197649,S,11914.0,0.0,0.0,1.0
0001045810-24-000272,2024-09-13T00:04:47.000Z,0001197649,S,11258.0,0.0,0.0,1.0
0001045810-24-000272,2024-09-13T00:04:47.000Z,0001197649,S,8437.0,0.0,0.0,1.0
0001045810-24-000272,2024-09-13T00:04:47.000Z,0001197649,S,864.0,0.0,0.0,1.0
0001045810-24-000270,2024-09-10T22:52:09.000Z,0001197649,S,70.0,100.99,7069.299999999999,1.0
0001045810-24-000270,2024-09-10T22:52:09.000Z,0001197649,S,15831.0,0.0,0.0,1.0
0001045810-24-000270,2024-09-10T22:52:09.000Z,0001197649,S,48502.0,0.0,0.0,1.0
0001045810-24-000270,2024-09-10T22:52:09.000Z,0001197649,S,22625.0,0.0,0.0,1.0
0001045810-24-000270,2024-09-10T22:52:09.000Z,0001197649,S,12371.0,0.0,0.0,1.0
0001045810-24-000270,2024-09-10T22:52:09.000Z,0001197649,S,10622.0,0.0,0.0,1.0
0001045810-24-000270,2024-09-10T22:52:09.000Z,0001197649,S,3953.0,0.0,0.0,1.0
0001045810-24-000270,2024-09-10T22:52:09.000Z,0001197649,S,5794.0,0.0,0.0,1.0
0001045810-24-000270,2024-09-10T22:52:09.000Z,0001197649,S,232.0,108.0,25056.0,1.0
0001045810-24-000270,2024-09-10T22:52:09.000Z,0001197649,S,3077.0,0.0,0.0,1.0
0001045810-24-000270,2024-09-10T22:52:09.000Z,0001197649,S,27423.0,0.0,0.0,1.0
0001045810-24-000270,2024-09-10T22:52:09.000Z,0001197649,S,70982.0,0.0,0.0,1.0
0001045810-24-000270,2024-09-10T22:52:09.000Z,0001197649,S,18518.0,0.0,0.0,1.0
0001045810-24-000268,2024-09-06T20:45:28.000Z,0001197649,S,2937.0,0.0,0.0,1.0
0001045810-24-000268,2024-09-06T20:45:28.000Z,0001197649,S,17575.0,0.0,0.0,1.0
0001045810-24-000268,2024-09-06T20:45:28.000Z,0001197649,S,20522.0,0.0,0.0,1.0
0001045810-24-000268,2024-09-06T20:45:28.000Z,0001197649,S,24264.0,0.0,0.0,1.0
0001045810-24-000268,2024-09-06T20:45:28.000Z,0001197649,S,34465.0,0.0,0.0,1.0
0001045810-24-000268,2024-09-06T20:45:28.000Z,0001197649,S,20237.0,0.0,0.0,1.0
0001045810-24-000268,2024-09-06T20:45:28.000Z,0001197649,S,201.0,104.88,21080.879999999997,1.0
0001045810-24-000268,2024-09-06T20:45:28.000Z,0001197649,S,3093.0,0.0,0.0,1.0
0001045810-24-000268,2024-09-06T20:45:28.000Z,0001197649,S,37421.0,0.0,0.0,1.0
0001045810-24-000268,2024-09-06T20:45:28.000Z,0001197649,S,45904.0,0.0,0.0,1.0
0001045810-24-000268,2024-09-06T20:45:28.000Z,0001197649,S,26289.0,0.0,0.0,1.0
0001045810-24-000268,2024-09-06T20:45:28.000Z,0001197649,S,7092.0,0.0,0.0,1.0
0001045810-24-000266,2024-09-04T21:23:42.000Z,0001197649,S,8241.0,0.0,0.0,1.0
0001045810-24-000266,2024-09-04T21:23:42.000Z,0001197649,S,63072.0,0.0,0.0,1.0
0001045810-24-000266,2024-09-04T21:23:42.000Z,0001197649,S,29012.0,0.0,0.0,1.0
0001045810-24-000266,2024-09-04T21:23:42.000Z,0001197649,S,16149.0,0.0,0.0,1.0
0001045810-24-000266,2024-09-04T21:23:42.000Z,0001197649,S,3526.0,0.0,0.0,1.0
0001045810-24-000266,2024-09-04T21:23:42.000Z,0001197649,S,4129.0,0.0,0.0,1.0
0001045810-24-000266,2024-09-04T21:23:42.000Z,0001197649,S,22425.0,0.0,0.0,1.0
0001045810-24-000266,2024-09-04T21:23:42.000Z,0001197649,S,8596.0,0.0,0.0,1.0
0001045810-24-000266,2024-09-04T21:23:42.000Z,0001197649,S,38949.0,0.0,0.0,1.0
0001045810-24-000266,2024-09-04T21:23:42.000Z,0001197649,S,11653.0,0.0,0.0,1.0
0001045810-24-000266,2024-09-04T21:23:42.000Z,0001197649,S,18770.0,0.0,0.0,1.0
0001045810-24-000266,2024-09-04T21:23:42.000Z,0001197649,S,12023.0,0.0,0.0,1.0
0001045810-24-000266,2024-09-04T21:23:42.000Z,0001197649,S,1587.0,0.0,0.0,1.0
0001045810-24-000266,2024-09-04T21:23:42.000Z,0001197649,S,1158.0,0.0,0.0,1.0
0001045810-24-000266,2024-09-04T21:23:42.000Z,0001197649,S,710.0,0.0,0.0,1.0
0001045810-24-000253,2024-08-12T21:06:03.000Z,0001197649,S,903.0,0.0,0.0,1.0
0001045810-24-000253,2024-08-12T21:06:03.000Z,0001197649,S,2822.0,0.0,0.0,1.0
0001045810-24-000253,2024-08-12T21:06:03.000Z,0001197649,S,5776.0,0.0,0.0,1.0
0001045810-24-000253,2024-08-12T21:06:03.000Z,0001197649,S,12299.0,0.0,0.0,1.0
0001045810-24-000253,2024-08-12T21:06:03.000Z,0001197649,S,17577.0,0.0,0.0,1.0
0001045810-24-000253,2024-08-12T21:06:03.000Z,0001197649,S,19969.0,0.0,0.0,1.0
0001045810-24-000253,2024-08-12T21:06:03.000Z,0001197649,S,22811.0,0.0,0.0,1.0
0001045810-24-000253,2024-08-12T21:06:03.000Z,0001197649,S,26423.0,0.0,0.0,1.0
0001045810-24-000253,2024-08-12T21:06:03.000Z,0001197649,S,11420.0,0.0,0.0,1.0
0001045810-24-000253,2024-08-12T21:06:03.000Z,0001197649,S,7146.0,0.0,0.0,1.0
0001045810-24-000253,2024-08-12T21:06:03.000Z,0001197649,S,69715.0,0.0,0.0,1.0
0001045810-24-000253,2024-08-12T21:06:03.000Z,0001197649,S,40875.0,0.0,0.0,1.0
0001045810-24-000253,2024-08-12T21:06:03.000Z,0001197649,S,2264.0,0.0,0.0,1.0
0001045810-24-000251,2024-08-08T21:02:45.000Z,0001197649,S,1105.0,0.0,0.0,1.0
0001045810-24-000251,2024-08-08T21:02:45.000Z,0001197649,S,4041.0,0.0,0.0,1.0
0001045810-24-000251,2024-08-08T21:02:45.000Z,0001197649,S,7420.0,0.0,0.0,1.0
0001045810-24-000251,2024-08-08T21:02:45.000Z,0001197649,S,14756.0,0.0,0.0,1.0
0001045810-24-000251,2024-08-08T21:02:45.000Z,0001197649,S,26389.0,0.0,0.0,1.0
0001045810-24-000251,2024-08-08T21:02:45.000Z,0001197649,S,26891.0,0.0,0.0,1.0
0001045810-24-000251,2024-08-08T21:02:45.000Z,0001197649,S,27946.0,0.0,0.0,1.0
0001045810-24-000251,2024-08-08T21:02:45.000Z,0001197649,S,11452.0,0.0,0.0,1.0
0001045810-24-000251,2024-08-08T21:02:45.000Z,0001197649,S,1801.0,0.0,0.0,1.0
0001045810-24-000251,2024-08-08T21:02:45.000Z,0001197649,S,9415.0,0.0,0.0,1.0
0001045810-24-000251,2024-08-08T21:02:45.000Z,0001197649,S,16466.0,0.0,0.0,1.0
0001045810-24-000251,2024-08-08T21:02:45.000Z,0001197649,S,4910.0,0.0,0.0,1.0
0001045810-24-000251,2024-08-08T21:02:45.000Z,0001197649,S,10801.0,0.0,0.0,1.0
0001045810-24-000251,2024-08-08T21:02:45.000Z,0001197649,S,14563.0,0.0,0.0,1.0
0001045810-24-000251,2024-08-08T21:02:45.000Z,0001197649,S,14564.0,0.0,0.0,1.0
0001045810-24-000251,2024-08-08T21:02:45.000Z,0001197649,S,19721.0,0.0,0.0,1.0
0001045810-24-000251,2024-08-08T21:02:45.000Z,0001197649,S,10883.0,0.0,0.0,1.0
0001045810-24-000251,2024-08-08T21:02:45.000Z,0001197649,S,12904.0,0.0,0.0,1.0
0001045810-24-000251,2024-08-08T21:02:45.000Z,0001197649,S,3972.0,0.0,0.0,1.0
0001045810-24-000249,2024-08-06T20:20:51.000Z,0001197649,S,2726.0,0.0,0.0,1.0
0001045810-24-000249,2024-08-06T20:20:51.000Z,0001197649,S,7439.0,0.0,0.0,1.0
0001045810-24-000249,2024-08-06T20:20:51.000Z,0001197649,S,14350.0,0.0,0.0,1.0
0001045810-24-000249,2024-08-06T20:20:51.000Z,0001197649,S,20574.0,0.0,0.0,1.0
0001045810-24-000249,2024-08-06T20:20:51.000Z,0001197649,S,38774.0,0.0,0.0,1.0
0001045810-24-000249,2024-08-06T20:20:51.000Z,0001197649,S,23410.0,0.0,0.0,1.0
0001045810-24-000249,2024-08-06T20:20:51.000Z,0001197649,S,10820.0,0.0,0.0,1.0
0001045810-24-000249,2024-08-06T20:20:51.000Z,0001197649,S,1907.0,0.0,0.0,1.0
0001045810-24-000249,2024-08-06T20:20:51.000Z,0001197649,S,641.0,0.0,0.0,1.0
0001045810-24-000249,2024-08-06T20:20:51.000Z,0001197649,S,1908.0,0.0,0.0,1.0
0001045810-24-000249,2024-08-06T20:20:51.000Z,0001197649,S,605.0,0.0,0.0,1.0
0001045810-24-000249,2024-08-06T20:20:51.000Z,0001197649,S,921.0,0.0,0.0,1.0
0001045810-24-000249,2024-08-06T20:20:51.000Z,0001197649,S,2505.0,0.0,0.0,1.0
0001045810-24-000249,2024-08-06T20:20:51.000Z,0001197649,S,3476.0,0.0,0.0,1.0
0001045810-24-000249,2024-08-06T20:20:51.000Z,0001197649,S,1777.0,0.0,0.0,1.0
0001045810-24-000249,2024-08-06T20:20:51.000Z,0001197649,S,9541.0,0.0,0.0,1.0
0001045810-24-000249,2024-08-06T20:20:51.000Z,0001197649,S,35866.0,0.0,0.0,1.0
0001045810-24-000249,2024-08-06T20:20:51.000Z,0001197649,S,33759.0,0.0,0.0,1.0
0001045810-24-000249,2024-08-06T20:20:51.000Z,0001197649,S,26349.0,0.0,0.0,1.0
0001045810-24-000249,2024-08-06T20:20:51.000Z,0001197649,S,2252.0,0.0,0.0,1.0
0001045810-24-000249,2024-08-06T20:20:51.000Z,0001197649,S,400.0,0.0,0.0,1.0
0001045810-24-000247,2024-08-02T20:45:57.000Z,0001197649,S,188.0,0.0,0.0,1.0
0001045810-24-000247,2024-08-02T20:45:57.000Z,0001197649,S,3995.0,0.0,0.0,1.0
0001045810-24-000247,2024-08-02T20:45:57.000Z,0001197649,S,3018.0,0.0,0.0,1.0
0001045810-24-000247,2024-08-02T20:45:57.000Z,0001197649,S,8003.0,0.0,0.0,1.0
0001045810-24-000247,2024-08-02T20:45:57.000Z,0001197649,S,26149.0,0.0,0.0,1.0
0001045810-24-000247,2024-08-02T20:45:57.000Z,0001197649,S,34076.0,0.0,0.0,1.0
0001045810-24-000247,2024-08-02T20:45:57.000Z,0001197649,S,22893.0,0.0,0.0,1.0
0001045810-24-000247,2024-08-02T20:45:57.000Z,0001197649,S,20531.0,0.0,0.0,1.0
0001045810-24-000247,2024-08-02T20:45:57.000Z,0001197649,S,1147.0,0.0,0.0,1.0
0001045810-24-000247,2024-08-02T20:45:57.000Z,0001197649,S,784.0,0.0,0.0,1.0
0001045810-24-000247,2024-08-02T20:45:57.000Z,0001197649,S,15107.0,0.0,0.0,1.0
0001045810-24-000247,2024-08-02T20:45:57.000Z,0001197649,S,17879.0,0.0,0.0,1.0
0001045810-24-000247,2024-08-02T20:45:57.000Z,0001197649,S,6532.0,0.0,0.0,1.0
0001045810-24-000247,2024-08-02T20:45:57.000Z,0001197649,S,3662.0,0.0,0.0,1.0
0001045810-24-000247,2024-08-02T20:45:57.000Z,0001197649,S,7449.0,0.0,0.0,1.0
0001045810-24-000247,2024-08-02T20:45:57.000Z,0001197649,S,7018.0,0.0,0.0,1.0
0001045810-24-000247,2024-08-02T20:45:57.000Z,0001197649,S,11044.0,0.0,0.0,1.0
0001045810-24-000247,2024-08-02T20:45:57.000Z,0001197649,S,10088.0,0.0,0.0,1.0
0001045810-24-000247,2024-08-02T20:45:57.000Z,0001197649,S,4052.0,0.0,0.0,1.0
0001045810-24-000247,2024-08-02T20:45:57.000Z,0001197649,S,4314.0,0.0,0.0,1.0
0001045810-24-000247,2024-08-02T20:45:57.000Z,0001197649,S,12130.0,0.0,0.0,1.0
0001045810-24-000247,2024-08-02T20:45:57.000Z,0001197649,S,12124.0,0.0,0.0,1.0
0001045810-24-000247,2024-08-02T20:45:57.000Z,0001197649,S,7219.0,0.0,0.0,1.0
0001045810-24-000247,2024-08-02T20:45:57.000Z,0001197649,S,598.0,0.0,0.0,1.0
0001045810-24-000245,2024-07-31T20:33:34.000Z,0001197649,S,23369.0,0.0,0.0,1.0
0001045810-24-000245,2024-07-31T20:33:34.000Z,0001197649,S,34315.0,0.0,0.0,1.0
0001045810-24-000245,2024-07-31T20:33:34.000Z,0001197649,S,22487.0,0.0,0.0,1.0
0001045810-24-000245,2024-07-31T20:33:34.000Z,0001197649,S,20817.0,0.0,0.0,1.0
0001045810-24-000245,2024-07-31T20:33:34.000Z,0001197649,S,17842.0,0.0,0.0,1.0
0001045810-24-000245,2024-07-31T20:33:34.000Z,0001197649,S,1170.0,0.0,0.0,1.0
0001045810-24-000245,2024-07-31T20:33:34.000Z,0001197649,S,1000.0,0.0,0.0,1.0
0001045810-24-000245,2024-07-31T20:33:34.000Z,0001197649,S,8794.0,0.0,0.0,1.0
0001045810-24-000245,2024-07-31T20:33:34.000Z,0001197649,S,32562.0,0.0,0.0,1.0
0001045810-24-000245,2024-07-31T20:33:34.000Z,0001197649,S,24594.0,0.0,0.0,1.0
0001045810-24-000245,2024-07-31T20:33:34.000Z,0001197649,S,8540.0,0.0,0.0,1.0
0001045810-24-000245,2024-07-31T20:33:34.000Z,0001197649,S,10485.0,0.0,0.0,1.0
0001045810-24-000245,2024-07-31T20:33:34.000Z,0001197649,S,14960.0,0.0,0.0,1.0
0001045810-24-000245,2024-07-31T20:33:34.000Z,0001197649,S,5995.0,0.0,0.0,1.0
0001045810-24-000245,2024-07-31T20:33:34.000Z,0001197649,S,1523.0,0.0,0.0,1.0
0001045810-24-000245,2024-07-31T20:33:34.000Z,0001197649,S,11547.0,0.0,0.0,1.0
0001045810-24-000243,2024-07-29T22:08:25.000Z,0001197649,S,1978.0,0.0,0.0,1.0
0001045810-24-000243,2024-07-29T22:08:25.000Z,0001197649,S,2751.0,0.0,0.0,1.0
0001045810-24-000243,2024-07-29T22:08:25.000Z,0001197649,S,4487.0,0.0,0.0,1.0
0001045810-24-000243,2024-07-29T22:08:25.000Z,0001197649,S,4369.0,0.0,0.0,1.0
0001045810-24-000243,2024-07-29T22:08:25.000Z,0001197649,S,4597.0,0.0,0.0,1.0
0001045810-24-000243,2024-07-29T22:08:25.000Z,0001197649,S,10062.0,0.0,0.0,1.0
0001045810-24-000243,2024-07-29T22:08:25.000Z,0001197649,S,13945.0,0.0,0.0,1.0
0001045810-24-000243,2024-07-29T22:08:25.000Z,0001197649,S,20036.0,0.0,0.0,1.0
0001045810-24-000243,2024-07-29T22:08:25.000Z,0001197649,S,33483.0,0.0,0.0,1.0
0001045810-24-000243,2024-07-29T22:08:25.000Z,0001197649,S,19117.0,0.0,0.0,1.0
0001045810-24-000243,2024-07-29T22:08:25.000Z,0001197649,S,5175.0,0.0,0.0,1.0
0001045810-24-000243,2024-07-29T22:08:25.000Z,0001197649,S,1093.0,0.0,0.0,1.0
0001045810-24-000243,2024-07-29T22:08:25.000Z,0001197649,S,40010.0,0.0,0.0,1.0
0001045810-24-000243,2024-07-29T22:08:25.000Z,0001197649,S,40254.0,0.0,0.0,1.0
0001045810-24-000243,2024-07-29T22:08:25.000Z,0001197649,S,29097.0,0.0,0.0,1.0
0001045810-24-000243,2024-07-29T22:08:25.000Z,0001197649,S,9546.0,0.0,0.0,1.0
0001045810-24-000239,2024-07-25T21:09:10.000Z,0001197649,S,44236.0,0.0,0.0,1.0
0001045810-24-000239,2024-07-25T21:09:10.000Z,0001197649,S,55031.0,0.0,0.0,1.0
0001045810-24-000239,2024-07-25T21:09:10.000Z,0001197649,S,20733.0,0.0,0.0,1.0
0001045810-24-000239,2024-07-25T21:09:10.000Z,0001197649,S,500.0,0.0,0.0,1.0
0001045810-24-000239,2024-07-25T21:09:10.000Z,0001197649,S,12202.0,0.0,0.0,1.0
0001045810-24-000239,2024-07-25T21:09:10.000Z,0001197649,S,13850.0,0.0,0.0,1.0
0001045810-24-000239,2024-07-25T21:09:10.000Z,0001197649,S,23424.0,0.0,0.0,1.0
0001045810-24-000239,2024-07-25T21:09:10.000Z,0001197649,S,22424.0,0.0,0.0,1.0
0001045810-24-000239,2024-07-25T21:09:10.000Z,0001197649,S,37801.0,0.0,0.0,1.0
0001045810-24-000239,2024-07-25T21:09:10.000Z,0001197649,S,9799.0,0.0,0.0,1.0
0001045810-24-000237,2024-07-23T20:54:36.000Z,0001197649,S,17307.0,0.0,0.0,1.0
0001045810-24-000237,2024-07-23T20:54:36.000Z,0001197649,S,44362.0,0.0,0.0,1.0
0001045810-24-000237,2024-07-23T20:54:36.000Z,0001197649,S,35282.0,0.0,0.0,1.0
0001045810-24-000237,2024-07-23T20:54:36.000Z,0001197649,S,20475.0,0.0,0.0,1.0
0001045810-24-000237,2024-07-23T20:54:36.000Z,0001197649,S,2574.0,0.0,0.0,1.0
0001045810-24-000237,2024-07-23T20:54:36.000Z,0001197649,S,300.0,0.0,0.0,1.0
0001045810-24-000237,2024-07-23T20:54:36.000Z,0001197649,S,15421.0,0.0,0.0,1.0
0001045810-24-000237,2024-07-23T20:54:36.000Z,0001197649,S,30698.0,0.0,0.0,1.0
0001045810-24-000237,2024-07-23T20:54:36.000Z,0001197649,S,44933.0,0.0,0.0,1.0
0001045810-24-000237,2024-07-23T20:54:36.000Z,0001197649,S,28334.0,0.0,0.0,1.0
0001045810-24-000237,2024-07-23T20:54:36.000Z,0001197649,S,314.0,0.0,0.0,1.0
0001045810-24-000234,2024-07-19T20:33:06.000Z,0001197649,S,800.0,0.0,0.0,1.0
0001045810-24-000234,2024-07-19T20:33:06.000Z,0001197649,S,10711.0,0.0,0.0,1.0
0001045810-24-000234,2024-07-19T20:33:06.000Z,0001197649,S,50730.0,0.0,0.0,1.0
0001045810-24-000234,2024-07-19T20:33:06.000Z,0001197649,S,33137.0,0.0,0.0,1.0
0001045810-24-000234,2024-07-19T20:33:06.000Z,0001197649,S,12559.0,0.0,0.0,1.0
0001045810-24-000234,2024-07-19T20:33:06.000Z,0001197649,S,12063.0,0.0,0.0,1.0
0001045810-24-000234,2024-07-19T20:33:06.000Z,0001197649,S,3441.0,0.0,0.0,1.0
0001045810-24-000234,2024-07-19T20:33:06.000Z,0001197649,S,6082.0,0.0,0.0,1.0
0001045810-24-000234,2024-07-19T20:33:06.000Z,0001197649,S,17314.0,0.0,0.0,1.0
0001045810-24-000234,2024-07-19T20:33:06.000Z,0001197649,S,30773.0,0.0,0.0,1.0
0001045810-24-000234,2024-07-19T20:33:06.000Z,0001197649,S,46075.0,0.0,0.0,1.0
0001045810-24-000234,2024-07-19T20:33:06.000Z,0001197649,S,14717.0,0.0,0.0,1.0
0001045810-24-000234,2024-07-19T20:33:06.000Z,0001197649,S,1598.0,0.0,0.0,1.0
0001045810-24-000232,2024-07-18T21:20:02.000Z,0001045810,P,0.0,0.0,0.0,0.0
0001045810-24-000226,2024-07-17T20:59:50.000Z,0001197649,S,21020.0,0.0,0.0,1.0
0001045810-24-000226,2024-07-17T20:59:50.000Z,0001197649,S,47986.0,0.0,0.0,1.0
0001045810-24-000226,2024-07-17T20:59:50.000Z,0001197649,S,31099.0,0.0,0.0,1.0
0001045810-24-000226,2024-07-17T20:59:50.000Z,0001197649,S,18681.0,0.0,0.0,1.0
0001045810-24-000226,2024-07-17T20:59:50.000Z,0001197649,S,1214.0,0.0,0.0,1.0
0001045810-24-000226,2024-07-17T20:59:50.000Z,0001197649,S,2032.0,0.0,0.0,1.0
0001045810-24-000226,2024-07-17T20:59:50.000Z,0001197649,S,47007.0,0.0,0.0,1.0
0001045810-24-000226,2024-07-17T20:59:50.000Z,0001197649,S,48576.0,0.0,0.0,1.0
0001045810-24-000226,2024-07-17T20:59:50.000Z,0001197649,S,9695.0,0.0,0.0,1.0
0001045810-24-000226,2024-07-17T20:59:50.000Z,0001197649,S,12590.0,0.0,0.0,1.0
0001045810-24-000226,2024-07-17T20:59:50.000Z,0001197649,S,100.0,129.01,12901.0,1.0
0001045810-24-000221,2024-07-15T20:59:37.000Z,0001199039,S,156023.0,0.0,0.0,0.0
0001045810-24-000220,2024-07-15T20:59:10.000Z,0001347842,S,4530.0,0.0,0.0,1.0
0001045810-24-000220,2024-07-15T20:59:10.000Z,0001347842,S,9996.0,0.0,0.0,1.0
0001045810-24-000220,2024-07-15T20:59:10.000Z,0001347842,S,26323.0,0.0,0.0,1.0
0001045810-24-000220,2024-07-15T20:59:10.000Z,0001347842,S,39651.0,0.0,0.0,1.0
0001045810-24-000220,2024-07-15T20:59:10.000Z,0001347842,S,19610.0,0.0,0.0,1.0
0001045810-24-000219,2024-07-15T20:58:41.000Z,0001197649,S,11338.0,0.0,0.0,1.0
0001045810-24-000219,2024-07-15T20:58:41.000Z,0001197649,S,34067.0,0.0,0.0,1.0
0001045810-24-000219,2024-07-15T20:58:41.000Z,0001197649,S,20834.0,0.0,0.0,1.0
0001045810-24-000219,2024-07-15T20:58:41.000Z,0001197649,S,12338.0,0.0,0.0,1.0
0001045810-24-000219,2024-07-15T20:58:41.000Z,0001197649,S,10005.0,0.0,0.0,1.0
0001045810-24-000219,2024-07-15T20:58:41.000Z,0001197649,S,2767.0,0.0,0.0,1.0
0001045810-24-000219,2024-07-15T20:58:41.000Z,0001197649,S,10990.0,0.0,0.0,1.0
0001045810-24-000219,2024-07-15T20:58:41.000Z,0001197649,S,13055.0,0.0,0.0,1.0
0001045810-24-000219,2024-07-15T20:58:41.000Z,0001197649,S,4506.0,0.0,0.0,1.0
0001045810-24-000219,2024-07-15T20:58:41.000Z,0001197649,S,100.0,136.0,13600.0,1.0
0001045810-24-000219,2024-07-15T20:58:41.000Z,0001197649,S,5383.0,0.0,0.0,1.0
0001045810-24-000219,2024-07-15T20:58:41.000Z,0001197649,S,13539.0,0.0,0.0,1.0
0001045810-24-000219,2024-07-15T20:58:41.000Z,0001197649,S,33761.0,0.0,0.0,1.0
0001045810-24-000219,2024-07-15T20:58:41.000Z,0001197649,S,47394.0,0.0,0.0,1.0
0001045810-24-000219,2024-07-15T20:58:41.000Z,0001197649,S,19923.0,0.0,0.0,1.0
0001045810-24-000215,2024-07-11T20:28:35.000Z,0001197649,S,325.0,0.0,0.0,1.0
0001045810-24-000215,2024-07-11T20:28:35.000Z,0001197649,S,6145.0,0.0,0.0,1.0
0001045810-24-000215,2024-07-11T20:28:35.000Z,0001197649,S,32827.0,0.0,0.0,1.0
0001045810-24-000215,2024-07-11T20:28:35.000Z,0001197649,S,46346.0,0.0,0.0,1.0
0001045810-24-000215,2024-07-11T20:28:35.000Z,0001197649,S,27148.0,0.0,0.0,1.0
0001045810-24-000215,2024-07-11T20:28:35.000Z,0001197649,S,7209.0,0.0,0.0,1.0
0001045810-24-000215,2024-07-11T20:28:35.000Z,0001197649,S,5252.0,0.0,0.0,1.0
0001045810-24-000215,2024-07-11T20:28:35.000Z,0001197649,S,41010.0,0.0,0.0,1.0
0001045810-24-000215,2024-07-11T20:28:35.000Z,0001197649,S,73638.0,0.0,0.0,1.0
0001045810-24-000215,2024-07-11T20:28:35.000Z,0001197649,S,100.0,135.07,13507.0,1.0
0001045810-24-000214,2024-07-11T20:27:26.000Z,0001199039,S,316092.0,0.0,0.0,0.0
0001045810-24-000214,2024-07-11T20:27:26.000Z,0001199039,S,68908.0,0.0,0.0,0.0
0001045810-24-000214,2024-07-11T20:27:26.000Z,0001199039,S,400000.0,0.0,0.0,0.0
0001045810-24-000211,2024-07-09T20:24:15.000Z,0001197649,S,1061.0,0.0,0.0,1.0
0001045810-24-000211,2024-07-09T20:24:15.000Z,0001197649,S,48981.0,0.0,0.0,1.0
0001045810-24-000211,2024-07-09T20:24:15.000Z,0001197649,S,64455.0,0.0,0.0,1.0
0001045810-24-000211,2024-07-09T20:24:15.000Z,0001197649,S,5503.0,0.0,0.0,1.0
0001045810-24-000211,2024-07-09T20:24:15.000Z,0001197649,S,23016.0,0.0,0.0,1.0
0001045810-24-000211,2024-07-09T20:24:15.000Z,0001197649,S,72615.0,0.0,0.0,1.0
0001045810-24-000211,2024-07-09T20:24:15.000Z,0001197649,S,15716.0,0.0,0.0,1.0
0001045810-24-000211,2024-07-09T20:24:15.000Z,0001197649,S,8653.0,0.0,0.0,1.0
0001045810-24-000209,2024-07-05T20:20:09.000Z,0001197649,S,37998.0,0.0,0.0,1.0
0001045810-24-000209,2024-07-05T20:20:09.000Z,0001197649,S,75208.0,0.0,0.0,1.0
0001045810-24-000209,2024-07-05T20:20:09.000Z,0001197649,S,6794.0,0.0,0.0,1.0
0001045810-24-000209,2024-07-05T20:20:09.000Z,0001197649,S,12485.0,0.0,0.0,1.0
0001045810-24-000209,2024-07-05T20:20:09.000Z,0001197649,S,48562.0,0.0,0.0,1.0
0001045810-24-000209,2024-07-05T20:20:09.000Z,0001197649,S,3306.0,0.0,0.0,1.0
0001045810-24-000209,2024-07-05T20:20:09.000Z,0001197649,S,4195.0,0.0,0.0,1.0
0001045810-24-000209,2024-07-05T20:20:09.000Z,0001197649,S,15243.0,0.0,0.0,1.0
0001045810-24-000209,2024-07-05T20:20:09.000Z,0001197649,S,7260.0,0.0,0.0,1.0
0001045810-24-000209,2024-07-05T20:20:09.000Z,0001197649,S,26322.0,0.0,0.0,1.0
0001045810-24-000209,2024-07-05T20:20:09.000Z,0001197649,S,2627.0,0.0,0.0,1.0
0001045810-24-000207,2024-07-02T22:08:48.000Z,0001197649,S,550.0,0.0,0.0,1.0
0001045810-24-000207,2024-07-02T22:08:48.000Z,0001197649,S,20330.0,0.0,0.0,1.0
0001045810-24-000207,2024-07-02T22:08:48.000Z,0001197649,S,45629.0,0.0,0.0,1.0
0001045810-24-000207,2024-07-02T22:08:48.000Z,0001197649,S,20877.0,0.0,0.0,1.0
0001045810-24-000207,2024-07-02T22:08:48.000Z,0001197649,S,25041.0,0.0,0.0,1.0
0001045810-24-000207,2024-07-02T22:08:48.000Z,0001197649,S,7573.0,0.0,0.0,1.0
0001045810-24-000207,2024-07-02T22:08:48.000Z,0001197649,S,200.0,0.0,0.0,1.0
0001045810-24-000207,2024-07-02T22:08:48.000Z,0001197649,S,5973.0,0.0,0.0,1.0
0001045810-24-000207,2024-07-02T22:08:48.000Z,0001197649,S,11226.0,0.0,0.0,1.0
0001045810-24-000207,2024-07-02T22:08:48.000Z,0001197649,S,20311.0,0.0,0.0,1.0
0001045810-24-000207,2024-07-02T22:08:48.000Z,0001197649,S,13949.0,0.0,0.0,1.0
0001045810-24-000207,2024-07-02T22:08:48.000Z,0001197649,S,37339.0,0.0,0.0,1.0
0001045810-24-000207,2024-07-02T22:08:48.000Z,0001197649,S,31002.0,0.0,0.0,1.0
0001225208-24-007115,2024-07-01T21:30:40.000Z,,-,,,,
0001045810-24-000202,2024-07-01T20:50:09.000Z,,-,,,,
0001045810-24-000201,2024-07-01T20:50:01.000Z,,-,,,,
0001045810-24-000200,2024-07-01T20:49:38.000Z,,-,,,,
0001045810-24-000199,2024-07-01T20:49:14.000Z,,-,,,,
0001045810-24-000198,2024-07-01T20:49:08.000Z,,-,,,,
0001045810-24-000197,2024-07-01T20:48:42.000Z,,-,,,,
0001045810-24-000196,2024-07-01T20:48:29.000Z,,-,,,,
0001045810-24-000195,2024-07-01T20:48:10.000Z,,-,,,,
0001045810-24-000194,2024-07-01T20:47:46.000Z,,-,,,,
0001045810-24-000193,2024-07-01T20:46:41.000Z,,-,,,,
0001045810-24-000181,2024-06-28T20:20:45.000Z,0001197649,S,1560.0,0.0,0.0,1.0
0001045810-24-000181,2024-06-28T20:20:45.000Z,0001197649,S,45036.0,0.0,0.0,1.0
0001045810-24-000181,2024-06-28T20:20:45.000Z,0001197649,S,24385.0,0.0,0.0,1.0
0001045810-24-000181,2024-06-28T20:20:45.000Z,0001197649,S,17263.0,0.0,0.0,1.0
0001045810-24-000181,2024-06-28T20:20:45.000Z,0001197649,S,18657.0,0.0,0.0,1.0
0001045810-24-000181,2024-06-28T20:20:45.000Z,0001197649,S,12699.0,0.0,0.0,1.0
0001045810-24-000181,2024-06-28T20:20:45.000Z,0001197649,S,400.0,0.0,0.0,1.0
0001045810-24-000181,2024-06-28T20:20:45.000Z,0001197649,S,200.0,0.0,0.0,1.0
0001045810-24-000181,2024-06-28T20:20:45.000Z,0001197649,S,30811.0,0.0,0.0,1.0
0001045810-24-000181,2024-06-28T20:20:45.000Z,0001197649,S,75300.0,0.0,0.0,1.0
0001045810-24-000181,2024-06-28T20:20:45.000Z,0001197649,S,12602.0,0.0,0.0,1.0
0001045810-24-000181,2024-06-28T20:20:45.000Z,0001197649,S,1087.0,0.0,0.0,1.0
0001045810-24-000179,2024-06-26T20:14:02.000Z,,-,,,,
0001045810-24-000177,2024-06-26T20:13:02.000Z,,-,,,,
0001045810-24-000176,2024-06-26T20:09:15.000Z,0001588670,S,12864.0,0.0,0.0,1.0
0001045810-24-000176,2024-06-26T20:09:15.000Z,0001588670,S,24506.0,0.0,0.0,1.0
0001045810-24-000176,2024-06-26T20:09:15.000Z,0001588670,S,28778.0,0.0,0.0,1.0
0001045810-24-000176,2024-06-26T20:09:15.000Z,0001588670,S,6670.0,0.0,0.0,1.0
0001045810-24-000176,2024-06-26T20:09:15.000Z,0001588670,S,13538.0,0.0,0.0,1.0
0001045810-24-000176,2024-06-26T20:09:15.000Z,0001588670,S,13044.0,0.0,0.0,1.0
0001045810-24-000176,2024-06-26T20:09:15.000Z,0001588670,S,600.0,0.0,0.0,1.0
0001045810-24-000176,2024-06-26T20:09:15.000Z,0001588670,S,3001.0,0.0,0.0,1.0
0001045810-24-000176,2024-06-26T20:09:15.000Z,0001588670,S,10964.0,0.0,0.0,1.0
0001045810-24-000176,2024-06-26T20:09:15.000Z,0001588670,S,25560.0,0.0,0.0,1.0
0001045810-24-000176,2024-06-26T20:09:15.000Z,0001588670,S,2850.0,0.0,0.0,1.0
0001045810-24-000176,2024-06-26T20:09:15.000Z,0001588670,S,16435.0,0.0,0.0,1.0
0001045810-24-000176,2024-06-26T20:09:15.000Z,0001588670,S,30430.0,0.0,0.0,1.0
0001045810-24-000176,2024-06-26T20:09:15.000Z,0001588670,S,10660.0,0.0,0.0,1.0
0001045810-24-000176,2024-06-26T20:09:15.000Z,0001588670,S,100.0,0.0,0.0,1.0
0001045810-24-000174,2024-06-26T20:08:01.000Z,0001197649,S,12159.0,0.0,0.0,1.0
0001045810-24-000174,2024-06-26T20:08:01.000Z,0001197649,S,30307.0,0.0,0.0,1.0
0001045810-24-000174,2024-06-26T20:08:01.000Z,0001197649,S,36169.0,0.0,0.0,1.0
0001045810-24-000174,2024-06-26T20:08:01.000Z,0001197649,S,9324.0,0.0,0.0,1.0
0001045810-24-000174,2024-06-26T20:08:01.000Z,0001197649,S,13952.0,0.0,0.0,1.0
0001045810-24-000174,2024-06-26T20:08:01.000Z,0001197649,S,16885.0,0.0,0.0,1.0
0001045810-24-000174,2024-06-26T20:08:01.000Z,0001197649,S,1204.0,0.0,0.0,1.0
0001045810-24-000174,2024-06-26T20:08:01.000Z,0001197649,S,1948.0,0.0,0.0,1.0
0001045810-24-000174,2024-06-26T20:08:01.000Z,0001197649,S,8194.0,0.0,0.0,1.0
0001045810-24-000174,2024-06-26T20:08:01.000Z,0001197649,S,29021.0,0.0,0.0,1.0
0001045810-24-000174,2024-06-26T20:08:01.000Z,0001197649,S,11089.0,0.0,0.0,1.0
0001045810-24-000174,2024-06-26T20:08:01.000Z,0001197649,S,9228.0,0.0,0.0,1.0
0001045810-24-000174,2024-06-26T20:08:01.000Z,0001197649,S,35500.0,0.0,0.0,1.0
0001045810-24-000174,2024-06-26T20:08:01.000Z,0001197649,S,19266.0,0.0,0.0,1.0
0001045810-24-000174,2024-06-26T20:08:01.000Z,0001197649,S,5754.0,0.0,0.0,1.0
0001045810-24-000170,2024-06-22T00:12:50.000Z,0001197649,S,822.0,0.0,0.0,1.0
0001045810-24-000170,2024-06-22T00:12:50.000Z,0001197649,S,7454.0,0.0,0.0,1.0
0001045810-24-000170,2024-06-22T00:12:50.000Z,0001197649,S,19931.0,0.0,0.0,1.0
0001045810-24-000170,2024-06-22T00:12:50.000Z,0001197649,S,15265.0,0.0,0.0,1.0
0001045810-24-000170,2024-06-22T00:12:50.000Z,0001197649,S,5555.0,0.0,0.0,1.0
0001045810-24-000170,2024-06-22T00:12:50.000Z,0001197649,S,1751.0,0.0,0.0,1.0
0001045810-24-000170,2024-06-22T00:12:50.000Z,0001197649,S,1462.0,0.0,0.0,1.0
0001045810-24-000170,2024-06-22T00:12:50.000Z,0001197649,S,4299.0,0.0,0.0,1.0
0001045810-24-000170,2024-06-22T00:12:50.000Z,0001197649,S,8902.0,0.0,0.0,1.0
0001045810-24-000170,2024-06-22T00:12:50.000Z,0001197649,S,25498.0,0.0,0.0,1.0
0001045810-24-000170,2024-06-22T00:12:50.000Z,0001197649,S,20837.0,0.0,0.0,1.0
0001045810-24-000170,2024-06-22T00:12:50.000Z,0001197649,S,8224.0,0.0,0.0,1.0
0001045810-24-000170,2024-06-22T00:12:50.000Z,0001197649,S,899.0,0.0,0.0,1.0
0001045810-24-000170,2024-06-22T00:12:50.000Z,0001197649,S,14073.0,0.0,0.0,1.0
0001045810-24-000170,2024-06-22T00:12:50.000Z,0001197649,S,56631.0,0.0,0.0,1.0
0001045810-24-000170,2024-06-22T00:12:50.000Z,0001197649,S,23763.0,0.0,0.0,1.0
0001045810-24-000170,2024-06-22T00:12:50.000Z,0001197649,S,13343.0,0.0,0.0,1.0
0001045810-24-000170,2024-06-22T00:12:50.000Z,0001197649,S,9538.0,0.0,0.0,1.0
0001045810-24-000170,2024-06-22T00:12:50.000Z,0001197649,S,1753.0,0.0,0.0,1.0
0001045810-24-000169,2024-06-22T00:05:10.000Z,0001588670,S,7384.0,0.0,0.0,1.0
0001045810-24-000169,2024-06-22T00:05:10.000Z,0001588670,S,48416.0,0.0,0.0,1.0
0001045810-24-000169,2024-06-22T00:05:10.000Z,0001588670,S,21930.0,0.0,0.0,1.0
0001045810-24-000169,2024-06-22T00:05:10.000Z,0001588670,S,11941.0,0.0,0.0,1.0
0001045810-24-000169,2024-06-22T00:05:10.000Z,0001588670,S,7529.0,0.0,0.0,1.0
0001045810-24-000169,2024-06-22T00:05:10.000Z,0001588670,S,2800.0,0.0,0.0,1.0
0001045810-24-000166,2024-06-21T21:00:16.000Z,,-,,,,
0001045810-24-000165,2024-06-21T20:50:27.000Z,,-,,,,
0001045810-24-000164,2024-06-21T20:35:53.000Z,0001526111,S,4500.0,128.1668,576750.6,1.0
0001045810-24-000163,2024-06-21T20:24:25.000Z,,-,,,,
0001045810-24-000157,2024-06-20T20:25:31.000Z,,-,,,,
0001045810-24-000155,2024-06-20T20:23:06.000Z,0001197649,S,655.0,0.0,0.0,1.0
0001045810-24-000155,2024-06-20T20:23:06.000Z,0001197649,S,24748.0,0.0,0.0,1.0
0001045810-24-000155,2024-06-20T20:23:06.000Z,0001197649,S,38788.0,0.0,0.0,1.0
0001045810-24-000155,2024-06-20T20:23:06.000Z,0001197649,S,49162.0,0.0,0.0,1.0
0001045810-24-000155,2024-06-20T20:23:06.000Z,0001197649,S,6647.0,0.0,0.0,1.0
0001045810-24-000155,2024-06-20T20:23:06.000Z,0001197649,S,905.0,0.0,0.0,1.0
0001045810-24-000155,2024-06-20T20:23:06.000Z,0001197649,S,16318.0,0.0,0.0,1.0
0001045810-24-000155,2024-06-20T20:23:06.000Z,0001197649,S,7255.0,0.0,0.0,1.0
0001045810-24-000155,2024-06-20T20:23:06.000Z,0001197649,S,33651.0,0.0,0.0,1.0
0001045810-24-000155,2024-06-20T20:23:06.000Z,0001197649,S,19078.0,0.0,0.0,1.0
0001045810-24-000155,2024-06-20T20:23:06.000Z,0001197649,S,38066.0,0.0,0.0,1.0
0001045810-24-000155,2024-06-20T20:23:06.000Z,0001197649,S,4727.0,0.0,0.0,1.0
0001045810-24-000153,2024-06-17T21:00:47.000Z,0001197649,S,15935.0,0.0,0.0,1.0
0001045810-24-000153,2024-06-17T21:00:47.000Z,0001197649,S,57977.0,0.0,0.0,1.0
0001045810-24-000153,2024-06-17T21:00:47.000Z,0001197649,S,46088.0,0.0,0.0,1.0
0001045810-24-000153,2024-06-17T21:00:47.000Z,0001197649,S,6125.0,0.0,0.0,1.0
0001045810-24-000153,2024-06-17T21:00:47.000Z,0001197649,S,12865.0,0.0,0.0,1.0
0001045810-24-000153,2024-06-17T21:00:47.000Z,0001197649,S,22908.0,0.0,0.0,1.0
0001045810-24-000153,2024-06-17T21:00:47.000Z,0001197649,S,62727.0,0.0,0.0,1.0
0001045810-24-000153,2024-06-17T21:00:47.000Z,0001197649,S,15375.0,0.0,0.0,1.0
0001045810-24-000151,2024-06-13T21:52:15.000Z,0001199039,S,150000.0,0.0,0.0,0.0
0001045810-24-000151,2024-06-13T21:52:15.000Z,0001199039,S,320000.0,0.0,0.0,0.0
0001415889-24-016244,2024-06-10T20:55:57.000Z,0001197647,S,1409.0,0.0,0.0,0.0
0001415889-24-016244,2024-06-10T20:55:57.000Z,0001197647,S,4008.0,0.0,0.0,0.0
0001415889-24-016244,2024-06-10T20:55:57.000Z,0001197647,S,20969.0,0.0,0.0,0.0
0001415889-24-016244,2024-06-10T20:55:57.000Z,0001197647,S,73614.0,0.0,0.0,0.0
0001045810-24-000149,2024-06-07T21:15:17.000Z,0001283854,S,300.0,0.0,0.0,1.0
0001045810-24-000149,2024-06-07T21:15:17.000Z,0001283854,S,200.0,0.0,0.0,1.0
0001045810-24-000149,2024-06-07T21:15:17.000Z,0001283854,S,215.0,0.0,0.0,1.0
0001045810-24-000148,2024-06-07T21:14:22.000Z,0001283854,S,100.0,1175.67,117567.0,1.0
0001045810-24-000148,2024-06-07T21:14:22.000Z,0001283854,S,100.0,1178.97,117897.0,1.0
0001045810-24-000148,2024-06-07T21:14:22.000Z,0001283854,S,400.0,0.0,0.0,1.0
0001045810-24-000148,2024-06-07T21:14:22.000Z,0001283854,S,100.0,1181.22,118122.0,1.0
0001045810-24-000148,2024-06-07T21:14:22.000Z,0001283854,S,400.0,0.0,0.0,1.0
0001045810-24-000148,2024-06-07T21:14:22.000Z,0001283854,S,200.0,0.0,0.0,1.0
0001045810-24-000148,2024-06-07T21:14:22.000Z,0001283854,S,300.0,0.0,0.0,1.0
0001045810-24-000148,2024-06-07T21:14:22.000Z,0001283854,S,100.0,1189.8,118980.0,1.0
0001045810-24-000148,2024-06-07T21:14:22.000Z,0001283854,S,500.0,0.0,0.0,1.0
0001045810-24-000148,2024-06-07T21:14:22.000Z,0001283854,S,300.0,0.0,0.0,1.0
0001045810-24-000148,2024-06-07T21:14:22.000Z,0001283854,S,400.0,0.0,0.0,1.0
0001045810-24-000148,2024-06-07T21:14:22.000Z,0001283854,S,200.0,0.0,0.0,1.0
0001045810-24-000148,2024-06-07T21:14:22.000Z,0001283854,S,200.0,0.0,0.0,1.0
0001045810-24-000148,2024-06-07T21:14:22.000Z,0001283854,S,900.0,0.0,0.0,1.0
0001045810-24-000148,2024-06-07T21:14:22.000Z,0001283854,S,1444.0,0.0,0.0,1.0
0001045810-24-000148,2024-06-07T21:14:22.000Z,0001283854,S,1227.0,0.0,0.0,1.0
0001045810-24-000148,2024-06-07T21:14:22.000Z,0001283854,S,100.0,1203.97,120397.0,1.0
0001045810-24-000148,2024-06-07T21:14:22.000Z,0001283854,S,100.0,1205.02,120502.0,1.0
0001045810-24-000148,2024-06-07T21:14:22.000Z,0001283854,S,400.0,0.0,0.0,1.0
0001045810-24-000148,2024-06-07T21:14:22.000Z,0001283854,S,206.0,0.0,0.0,1.0
0001045810-24-000148,2024-06-07T21:14:22.000Z,0001283854,S,200.0,0.0,0.0,1.0
0001045810-24-000148,2024-06-07T21:14:22.000Z,0001283854,S,400.0,0.0,0.0,1.0
0001045810-24-000148,2024-06-07T21:14:22.000Z,0001283854,S,200.0,0.0,0.0,1.0
0001045810-24-000148,2024-06-07T21:14:22.000Z,0001283854,S,200.0,0.0,0.0,1.0
0001045810-24-000148,2024-06-07T21:14:22.000Z,0001283854,S,248.0,0.0,0.0,1.0
0001045810-24-000148,2024-06-07T21:14:22.000Z,0001283854,S,500.0,0.0,0.0,1.0
0001045810-24-000148,2024-06-07T21:14:22.000Z,0001283854,S,100.0,1218.11,121810.99999999999,1.0
0001045810-24-000148,2024-06-07T21:14:22.000Z,0001283854,S,500.0,0.0,0.0,1.0
0001045810-24-000148,2024-06-07T21:14:22.000Z,0001283854,S,400.0,0.0,0.0,1.0
0001045810-24-000147,2024-06-07T21:12:44.000Z,0001199039,S,8000.0,0.0,0.0,0.0
0001045810-24-000147,2024-06-07T21:12:44.000Z,0001199039,S,8000.0,1199.25,9594000.0,0.0
0001045810-24-000147,2024-06-07T21:12:44.000Z,0001199039,S,670.0,1219.02,816743.4,0.0
0001045810-24-000140,2024-06-05T21:02:53.000Z,0001283854,S,400.0,0.0,0.0,1.0
0001045810-24-000140,2024-06-05T21:02:53.000Z,0001283854,S,1200.0,0.0,0.0,1.0
0001045810-24-000140,2024-06-05T21:02:53.000Z,0001283854,S,900.0,0.0,0.0,1.0
0001045810-24-000140,2024-06-05T21:02:53.000Z,0001283854,S,1400.0,0.0,0.0,1.0
0001045810-24-000140,2024-06-05T21:02:53.000Z,0001283854,S,700.0,0.0,0.0,1.0
0001045810-24-000140,2024-06-05T21:02:53.000Z,0001283854,S,600.0,0.0,0.0,1.0
0001045810-24-000140,2024-06-05T21:02:53.000Z,0001283854,S,1001.0,0.0,0.0,1.0
0001045810-24-000140,2024-06-05T21:02:53.000Z,0001283854,S,1200.0,0.0,0.0,1.0
0001045810-24-000140,2024-06-05T21:02:53.000Z,0001283854,S,2000.0,0.0,0.0,1.0
0001045810-24-000140,2024-06-05T21:02:53.000Z,0001283854,S,304.0,0.0,0.0,1.0
0001045810-24-000140,2024-06-05T21:02:53.000Z,0001283854,S,600.0,0.0,0.0,1.0
0001045810-24-000140,2024-06-05T21:02:53.000Z,0001283854,S,300.0,0.0,0.0,1.0
0001045810-24-000140,2024-06-05T21:02:53.000Z,0001283854,S,500.0,0.0,0.0,1.0
0001045810-24-000140,2024-06-05T21:02:53.000Z,0001283854,S,400.0,0.0,0.0,1.0
0001045810-24-000140,2024-06-05T21:02:53.000Z,0001283854,S,500.0,0.0,0.0,1.0
0001045810-24-000140,2024-06-05T21:02:53.000Z,0001283854,S,500.0,0.0,0.0,1.0
0001045810-24-000140,2024-06-05T21:02:53.000Z,0001283854,S,700.0,0.0,0.0,1.0
0001045810-24-000140,2024-06-05T21:02:53.000Z,0001283854,S,200.0,0.0,0.0,1.0
0001045810-24-000140,2024-06-05T21:02:53.000Z,0001283854,S,400.0,0.0,0.0,1.0
0001045810-24-000140,2024-06-05T21:02:53.000Z,0001283854,S,380.0,0.0,0.0,1.0
0001045810-24-000140,2024-06-05T21:02:53.000Z,0001283854,S,715.0,0.0,0.0,1.0
0001045810-24-000140,2024-06-05T21:02:53.000Z,0001283854,S,100.0,1165.27,116527.0,1.0
0001045810-24-000139,2024-06-05T21:02:25.000Z,0001283854,S,222.0,0.0,0.0,1.0
0001045810-24-000139,2024-06-05T21:02:25.000Z,0001283854,S,200.0,0.0,0.0,1.0
0001045810-24-000139,2024-06-05T21:02:25.000Z,0001283854,S,300.0,0.0,0.0,1.0
0001045810-24-000139,2024-06-05T21:02:25.000Z,0001283854,S,500.0,0.0,0.0,1.0
0001045810-24-000139,2024-06-05T21:02:25.000Z,0001283854,S,200.0,0.0,0.0,1.0
0001045810-24-000139,2024-06-05T21:02:25.000Z,0001283854,S,600.0,0.0,0.0,1.0
0001045810-24-000139,2024-06-05T21:02:25.000Z,0001283854,S,500.0,0.0,0.0,1.0
0001045810-24-000139,2024-06-05T21:02:25.000Z,0001283854,S,700.0,0.0,0.0,1.0
0001045810-24-000139,2024-06-05T21:02:25.000Z,0001283854,S,1100.0,0.0,0.0,1.0
0001045810-24-000139,2024-06-05T21:02:25.000Z,0001283854,S,900.0,0.0,0.0,1.0
0001045810-24-000139,2024-06-05T21:02:25.000Z,0001283854,S,1300.0,0.0,0.0,1.0
0001045810-24-000139,2024-06-05T21:02:25.000Z,0001283854,S,1161.0,0.0,0.0,1.0
0001045810-24-000139,2024-06-05T21:02:25.000Z,0001283854,S,2104.0,0.0,0.0,1.0
0001045810-24-000139,2024-06-05T21:02:25.000Z,0001283854,S,1100.0,0.0,0.0,1.0
0001045810-24-000139,2024-06-05T21:02:25.000Z,0001283854,S,1130.0,0.0,0.0,1.0
0001045810-24-000139,2024-06-05T21:02:25.000Z,0001283854,S,419.0,0.0,0.0,1.0
0001045810-24-000139,2024-06-05T21:02:25.000Z,0001283854,S,402.0,0.0,0.0,1.0
0001045810-24-000139,2024-06-05T21:02:25.000Z,0001283854,S,400.0,0.0,0.0,1.0
0001045810-24-000139,2024-06-05T21:02:25.000Z,0001283854,S,500.0,0.0,0.0,1.0
0001045810-24-000139,2024-06-05T21:02:25.000Z,0001283854,S,400.0,0.0,0.0,1.0
0001045810-24-000139,2024-06-05T21:02:25.000Z,0001283854,S,200.0,0.0,0.0,1.0
0001045810-24-000139,2024-06-05T21:02:25.000Z,0001283854,S,200.0,0.0,0.0,1.0
0001045810-24-000139,2024-06-05T21:02:25.000Z,0001283854,S,431.0,0.0,0.0,1.0
0001045810-24-000139,2024-06-05T21:02:25.000Z,0001283854,S,31.0,1149.93,35647.83,1.0
0001045810-24-000138,2024-06-05T21:01:29.000Z,0001199039,S,4500.0,1138.0,5121000.0,0.0
0001045810-24-000138,2024-06-05T21:01:29.000Z,0001199039,S,4400.0,0.0,0.0,0.0
0001045810-24-000134,2024-05-31T20:05:07.000Z,0001199039,S,17000.0,0.0,0.0,0.0
0001045810-24-000134,2024-05-31T20:05:07.000Z,0001199039,S,9639.0,0.0,0.0,0.0
0001045810-24-000134,2024-05-31T20:05:07.000Z,0001199039,S,300.0,0.0,0.0,0.0
0001045810-24-000132,2024-05-31T20:03:46.000Z,0001219888,S,5000.0,0.0,0.0,0.0
0001045810-24-000130,2024-05-30T20:29:43.000Z,0001256735,S,57.0,0.0,0.0,0.0
0001045810-24-000129,2024-05-30T20:29:02.000Z,0001256735,S,327.0,0.0,0.0,0.0
0001045810-24-000129,2024-05-30T20:29:02.000Z,0001256735,S,92.0,0.0,0.0,0.0
0001045810-24-000129,2024-05-30T20:29:02.000Z,0001256735,S,105.0,0.0,0.0,0.0
0001045810-24-000129,2024-05-30T20:29:02.000Z,0001256735,S,220.0,0.0,0.0,0.0
0001045810-24-000129,2024-05-30T20:29:02.000Z,0001256735,S,141.0,0.0,0.0,0.0
0001045810-24-000129,2024-05-30T20:29:02.000Z,0001256735,S,78.0,0.0,0.0,0.0
0001045810-24-000129,2024-05-30T20:29:02.000Z,0001256735,S,195.0,0.0,0.0,0.0
0001045810-24-000129,2024-05-30T20:29:02.000Z,0001256735,S,272.0,0.0,0.0,0.0
0001045810-24-000129,2024-05-30T20:29:02.000Z,0001256735,S,232.0,0.0,0.0,0.0
0001045810-24-000129,2024-05-30T20:29:02.000Z,0001256735,S,160.0,0.0,0.0,0.0
0001045810-24-000129,2024-05-30T20:29:02.000Z,0001256735,S,120.0,0.0,0.0,0.0
0001045810-24-000129,2024-05-30T20:29:02.000Z,0001256735,S,122.0,0.0,0.0,0.0
0001045810-24-000129,2024-05-30T20:29:02.000Z,0001256735,S,99.0,0.0,0.0,0.0
0001045810-24-000129,2024-05-30T20:29:02.000Z,0001256735,S,30.0,1122.81,33684.299999999996,0.0
0001045810-24-000129,2024-05-30T20:29:02.000Z,0001256735,S,33.0,1125.14,37129.62,0.0
0001045810-24-000129,2024-05-30T20:29:02.000Z,0001256735,S,126.0,0.0,0.0,0.0
0001045810-24-000129,2024-05-30T20:29:02.000Z,0001256735,S,192.0,0.0,0.0,0.0
0001045810-24-000129,2024-05-30T20:29:02.000Z,0001256735,S,39.0,1129.16,44037.240000000005,0.0
0001045810-24-000129,2024-05-30T20:29:02.000Z,0001256735,S,89.0,0.0,0.0,0.0
0001045810-24-000129,2024-05-30T20:29:02.000Z,0001256735,S,138.0,0.0,0.0,0.0
0001045810-24-000129,2024-05-30T20:29:02.000Z,0001256735,S,28.0,1133.07,31725.96,0.0
0001045810-24-000129,2024-05-30T20:29:02.000Z,0001256735,S,57.0,0.0,0.0,0.0
0001045810-24-000129,2024-05-30T20:29:02.000Z,0001256735,S,187.0,0.0,0.0,0.0
0001045810-24-000129,2024-05-30T20:29:02.000Z,0001256735,S,231.0,0.0,0.0,0.0
0001045810-24-000129,2024-05-30T20:29:02.000Z,0001256735,S,141.0,0.0,0.0,0.0
0001045810-24-000129,2024-05-30T20:29:02.000Z,0001256735,S,91.0,0.0,0.0,0.0
0001045810-24-000129,2024-05-30T20:29:02.000Z,0001256735,S,124.0,0.0,0.0,0.0
0001045810-24-000129,2024-05-30T20:29:02.000Z,0001256735,S,129.0,0.0,0.0,0.0
0001045810-24-000129,2024-05-30T20:29:02.000Z,0001256735,S,48.0,0.0,0.0,0.0
0001045810-24-000129,2024-05-30T20:29:02.000Z,0001256735,S,33.0,1145.27,37793.909999999996,0.0
0001045810-24-000128,2024-05-30T20:27:19.000Z,0001197652,S,1438.0,1117.72,1607281.36,0.0
0001045810-24-000122,2024-05-29T20:13:12.000Z,0001219888,S,9703.0,0.0,0.0,0.0
0001045810-24-000122,2024-05-29T20:13:12.000Z,0001219888,S,1446.0,0.0,0.0,0.0
0001045810-24-000122,2024-05-29T20:13:12.000Z,0001219888,S,3851.0,0.0,0.0,0.0
0001045810-24-000122,2024-05-29T20:13:12.000Z,0001219888,S,5000.0,0.0,0.0,0.0
0001045810-24-000121,2024-05-29T20:12:25.000Z,0001818224,S,198.0,1043.95,206702.1,1.0
0001045810-24-000094,2024-04-10T21:09:27.000Z,,-,,,,
0001045810-24-000092,2024-04-09T20:30:49.000Z,0001199039,S,5500.0,877.0,4823500.0,0.0
0001045810-24-000092,2024-04-09T20:30:49.000Z,0001199039,S,5700.0,878.0,5004600.0,0.0
0001045810-24-000092,2024-04-09T20:30:49.000Z,0001199039,S,11500.0,0.0,0.0,0.0
0001045810-24-000090,2024-04-03T20:27:12.000Z,0001190270,S,7000.0,0.0,0.0,0.0
0001045810-24-000088,2024-04-01T21:03:06.000Z,0001199039,S,11000.0,0.0,0.0,0.0
0001045810-24-000085,2024-03-27T21:06:29.000Z,0001818224,S,128.0,940.0,120320.0,1.0
0001045810-24-000083,2024-03-26T22:38:49.000Z,0001526111,S,450.0,911.62,410229.0,1.0
0001045810-24-000081,2024-03-22T20:28:49.000Z,,-,,,,
0001045810-24-000080,2024-03-22T20:28:14.000Z,,-,,,,
0001045810-24-000079,2024-03-22T20:27:45.000Z,,-,,,,
0001045810-24-000078,2024-03-22T20:27:10.000Z,,-,,,,
0001045810-24-000077,2024-03-22T20:26:23.000Z,,-,,,,
0001045810-24-000076,2024-03-22T20:25:38.000Z,,-,,,,
0001045810-24-000065,2024-03-12T20:37:46.000Z,,-,,,,
0001045810-24-000064,2024-03-12T20:36:21.000Z,,-,,,,
0001045810-24-000063,2024-03-12T20:35:01.000Z,,-,,,,
0001045810-24-000062,2024-03-12T20:33:42.000Z,,-,,,,
0001045810-24-000057,2024-03-11T20:55:58.000Z,0001199039,S,21600.0,0.0,0.0,0.0
0001045810-24-000057,2024-03-11T20:55:58.000Z,0001199039,S,150.0,924.4875,138673.125,0.0
0001045810-24-000056,2024-03-08T21:13:38.000Z,,-,,,,
0001045810-24-000055,2024-03-08T21:12:14.000Z,,-,,,,
0001045810-24-000054,2024-03-08T21:09:53.000Z,,-,,,,
0001045810-24-000053,2024-03-08T21:07:58.000Z,,-,,,,
0001045810-24-000052,2024-03-08T21:06:07.000Z,,-,,,,
0001045810-24-000051,2024-03-07T00:53:43.000Z,0001636665,S,5000.0,845.128,4225640.0,0.0
0001045810-24-000050,2024-03-06T23:46:07.000Z,0001199039,S,6000.0,0.0,0.0,0.0
0001045810-24-000050,2024-03-06T23:46:07.000Z,0001199039,S,6000.0,0.0,0.0,0.0
0001225208-24-003814,2024-03-06T23:01:02.000Z,0001197647,S,1000.0,0.0,0.0,0.0
0001225208-24-003814,2024-03-06T23:01:02.000Z,0001197647,S,9590.0,0.0,0.0,0.0
0001225208-24-003814,2024-03-06T23:01:02.000Z,0001197647,S,189410.0,0.0,0.0,0.0
0001045810-24-000041,2024-02-27T22:08:35.000Z,0001199039,S,5000.0,0.0,0.0,0.0
0001045810-24-000041,2024-02-27T22:08:35.000Z,0001199039,S,5000.0,800.0,4000000.0,0.0
0001045810-24-000041,2024-02-27T22:08:35.000Z,0001199039,S,5000.0,0.0,0.0,0.0
0001045810-24-000040,2024-02-27T22:06:39.000Z,0001190270,S,15000.0,0.0,0.0,0.0
0001045810-24-000038,2024-02-27T22:04:29.000Z,0001256735,S,4250.0,481.9877,2048447.725,0.0
0001045810-24-000038,2024-02-27T22:04:29.000Z,0001256735,S,4000.0,800.0,3200000.0,0.0
0001045810-24-000037,2024-02-27T22:02:34.000Z,0001197650,S,2909.0,0.0,0.0,0.0
0001045810-24-000037,2024-02-27T22:02:34.000Z,0001197650,S,1861.0,0.0,0.0,0.0
0001045810-24-000037,2024-02-27T22:02:34.000Z,0001197650,S,4945.0,0.0,0.0,0.0
0001045810-24-000037,2024-02-27T22:02:34.000Z,0001197650,S,1404.0,0.0,0.0,0.0
0001045810-24-000037,2024-02-27T22:02:34.000Z,0001197650,S,1835.0,0.0,0.0,0.0
0001045810-24-000037,2024-02-27T22:02:34.000Z,0001197650,S,900.0,0.0,0.0,0.0
0001045810-24-000037,2024-02-27T22:02:34.000Z,0001197650,S,900.0,0.0,0.0,0.0
0001045810-24-000037,2024-02-27T22:02:34.000Z,0001197650,S,400.0,0.0,0.0,0.0
0001045810-24-000037,2024-02-27T22:02:34.000Z,0001197650,S,1500.0,0.0,0.0,0.0
0001045810-24-000037,2024-02-27T22:02:34.000Z,0001197650,S,1317.0,0.0,0.0,0.0
0001045810-24-000037,2024-02-27T22:02:34.000Z,0001197650,S,8960.0,0.0,0.0,0.0
0001045810-24-000037,2024-02-27T22:02:34.000Z,0001197650,S,16290.0,0.0,0.0,0.0
0001045810-24-000037,2024-02-27T22:02:34.000Z,0001197650,S,11185.0,0.0,0.0,0.0
0001045810-24-000037,2024-02-27T22:02:34.000Z,0001197650,S,5282.0,0.0,0.0,0.0
0001045810-24-000037,2024-02-27T22:02:34.000Z,0001197650,S,2854.0,0.0,0.0,0.0
0001045810-24-000037,2024-02-27T22:02:34.000Z,0001197650,S,1958.0,0.0,0.0,0.0
0001045810-24-000037,2024-02-27T22:02:34.000Z,0001197650,S,400.0,0.0,0.0,0.0
0001045810-24-000037,2024-02-27T22:02:34.000Z,0001197650,S,100.0,823.72,82372.0,0.0
0001045810-24-000011,2024-01-16T22:33:16.000Z,0001199039,S,36000.0,0.0,0.0,0.0
0001045810-24-000009,2024-01-12T22:42:33.000Z,0001199039,S,18000.0,0.0,0.0,0.0
0001045810-24-000009,2024-01-12T22:42:33.000Z,0001199039,S,3800.0,542.5,2061500.0,0.0
0001045810-24-000009,2024-01-12T22:42:33.000Z,0001199039,S,5000.0,543.5,2717500.0,0.0
0001045810-24-000009,2024-01-12T22:42:33.000Z,0001199039,S,8848.0,545.5,4826584.0,0.0
0001045810-24-000009,2024-01-12T22:42:33.000Z,0001199039,S,18500.0,0.0,0.0,0.0
0001045810-24-000006,2024-01-09T22:54:47.000Z,0001283854,S,5676.0,500.0,2838000.0,1.0
0001045810-24-000004,2024-01-09T22:53:19.000Z,0001526111,S,450.0,484.62,218079.0,1.0
0001045810-23-000275,2023-12-20T22:20:38.000Z,0001283854,S,20000.0,0.0,0.0,1.0
0001045810-23-000273,2023-12-19T22:57:31.000Z,0001219888,S,1000.0,492.525,492525.0,0.0
0001045810-23-000272,2023-12-19T22:54:57.000Z,0001199039,S,6872.0,0.0,0.0,0.0
0001045810-23-000272,2023-12-19T22:54:57.000Z,0001199039,S,3328.0,0.0,0.0,0.0
0001045810-23-000267,2023-12-16T00:44:25.000Z,,-,,,,
0001045810-23-000265,2023-12-16T00:42:31.000Z,,-,,,,
0001045810-23-000263,2023-12-16T00:41:03.000Z,,-,,,,
0001045810-23-000261,2023-12-16T00:38:45.000Z,,-,,,,
0001045810-23-000258,2023-12-16T00:36:21.000Z,,-,,,,
0001045810-23-000256,2023-12-16T00:28:03.000Z,,-,,,,
0001045810-23-000254,2023-12-16T00:24:47.000Z,0001199039,S,10400.0,481.6,5008640.0,0.0
0001045810-23-000243,2023-12-02T01:26:23.000Z,0001283854,S,400.0,0.0,0.0,1.0
0001045810-23-000243,2023-12-02T01:26:23.000Z,0001283854,S,2000.0,0.0,0.0,1.0
0001045810-23-000243,2023-12-02T01:26:23.000Z,0001283854,S,4877.0,0.0,0.0,1.0
0001045810-23-000243,2023-12-02T01:26:23.000Z,0001283854,S,4652.0,0.0,0.0,1.0
0001045810-23-000243,2023-12-02T01:26:23.000Z,0001283854,S,1200.0,0.0,0.0,1.0
0001045810-23-000243,2023-12-02T01:26:23.000Z,0001283854,S,700.0,0.0,0.0,1.0
0001045810-23-000243,2023-12-02T01:26:23.000Z,0001283854,S,500.0,0.0,0.0,1.0
0001045810-23-000243,2023-12-02T01:26:23.000Z,0001283854,S,1395.0,0.0,0.0,1.0
0001045810-23-000243,2023-12-02T01:26:23.000Z,0001283854,S,100.0,487.29,48729.0,1.0
0001045810-23-000241,2023-12-02T01:18:20.000Z,,-,,,,
0001045810-23-000237,2023-11-30T22:35:29.000Z,0001219888,S,11000.0,0.0,0.0,0.0
0001045810-23-000235,2023-11-29T00:39:16.000Z,0001818224,S,218.0,484.99,105727.82,1.0
0001045810-23-000234,2023-11-29T00:38:10.000Z,0001199039,S,280.0,482.0,134960.0,0.0
0001045810-23-000234,2023-11-29T00:38:10.000Z,0001199039,S,10000.0,0.0,0.0,0.0
0001045810-23-000233,2023-11-29T00:36:58.000Z,0001283854,S,317.0,0.0,0.0,1.0
0001045810-23-000233,2023-11-29T00:36:58.000Z,0001283854,S,2281.0,0.0,0.0,1.0
0001045810-23-000233,2023-11-29T00:36:58.000Z,0001283854,S,1834.0,0.0,0.0,1.0
0001045810-23-000233,2023-11-29T00:36:58.000Z,0001283854,S,5185.0,0.0,0.0,1.0
0001045810-23-000233,2023-11-29T00:36:58.000Z,0001283854,S,3913.0,0.0,0.0,1.0
0001045810-23-000233,2023-11-29T00:36:58.000Z,0001283854,S,4647.0,0.0,0.0,1.0
0001045810-23-000233,2023-11-29T00:36:58.000Z,0001283854,S,1553.0,0.0,0.0,1.0
0001045810-23-000233,2023-11-29T00:36:58.000Z,0001283854,S,270.0,0.0,0.0,1.0
0001045810-23-000233,2023-11-29T00:36:58.000Z,0001283854,S,2000.0,0.0,0.0,1.0
0001045810-23-000233,2023-11-29T00:36:58.000Z,0001283854,S,7368.0,0.0,0.0,1.0
0001045810-23-000233,2023-11-29T00:36:58.000Z,0001283854,S,3996.0,0.0,0.0,1.0
0001045810-23-000233,2023-11-29T00:36:58.000Z,0001283854,S,1500.0,0.0,0.0,1.0
0001045810-23-000233,2023-11-29T00:36:58.000Z,0001283854,S,1892.0,0.0,0.0,1.0
0001045810-23-000233,2023-11-29T00:36:58.000Z,0001283854,S,2244.0,0.0,0.0,1.0
0001045810-23-000233,2023-11-29T00:36:58.000Z,0001283854,S,800.0,0.0,0.0,1.0
0001045810-23-000233,2023-11-29T00:36:58.000Z,0001283854,S,200.0,0.0,0.0,1.0
0001045810-23-000232,2023-11-29T00:34:49.000Z,,-,,,,
0001045810-23-000214,2023-10-10T23:33:59.000Z,,-,,,,
0001045810-23-000212,2023-09-22T23:36:27.000Z,,-,,,,
0001045810-23-000211,2023-09-22T23:35:38.000Z,,-,,,,
0001045810-23-000210,2023-09-22T23:34:42.000Z,,-,,,,
0001045810-23-000209,2023-09-22T23:33:55.000Z,,-,,,,
0001045810-23-000208,2023-09-22T23:33:10.000Z,,-,,,,
0001045810-23-000207,2023-09-22T23:31:48.000Z,,-,,,,
0001045810-23-000206,2023-09-22T23:30:03.000Z,,-,,,,
0001045810-23-000198,2023-09-18T21:00:42.000Z,0001197649,S,1900.0,0.0,0.0,1.0
0001045810-23-000198,2023-09-18T21:00:42.000Z,0001197649,S,1300.0,0.0,0.0,1.0
0001045810-23-000198,2023-09-18T21:00:42.000Z,0001197649,S,4237.0,0.0,0.0,1.0
0001045810-23-000198,2023-09-18T21:00:42.000Z,0001197649,S,7968.0,0.0,0.0,1.0
0001045810-23-000198,2023-09-18T21:00:42.000Z,0001197649,S,5216.0,0.0,0.0,1.0
0001045810-23-000198,2023-09-18T21:00:42.000Z,0001197649,S,4669.0,0.0,0.0,1.0
0001045810-23-000198,2023-09-18T21:00:42.000Z,0001197649,S,3594.0,0.0,0.0,1.0
0001045810-23-000198,2023-09-18T21:00:42.000Z,0001197649,S,800.0,0.0,0.0,1.0
0001045810-23-000196,2023-09-14T00:57:52.000Z,0001197649,S,200.0,0.0,0.0,1.0
0001045810-23-000196,2023-09-14T00:57:52.000Z,0001197649,S,400.0,0.0,0.0,1.0
0001045810-23-000196,2023-09-14T00:57:52.000Z,0001197649,S,1000.0,0.0,0.0,1.0
0001045810-23-000196,2023-09-14T00:57:52.000Z,0001197649,S,2100.0,0.0,0.0,1.0
0001045810-23-000196,2023-09-14T00:57:52.000Z,0001197649,S,1600.0,0.0,0.0,1.0
0001045810-23-000196,2023-09-14T00:57:52.000Z,0001197649,S,3900.0,0.0,0.0,1.0
0001045810-23-000196,2023-09-14T00:57:52.000Z,0001197649,S,3939.0,0.0,0.0,1.0
0001045810-23-000196,2023-09-14T00:57:52.000Z,0001197649,S,3918.0,0.0,0.0,1.0
0001045810-23-000196,2023-09-14T00:57:52.000Z,0001197649,S,3990.0,0.0,0.0,1.0
0001045810-23-000196,2023-09-14T00:57:52.000Z,0001197649,S,3532.0,0.0,0.0,1.0
0001045810-23-000196,2023-09-14T00:57:52.000Z,0001197649,S,3109.0,0.0,0.0,1.0
0001045810-23-000196,2023-09-14T00:57:52.000Z,0001197649,S,1600.0,0.0,0.0,1.0
0001045810-23-000196,2023-09-14T00:57:52.000Z,0001197649,S,400.0,0.0,0.0,1.0
0001045810-23-000195,2023-09-14T00:55:52.000Z,0001197649,S,400.0,0.0,0.0,1.0
0001045810-23-000195,2023-09-14T00:55:52.000Z,0001197649,S,200.0,0.0,0.0,1.0
0001045810-23-000195,2023-09-14T00:55:52.000Z,0001197649,S,3764.0,0.0,0.0,1.0
0001045810-23-000195,2023-09-14T00:55:52.000Z,0001197649,S,2500.0,0.0,0.0,1.0
0001045810-23-000195,2023-09-14T00:55:52.000Z,0001197649,S,3571.0,0.0,0.0,1.0
0001045810-23-000195,2023-09-14T00:55:52.000Z,0001197649,S,6948.0,0.0,0.0,1.0
0001045810-23-000195,2023-09-14T00:55:52.000Z,0001197649,S,3864.0,0.0,0.0,1.0
0001045810-23-000195,2023-09-14T00:55:52.000Z,0001197649,S,5200.0,0.0,0.0,1.0
0001045810-23-000195,2023-09-14T00:55:52.000Z,0001197649,S,1841.0,0.0,0.0,1.0
0001045810-23-000195,2023-09-14T00:55:52.000Z,0001197649,S,1400.0,0.0,0.0,1.0
0001045810-23-000194,2023-09-14T00:48:43.000Z,,-,,,,
0001045810-23-000190,2023-09-12T00:01:45.000Z,0001197649,S,1000.0,0.0,0.0,1.0
0001045810-23-000190,2023-09-12T00:01:45.000Z,0001197649,S,1400.0,0.0,0.0,1.0
0001045810-23-000190,2023-09-12T00:01:45.000Z,0001197649,S,5497.0,0.0,0.0,1.0
0001045810-23-000190,2023-09-12T00:01:45.000Z,0001197649,S,3996.0,0.0,0.0,1.0
0001045810-23-000190,2023-09-12T00:01:45.000Z,0001197649,S,3200.0,0.0,0.0,1.0
0001045810-23-000190,2023-09-12T00:01:45.000Z,0001197649,S,2304.0,0.0,0.0,1.0
0001045810-23-000190,2023-09-12T00:01:45.000Z,0001197649,S,3945.0,0.0,0.0,1.0
0001045810-23-000190,2023-09-12T00:01:45.000Z,0001197649,S,4589.0,0.0,0.0,1.0
0001045810-23-000190,2023-09-12T00:01:45.000Z,0001197649,S,1408.0,0.0,0.0,1.0
0001045810-23-000190,2023-09-12T00:01:45.000Z,0001197649,S,900.0,0.0,0.0,1.0
0001045810-23-000190,2023-09-12T00:01:45.000Z,0001197649,S,300.0,0.0,0.0,1.0
0001045810-23-000190,2023-09-12T00:01:45.000Z,0001197649,S,100.0,456.8,45680.0,1.0
0001045810-23-000190,2023-09-12T00:01:45.000Z,0001197649,S,200.0,0.0,0.0,1.0
0001045810-23-000190,2023-09-12T00:01:45.000Z,0001197649,S,600.0,0.0,0.0,1.0
0001045810-23-000190,2023-09-12T00:01:45.000Z,0001197649,S,200.0,0.0,0.0,1.0
0001045810-23-000190,2023-09-12T00:01:45.000Z,0001197649,S,49.0,461.63,22619.87,1.0
0001045810-23-000189,2023-09-11T23:59:38.000Z,0001197649,S,600.0,0.0,0.0,1.0
0001045810-23-000189,2023-09-11T23:59:38.000Z,0001197649,S,1426.0,0.0,0.0,1.0
0001045810-23-000189,2023-09-11T23:59:38.000Z,0001197649,S,2226.0,0.0,0.0,1.0
0001045810-23-000189,2023-09-11T23:59:38.000Z,0001197649,S,7571.0,0.0,0.0,1.0
0001045810-23-000189,2023-09-11T23:59:38.000Z,0001197649,S,5800.0,0.0,0.0,1.0
0001045810-23-000189,2023-09-11T23:59:38.000Z,0001197649,S,4368.0,0.0,0.0,1.0
0001045810-23-000189,2023-09-11T23:59:38.000Z,0001197649,S,1100.0,0.0,0.0,1.0
0001045810-23-000189,2023-09-11T23:59:38.000Z,0001197649,S,2100.0,0.0,0.0,1.0
0001045810-23-000189,2023-09-11T23:59:38.000Z,0001197649,S,4097.0,0.0,0.0,1.0
0001045810-23-000189,2023-09-11T23:59:38.000Z,0001197649,S,400.0,0.0,0.0,1.0
0001045810-23-000186,2023-09-06T23:55:42.000Z,0001197649,S,1600.0,0.0,0.0,1.0
0001045810-23-000186,2023-09-06T23:55:42.000Z,0001197649,S,2846.0,0.0,0.0,1.0
0001045810-23-000186,2023-09-06T23:55:42.000Z,0001197649,S,2900.0,0.0,0.0,1.0
0001045810-23-000186,2023-09-06T23:55:42.000Z,0001197649,S,7020.0,0.0,0.0,1.0
0001045810-23-000186,2023-09-06T23:55:42.000Z,0001197649,S,8254.0,0.0,0.0,1.0
0001045810-23-000186,2023-09-06T23:55:42.000Z,0001197649,S,1800.0,0.0,0.0,1.0
0001045810-23-000186,2023-09-06T23:55:42.000Z,0001197649,S,300.0,0.0,0.0,1.0
0001045810-23-000186,2023-09-06T23:55:42.000Z,0001197649,S,200.0,0.0,0.0,1.0
0001045810-23-000186,2023-09-06T23:55:42.000Z,0001197649,S,300.0,0.0,0.0,1.0
0001045810-23-000186,2023-09-06T23:55:42.000Z,0001197649,S,200.0,0.0,0.0,1.0
0001045810-23-000186,2023-09-06T23:55:42.000Z,0001197649,S,700.0,0.0,0.0,1.0
0001045810-23-000186,2023-09-06T23:55:42.000Z,0001197649,S,568.0,0.0,0.0,1.0
0001045810-23-000186,2023-09-06T23:55:42.000Z,0001197649,S,600.0,0.0,0.0,1.0
0001045810-23-000186,2023-09-06T23:55:42.000Z,0001197649,S,1400.0,0.0,0.0,1.0
0001045810-23-000186,2023-09-06T23:55:42.000Z,0001197649,S,400.0,0.0,0.0,1.0
0001045810-23-000186,2023-09-06T23:55:42.000Z,0001197649,S,500.0,0.0,0.0,1.0
0001045810-23-000186,2023-09-06T23:55:42.000Z,0001197649,S,100.0,485.44,48544.0,1.0
0001045810-23-000185,2023-09-06T23:54:41.000Z,0001197649,S,700.0,0.0,0.0,1.0
0001045810-23-000185,2023-09-06T23:54:41.000Z,0001197649,S,2674.0,0.0,0.0,1.0
0001045810-23-000185,2023-09-06T23:54:41.000Z,0001197649,S,4634.0,0.0,0.0,1.0
0001045810-23-000185,2023-09-06T23:54:41.000Z,0001197649,S,7605.0,0.0,0.0,1.0
0001045810-23-000185,2023-09-06T23:54:41.000Z,0001197649,S,5575.0,0.0,0.0,1.0
0001045810-23-000185,2023-09-06T23:54:41.000Z,0001197649,S,2600.0,0.0,0.0,1.0
0001045810-23-000185,2023-09-06T23:54:41.000Z,0001197649,S,2300.0,0.0,0.0,1.0
0001045810-23-000185,2023-09-06T23:54:41.000Z,0001197649,S,1100.0,0.0,0.0,1.0
0001045810-23-000185,2023-09-06T23:54:41.000Z,0001197649,S,200.0,0.0,0.0,1.0
0001045810-23-000185,2023-09-06T23:54:41.000Z,0001197649,S,400.0,0.0,0.0,1.0
0001045810-23-000185,2023-09-06T23:54:41.000Z,0001197649,S,600.0,0.0,0.0,1.0
0001045810-23-000185,2023-09-06T23:54:41.000Z,0001197649,S,400.0,0.0,0.0,1.0
0001045810-23-000185,2023-09-06T23:54:41.000Z,0001197649,S,500.0,0.0,0.0,1.0
0001045810-23-000185,2023-09-06T23:54:41.000Z,0001197649,S,300.0,0.0,0.0,1.0
0001045810-23-000185,2023-09-06T23:54:41.000Z,0001197649,S,100.0,497.82,49782.0,1.0
0001045810-23-000185,2023-09-06T23:54:41.000Z,0001197649,S,100.0,478.97,47897.0,1.0
0001045810-23-000185,2023-09-06T23:54:41.000Z,0001197649,S,1000.0,0.0,0.0,1.0
0001045810-23-000185,2023-09-06T23:54:41.000Z,0001197649,S,1600.0,0.0,0.0,1.0
0001045810-23-000185,2023-09-06T23:54:41.000Z,0001197649,S,3100.0,0.0,0.0,1.0
0001045810-23-000185,2023-09-06T23:54:41.000Z,0001197649,S,5100.0,0.0,0.0,1.0
0001045810-23-000185,2023-09-06T23:54:41.000Z,0001197649,S,6084.0,0.0,0.0,1.0
0001045810-23-000185,2023-09-06T23:54:41.000Z,0001197649,S,5315.0,0.0,0.0,1.0
0001045810-23-000185,2023-09-06T23:54:41.000Z,0001197649,S,5008.0,0.0,0.0,1.0
0001045810-23-000185,2023-09-06T23:54:41.000Z,0001197649,S,2181.0,0.0,0.0,1.0
0001045810-23-000185,2023-09-06T23:54:41.000Z,0001197649,S,200.0,0.0,0.0,1.0
0001045810-23-000181,2023-08-30T21:13:28.000Z,0001199039,S,21500.0,0.0,0.0,0.0
0001045810-23-000181,2023-08-30T21:13:28.000Z,0001199039,S,30675.0,0.0,0.0,0.0
0001045810-23-000180,2023-08-30T21:08:53.000Z,0001588670,S,200.0,0.0,0.0,1.0
0001045810-23-000180,2023-08-30T21:08:53.000Z,0001588670,S,700.0,0.0,0.0,1.0
0001045810-23-000180,2023-08-30T21:08:53.000Z,0001588670,S,600.0,0.0,0.0,1.0
0001045810-23-000180,2023-08-30T21:08:53.000Z,0001588670,S,300.0,0.0,0.0,1.0
0001045810-23-000180,2023-08-30T21:08:53.000Z,0001588670,S,700.0,0.0,0.0,1.0
0001045810-23-000180,2023-08-30T21:08:53.000Z,0001588670,S,137.0,0.0,0.0,1.0
0001045810-23-000180,2023-08-30T21:08:53.000Z,0001588670,S,200.0,0.0,0.0,1.0
0001045810-23-000180,2023-08-30T21:08:53.000Z,0001588670,S,300.0,0.0,0.0,1.0
0001045810-23-000180,2023-08-30T21:08:53.000Z,0001588670,S,300.0,0.0,0.0,1.0
0001045810-23-000180,2023-08-30T21:08:53.000Z,0001588670,S,301.0,0.0,0.0,1.0
0001045810-23-000180,2023-08-30T21:08:53.000Z,0001588670,S,600.0,0.0,0.0,1.0
0001045810-23-000180,2023-08-30T21:08:53.000Z,0001588670,S,542.0,0.0,0.0,1.0
0001045810-23-000180,2023-08-30T21:08:53.000Z,0001588670,S,100.0,469.0,46900.0,1.0
0001045810-23-000179,2023-08-30T21:06:32.000Z,,-,,,,
0001045810-23-000168,2023-08-09T21:24:52.000Z,,-,,,,
0001225208-23-007007,2023-06-27T22:32:29.000Z,,-,,,,
0001045810-23-000157,2023-06-27T22:30:09.000Z,,-,,,,
0001045810-23-000156,2023-06-27T22:28:39.000Z,,-,,,,
0001045810-23-000155,2023-06-27T22:27:25.000Z,,-,,,,
0001045810-23-000154,2023-06-27T22:24:02.000Z,,-,,,,
0001045810-23-000153,2023-06-27T22:21:37.000Z,,-,,,,
0001045810-23-000152,2023-06-27T22:19:16.000Z,,-,,,,
0001045810-23-000151,2023-06-27T22:17:15.000Z,,-,,,,
0001045810-23-000150,2023-06-27T22:15:04.000Z,,-,,,,
0001045810-23-000149,2023-06-27T22:13:56.000Z,,-,,,,
0001045810-23-000148,2023-06-27T21:48:16.000Z,0001818224,S,283.0,424.53,120141.98999999999,1.0
0001045810-23-000147,2023-06-27T21:43:32.000Z,,-,,,,
0001045810-23-000131,2023-06-24T00:22:23.000Z,,-,,,,
0001045810-23-000130,2023-06-23T23:52:25.000Z,,-,,,,
0001045810-23-000129,2023-06-23T23:44:52.000Z,,-,,,,
0001045810-23-000128,2023-06-23T23:44:09.000Z,,-,,,,
0001045810-23-000126,2023-06-23T23:41:47.000Z,,-,,,,
0001045810-23-000125,2023-06-23T23:40:53.000Z,,-,,,,
0001045810-23-000118,2023-06-21T21:01:22.000Z,0001199039,S,70000.0,0.0,0.0,0.0
0001045810-23-000118,2023-06-21T21:01:22.000Z,0001199039,S,8602.0,0.0,0.0,0.0
0001045810-23-000118,2023-06-21T21:01:22.000Z,0001199039,S,36695.0,0.0,0.0,0.0
0001045810-23-000118,2023-06-21T21:01:22.000Z,0001199039,S,3305.0,0.0,0.0,0.0
0001225208-23-006913,2023-06-16T21:00:26.000Z,0001197647,S,50000.0,0.0,0.0,0.0
0001045810-23-000115,2023-06-15T20:59:01.000Z,0001197652,S,860.0,424.69,365233.4,0.0
0001045810-23-000113,2023-06-14T20:54:11.000Z,0001197650,S,45739.0,0.0,0.0,0.0
0001045810-23-000113,2023-06-14T20:54:11.000Z,0001197650,S,19037.0,0.0,0.0,0.0
0001045810-23-000113,2023-06-14T20:54:11.000Z,0001197650,S,6471.0,0.0,0.0,0.0
0001045810-23-000113,2023-06-14T20:54:11.000Z,0001197650,S,3001.0,0.0,0.0,0.0
0001045810-23-000113,2023-06-14T20:54:11.000Z,0001197650,S,5282.0,0.0,0.0,0.0
0001045810-23-000113,2023-06-14T20:54:11.000Z,0001197650,S,4722.0,0.0,0.0,0.0
0001045810-23-000113,2023-06-14T20:54:11.000Z,0001197650,S,21574.0,0.0,0.0,0.0
0001045810-23-000113,2023-06-14T20:54:11.000Z,0001197650,S,13369.0,0.0,0.0,0.0
0001045810-23-000113,2023-06-14T20:54:11.000Z,0001197650,S,600.0,0.0,0.0,0.0
0001045810-23-000111,2023-06-12T20:59:33.000Z,,-,,,,
0001045810-23-000109,2023-06-09T20:12:47.000Z,0001219888,S,3500.0,0.0,0.0,0.0
0001045810-23-000107,2023-06-06T20:58:07.000Z,0001197650,S,70205.0,405.0,28433025.0,0.0
0001045810-23-000105,2023-06-06T00:02:27.000Z,0001818224,S,383.0,384.89,147412.87,1.0
0001045810-23-000103,2023-06-01T20:36:46.000Z,0001588670,S,900.0,0.0,0.0,1.0
0001045810-23-000103,2023-06-01T20:36:46.000Z,0001588670,S,630.0,0.0,0.0,1.0
0001045810-23-000103,2023-06-01T20:36:46.000Z,0001588670,S,400.0,0.0,0.0,1.0
0001045810-23-000103,2023-06-01T20:36:46.000Z,0001588670,S,500.0,0.0,0.0,1.0
0001045810-23-000103,2023-06-01T20:36:46.000Z,0001588670,S,200.0,0.0,0.0,1.0
0001045810-23-000103,2023-06-01T20:36:46.000Z,0001588670,S,500.0,0.0,0.0,1.0
0001045810-23-000103,2023-06-01T20:36:46.000Z,0001588670,S,300.0,0.0,0.0,1.0
0001045810-23-000103,2023-06-01T20:36:46.000Z,0001588670,S,900.0,0.0,0.0,1.0
0001045810-23-000103,2023-06-01T20:36:46.000Z,0001588670,S,600.0,0.0,0.0,1.0
0001045810-23-000103,2023-06-01T20:36:46.000Z,0001588670,S,400.0,0.0,0.0,1.0
0001045810-23-000103,2023-06-01T20:36:46.000Z,0001588670,S,400.0,0.0,0.0,1.0
0001045810-23-000103,2023-06-01T20:36:46.000Z,0001588670,S,294.0,0.0,0.0,1.0
0001045810-23-000103,2023-06-01T20:36:46.000Z,0001588670,S,100.0,417.79,41779.0,1.0
0001225208-23-006291,2023-05-31T22:26:14.000Z,0001197647,S,100000.0,379.0,37900000.0,0.0
0001045810-23-000101,2023-05-31T21:20:34.000Z,0001636665,S,7800.0,0.0,0.0,0.0
0001045810-23-000099,2023-05-31T21:15:08.000Z,,-,,,,
0001045810-23-000085,2023-05-22T20:35:44.000Z,0001283854,S,23084.0,305.0,7040620.0,1.0
0001045810-23-000065,2023-03-31T22:40:43.000Z,0001219888,S,5000.0,0.0,0.0,0.0
0001045810-23-000063,2023-03-18T00:02:42.000Z,,-,,,,
0001045810-23-000062,2023-03-18T00:02:19.000Z,,-,,,,
0001045810-23-000061,2023-03-18T00:01:59.000Z,,-,,,,
0001045810-23-000060,2023-03-18T00:01:44.000Z,,-,,,,
0001045810-23-000059,2023-03-18T00:01:25.000Z,,-,,,,
0001045810-23-000058,2023-03-18T00:01:05.000Z,,-,,,,
0001209191-23-018940,2023-03-15T21:06:19.000Z,,-,,,,
0001045810-23-000049,2023-03-14T20:18:28.000Z,,-,,,,
0001045810-23-000048,2023-03-14T20:17:58.000Z,0001588670,S,300.0,0.0,0.0,0.0
0001045810-23-000048,2023-03-14T20:17:58.000Z,0001588670,S,900.0,0.0,0.0,0.0
0001045810-23-000048,2023-03-14T20:17:58.000Z,0001588670,S,700.0,0.0,0.0,0.0
0001045810-23-000048,2023-03-14T20:17:58.000Z,0001588670,S,1300.0,0.0,0.0,0.0
0001045810-23-000048,2023-03-14T20:17:58.000Z,0001588670,S,1537.0,0.0,0.0,0.0
0001045810-23-000048,2023-03-14T20:17:58.000Z,0001588670,S,1263.0,0.0,0.0,0.0
0001045810-23-000047,2023-03-14T20:17:32.000Z,,-,,,,
0001045810-23-000046,2023-03-14T20:17:07.000Z,,-,,,,
0001209191-23-017521,2023-03-09T21:23:34.000Z,,-,,,,
0001045810-23-000035,2023-03-07T00:44:26.000Z,,-,,,,
0001045810-23-000034,2023-03-07T00:44:11.000Z,,-,,,,
0001045810-23-000033,2023-03-07T00:43:58.000Z,,-,,,,
0001045810-23-000032,2023-03-07T00:43:46.000Z,,-,,,,
0001045810-23-000031,2023-03-07T00:43:33.000Z,,-,,,,
0001045810-23-000025,2023-02-28T21:59:41.000Z,0001219888,S,7500.0,0.0,0.0,0.0
0001045810-23-000024,2023-02-28T21:59:05.000Z,0001190270,S,6800.0,0.0,0.0,0.0
0001045810-23-000024,2023-02-28T21:59:05.000Z,0001190270,S,6100.0,0.0,0.0,0.0
0001045810-23-000024,2023-02-28T21:59:05.000Z,0001190270,S,5700.0,0.0,0.0,0.0
0001045810-23-000024,2023-02-28T21:59:05.000Z,0001190270,S,1400.0,0.0,0.0,0.0
0001045810-23-000008,2023-01-28T02:00:05.000Z,0001283854,S,23532.0,205.0,4824060.0,0.0
0001045810-23-000006,2023-01-28T00:15:00.000Z,0001588670,S,10741.0,200.0,2148200.0,0.0
0001045810-23-000004,2023-01-17T21:15:32.000Z,0001199039,S,45000.0,0.0,0.0,0.0
0001045810-23-000004,2023-01-17T21:15:32.000Z,0001199039,S,20000.0,0.0,0.0,0.0
0001045810-23-000002,2023-01-12T00:36:32.000Z,0001199039,S,60000.0,0.0,0.0,0.0
0001045810-23-000002,2023-01-12T00:36:32.000Z,0001199039,S,30000.0,0.0,0.0,0.0
0001045810-23-000002,2023-01-12T00:36:32.000Z,0001199039,S,30000.0,0.0,0.0,0.0
0001045810-23-000002,2023-01-12T00:36:32.000Z,0001199039,S,90000.0,0.0,0.0,0.0
0001045810-22-000193,2022-12-22T21:02:52.000Z,0001199039,S,58600.0,0.0,0.0,0.0
0001045810-22-000193,2022-12-22T21:02:52.000Z,0001199039,S,1400.0,0.0,0.0,0.0
0001045810-22-000191,2022-12-19T23:51:34.000Z,0001818224,S,293.0,165.8,48579.4,0.0
0001045810-22-000189,2022-12-16T21:24:18.000Z,,-,,,,
0001045810-22-000188,2022-12-16T21:24:16.000Z,0001526111,S,2494.0,167.89,418717.66,0.0
0001045810-22-000187,2022-12-16T21:23:56.000Z,,-,,,,
0001045810-22-000186,2022-12-16T21:23:39.000Z,,-,,,,
0001045810-22-000185,2022-12-16T21:23:19.000Z,,-,,,,
0001045810-22-000184,2022-12-16T21:22:54.000Z,,-,,,,
0001045810-22-000177,2022-12-14T23:29:16.000Z,,-,,,,
0001045810-22-000175,2022-12-09T22:29:13.000Z,,-,,,,
0001045810-22-000173,2022-12-01T22:36:34.000Z,,-,,,,
0001045810-22-000171,2022-11-22T21:23:10.000Z,,-,,,,
0001045810-22-000170,2022-11-22T21:22:48.000Z,,-,,,,
0001818224-22-000001,2022-11-22T21:15:44.000Z,0001818224,S,495.0,151.11,74799.45000000001,0.0
0001199039-22-000004,2022-10-17T21:51:03.000Z,0001199039,S,87500.0,0.0,0.0,0.0
0001045810-22-000160,2022-10-13T23:10:48.000Z,0001199039,S,53269.0,0.0,0.0,0.0
0001045810-22-000160,2022-10-13T23:10:48.000Z,0001199039,S,31731.0,0.0,0.0,0.0
0001045810-22-000159,2022-10-13T23:10:29.000Z,,-,,,,
